repository	original_path	corpus_path	title	documentclass	classification	word_count
8b-is/8b-public-documents	cinematic-reconstruction.tex	sources/8b-is/8b-public-documents/cinematic-reconstruction.tex	Cinematic Reconstruction [4pt] A Framework for Video Generation, Compression, and Diagnosis via Persistent World State	article	draft	23261
8b-is/8b-public-documents	working/formalism-interface.tex	sources/8b-is/8b-public-documents/working/formalism-interface.tex		article	draft	6791
8b-is/8b-public-documents	working/gesture_review.tex	sources/8b-is/8b-public-documents/working/gesture_review.tex	From Classifier to Inverse Engine: Gesture Recognition as Latent Embodied Semantic Reconstruction	article	draft	17567
8b-is/8b-public-documents	working/kes-cheatsheet.tex	sources/8b-is/8b-public-documents/working/kes-cheatsheet.tex		article	draft	1635
8b-is/8b-public-documents	working/propagative_reality.tex	sources/8b-is/8b-public-documents/working/propagative_reality.tex	Process, Projection, and Propagative Reality: Whiteheadian Occasions, RSVP Fields, and the Geometry of Recursive Stabilization	article	draft	8461
8b-is/8b-public-documents	working/silicon_cartography.tex	sources/8b-is/8b-public-documents/working/silicon_cartography.tex	Silicon Cartography Constraint-First Programming for Spatial Chips	article	draft	11804
peterlodri-sec/vim-philosophy	building-forth.tex	sources/peterlodri-sec/vim-philosophy/building-forth.tex	Building Forth from Spherepop Primitives: Stacks, Continuations, and Recursive Control	article	draft	3305
peterlodri-sec/vim-philosophy	papers/beyond-optimal-foraging/beyond-optimal-foraging.tex	sources/peterlodri-sec/vim-philosophy/papers/beyond-optimal-foraging/beyond-optimal-foraging.tex	Beyond Optimal Foraging	article	draft	12
standardgalactic/Centerfuge	essay/draft-01/monograph.tex	sources/standardgalactic/Centerfuge/essay/draft-01/monograph.tex	Polyglot Modular Computation via Sheaf Cohomology: A Monumental Categorical Treatise with Historical, Computational, and Epistemic Depth	book	draft	1844
standardgalactic/TARTAN	music/working/concrete_cracks_analysis.tex	sources/standardgalactic/TARTAN/music/working/concrete_cracks_analysis.tex		article	draft	5210
standardgalactic/TARTAN	reconstruction_stability.tex	sources/standardgalactic/TARTAN/reconstruction_stability.tex		article	draft	8425
standardgalactic/alphabet	Abstraction as Reduction.tex	sources/standardgalactic/alphabet/Abstraction as Reduction.tex	Abstraction as Reduction: A Unified Account of Evaluation, Structure, and Proof	article	draft	38914
standardgalactic/alphabet	Admissible Histories - draft 01.tex	sources/standardgalactic/alphabet/Admissible Histories - draft 01.tex	Admissible Histories: The Incongruent Neuron and the Ontological Structure of Error	article	draft	1154
standardgalactic/alphabet	Embodied Constraint.tex	sources/standardgalactic/alphabet/Embodied Constraint.tex	Embodied Constraint and Minimal Assembly: [0.5em] Articulation, Markedness, and the Economy of Stroke in the Arabic Script	article	draft	8934
standardgalactic/alphabet	Flower Wars - Draft 01.tex	sources/standardgalactic/alphabet/Flower Wars - Draft 01.tex		article	draft	4753
standardgalactic/alphabet	Flower Wars.tex	sources/standardgalactic/alphabet/Flower Wars.tex		article	draft	12084
standardgalactic/alphabet	Neural Commit Semantics - draft 01.tex	sources/standardgalactic/alphabet/Neural Commit Semantics - draft 01.tex	Neural Commit Semantics and the Algebraic Structure of Language	article	draft	3023
standardgalactic/alphabet	Never-Predict-Noise-draft-01.tex	sources/standardgalactic/alphabet/Never-Predict-Noise-draft-01.tex	Never Predict Noise: Manifold-Aligned Prediction as Generative Inference	article	draft	2245
standardgalactic/alphabet	Never-Predict-Noise-draft-02.tex	sources/standardgalactic/alphabet/Never-Predict-Noise-draft-02.tex	Never Predict Noise: Manifold-Aligned Prediction as Generative Inference	article	draft	7678
standardgalactic/alphabet	Spectacle Runtime - draft 01.tex	sources/standardgalactic/alphabet/Spectacle Runtime - draft 01.tex	Spectacle Runtime and the Compression of Meaning: Temporal Form, Social Media, and the Reformatting of Collective Belief [0.5em] A Study in Media Ecology and Epistemic Architecture	article	draft	7455
standardgalactic/alphabet	The Ecology of Neoteny - draft 02.tex	sources/standardgalactic/alphabet/The Ecology of Neoteny - draft 02.tex		article	draft	5531
standardgalactic/alphabet	The Ecology of Neoteny - draft 03.tex	sources/standardgalactic/alphabet/The Ecology of Neoteny - draft 03.tex		article	draft	13628
standardgalactic/alphabet	The Ecology of Neoteny.tex	sources/standardgalactic/alphabet/The Ecology of Neoteny.tex		article	draft	6582
standardgalactic/alphabet	The Incoherence - draft 01.tex	sources/standardgalactic/alphabet/The Incoherence - draft 01.tex		article	draft	4362
standardgalactic/alphabet	The Incoherence.tex	sources/standardgalactic/alphabet/The Incoherence.tex		article	draft	4408
standardgalactic/alphabet	aphantasia/quantum-spherepop-draft-01.tex	sources/standardgalactic/alphabet/aphantasia/quantum-spherepop-draft-01.tex	SpherePop: The RSVP Field in Complex Phase Space	article	draft	2070
standardgalactic/alphabet	document/civic_simulator.tex	sources/standardgalactic/alphabet/document/civic_simulator.tex	Civilizations as Hypotheses Simulation, Repair, and the Architecture of Admissible Futures	article	draft	7223
standardgalactic/alphabet	document/draft/autoregression.tex	sources/standardgalactic/alphabet/document/draft/autoregression.tex	AI Minds Decoded: The Math Linking Brains and Machines	article	draft	2522
standardgalactic/alphabet	economics/Scalar-Extraction-v02.tex	sources/standardgalactic/alphabet/economics/Scalar-Extraction-v02.tex	Scalar Extraction in Platform Capitalism: A Field-Theoretic, Economic, and Algorithmic Theory of Extractive Social Networks and Their Non-Extractive Redesign	article	draft	2348
standardgalactic/alphabet	essay/draft-01/monograph.tex	sources/standardgalactic/alphabet/essay/draft-01/monograph.tex	Mind at Work: Detecting Agency through Assembly and Action	article	draft	8912
standardgalactic/alphabet	essay/draft-02/monograph.tex	sources/standardgalactic/alphabet/essay/draft-02/monograph.tex	Mind at Work: Detecting Agency through Assembly and Action	article	draft	4827
standardgalactic/alphabet	essay/draft-03/monograph.tex	sources/standardgalactic/alphabet/essay/draft-03/monograph.tex	Mind at Work: Detecting Agency through Assembly and Action	article	draft	12763
standardgalactic/alphabet	essay/drafts/mind_at_work.tex	sources/standardgalactic/alphabet/essay/drafts/mind_at_work.tex	Mind at Work: Detecting Agentic Intelligence through the Effective Assembly Index and Praxicon Framework	article	draft	1128
standardgalactic/alphabet	essay/drafts/monograph (5).tex	sources/standardgalactic/alphabet/essay/drafts/monograph (5).tex	Mind at Work: Detecting Agency through Assembly and Action	article	draft	2453
standardgalactic/alphabet	essay/drafts/monograph (6).tex	sources/standardgalactic/alphabet/essay/drafts/monograph (6).tex	Mind at Work: Detecting Agency through Assembly and Action	article	draft	3439
standardgalactic/alphabet	essay/drafts/monograph (7).tex	sources/standardgalactic/alphabet/essay/drafts/monograph (7).tex	Mind at Work: Detecting Agency through Assembly and Action	article	draft	2058
standardgalactic/alphabet	essay/drafts/monograph (8).tex	sources/standardgalactic/alphabet/essay/drafts/monograph (8).tex	Mind at Work: Detecting Agency through Assembly and Action	article	draft	8913
standardgalactic/alphabet	example/draft/recursive-continuation.tex	sources/standardgalactic/alphabet/example/draft/recursive-continuation.tex	Recursive Continuation Autopoiesis, Sympoiesis, and the Compression of Self-Modification	article	draft	11508
standardgalactic/alphabet	example/recursive-continuation.tex	sources/standardgalactic/alphabet/example/recursive-continuation.tex	Recursive Continuation Autopoiesis, Sympoiesis, and the Compression of Self-Modification	article	draft	18960
standardgalactic/alphabet	framework/beyond_prediction_error.tex	sources/standardgalactic/alphabet/framework/beyond_prediction_error.tex	Beyond Prediction Error: Toward an Ecological and Topological Theory of Cognition	report	draft	20836
standardgalactic/alphabet	framework/drafts/everything_is_a_clipboard.tex	sources/standardgalactic/alphabet/framework/drafts/everything_is_a_clipboard.tex		book	draft	28676
standardgalactic/alphabet	framework/everything_is_a_clipboard.tex	sources/standardgalactic/alphabet/framework/everything_is_a_clipboard.tex		book	draft	31639
standardgalactic/alphabet	monograph/essay.tex	sources/standardgalactic/alphabet/monograph/essay.tex	Consciousness as Gait: The RSVP--CPG Framework for Cyclical Cognition, Memory, and Sleep	article	draft	15546
standardgalactic/alphabet	physics/cosmology/admissible-geometry-v0.tex	sources/standardgalactic/alphabet/physics/cosmology/admissible-geometry-v0.tex	% Admissibility Geometry and the MOND Transition [0.4em] Reconstruction Obstruction as an Alternative to Dark Matter	article	draft	10765
standardgalactic/alphabet	physics/cosmology/admissible-geometry-v1.tex	sources/standardgalactic/alphabet/physics/cosmology/admissible-geometry-v1.tex	% Admissibility Geometry and the MOND Transition [0.4em] Reconstruction Obstruction as an Alternative to Dark Matter	article	draft	13462
standardgalactic/alphabet	physics/cosmology/admissible-geometry.tex	sources/standardgalactic/alphabet/physics/cosmology/admissible-geometry.tex	% Admissibility Geometry and the MOND Transition [0.4em] Reconstruction Obstruction as an Alternative to Dark Matter	article	draft	16150
standardgalactic/alphabet	physics/processing/univalent-photonics.tex	sources/standardgalactic/alphabet/physics/processing/univalent-photonics.tex	Univalent Photonics 0.5em Coherence, Transport, and Admissibility Geometry	book	draft	15353
standardgalactic/alphabet	physics/univalent-photonics.tex	sources/standardgalactic/alphabet/physics/univalent-photonics.tex	Univalent Photonics 0.5em Coherence, Transport, and Admissibility Geometry	book	draft	15353
standardgalactic/alphabet	processing/Abstraction as Reduction.tex	sources/standardgalactic/alphabet/processing/Abstraction as Reduction.tex	Abstraction as Reduction: A Unified Account of Evaluation, Structure, and Proof	article	draft	38914
standardgalactic/alphabet	processing/Bootstrapping Utopia.tex	sources/standardgalactic/alphabet/processing/Bootstrapping Utopia.tex	Bootstrapping Utopia 0.5em A Constraint-First Blueprint for Civilizational Persistence	book	draft	33959
standardgalactic/alphabet	processing/SITH Theory - draft 01.tex	sources/standardgalactic/alphabet/processing/SITH Theory - draft 01.tex	Substrate Independent Thinking Hypothesis (SITH): Life, Meaning, and the Autocatalytic Closure of Information	article	draft	7647
standardgalactic/alphabet	processing/SITH Theory - draft 02.tex	sources/standardgalactic/alphabet/processing/SITH Theory - draft 02.tex	Substrate Independent Thinking Hypothesis (SITH): Life, Meaning, and the Autocatalytic Closure of Information	article	draft	8146
standardgalactic/alphabet	processing/abstraction-draft-04.tex	sources/standardgalactic/alphabet/processing/abstraction-draft-04.tex	Abstraction as Reduction: Philosophical Version	article	draft	5475
standardgalactic/alphabet	projects/processing/draft-01.tex	sources/standardgalactic/alphabet/projects/processing/draft-01.tex	MAGI and the Geometry of Learning: A Stratified Riemannian Framework Extending SGDM	article	draft	8049
standardgalactic/alphabet	projects/processing/draft-02.tex	sources/standardgalactic/alphabet/projects/processing/draft-02.tex	MAGI as a Geometric Generalization of Momentum-Based Optimization	article	draft	6665
standardgalactic/alphabet	working/attention-essay.tex	sources/standardgalactic/alphabet/working/attention-essay.tex	The Coordinate-System Error: Misdiagnosis in the Theories of Attention, Efficiency, and Technological Progress	article	draft	12559
standardgalactic/alphabet	working/constraint-propagation.tex	sources/standardgalactic/alphabet/working/constraint-propagation.tex	Propagating Constraint Fields and Dynamic Structural Redistribution: Toward a Field-Theoretic Interpretation of Neural Heterogeneity and Collective Cell Migration	article	draft	14587
standardgalactic/alphabet	working/de-architechtura.tex	sources/standardgalactic/alphabet/working/de-architechtura.tex		memoir	draft	5172
standardgalactic/alphabet	working/drafts/constraint-propagation.tex	sources/standardgalactic/alphabet/working/drafts/constraint-propagation.tex	Propagating Constraint Fields and Dynamic Structural Redistribution: Toward a Field-Theoretic Interpretation of Neural Heterogeneity and Collective Cell Migration	article	draft	10584
standardgalactic/alphabet	working/drafts/function_survives_collapse.tex	sources/standardgalactic/alphabet/working/drafts/function_survives_collapse.tex	Function Survives Collapse [0.4em] Admissibility, Entropy Flow, and the Geometry of Persistent Computation	article	draft	19608
standardgalactic/alphabet	working/function_survives_collapse.tex	sources/standardgalactic/alphabet/working/function_survives_collapse.tex	Function Survives Collapse [0.4em] Admissibility, Entropy Flow, and the Geometry of Persistent Computation	article	draft	28586
standardgalactic/animal-social	background/reachability.tex	sources/standardgalactic/animal-social/background/reachability.tex		article	draft	9590
standardgalactic/animal-social	reachability.tex	sources/standardgalactic/animal-social/reachability.tex		article	draft	9590
standardgalactic/antivenom	Aesthetic Saturation.tex	sources/standardgalactic/antivenom/Aesthetic Saturation.tex	Aesthetic Saturation and the Erosion of Voluntary Attention in Algorithmic Social Media	article	draft	5303
standardgalactic/antivenom	Against Namespace Laundering - draft 01.tex	sources/standardgalactic/antivenom/Against Namespace Laundering - draft 01.tex	Against Namespace Laundering	article	draft	4736
standardgalactic/antivenom	Against Namespace Laundering - draft 02.tex	sources/standardgalactic/antivenom/Against Namespace Laundering - draft 02.tex	Against Namespace Laundering	article	draft	9442
standardgalactic/antivenom	Induced Homogeneity.tex	sources/standardgalactic/antivenom/Induced Homogeneity.tex	Induced Homogeneity Aspirational Pages and the Collapse of Meaning Under Engagement Optimization	article	draft	9206
standardgalactic/antivenom	active-inference/surprise-minimization-draft-01.tex	sources/standardgalactic/antivenom/active-inference/surprise-minimization-draft-01.tex	Complexity-Weighted Surprise Minimization as a Variational Field Theory: Continuous, Functional-Analytic, and Information-Geometric Foundations	article	draft	6664
standardgalactic/antivenom	diatribe - draft 01.tex	sources/standardgalactic/antivenom/diatribe - draft 01.tex	Facebook and the Degradation of Social Reality: Advertising, Attention, and Structural Harm	article	draft	2294
standardgalactic/antivenom	essay/admissibility_groupoids.tex	sources/standardgalactic/antivenom/essay/admissibility_groupoids.tex	Admissibility and the Structure of Physical Symmetry: From Groups to Groupoids	article	draft	6945
standardgalactic/antivenom	essay/draft-01/monograph.tex	sources/standardgalactic/antivenom/essay/draft-01/monograph.tex	Divided We Stand: RSVP and the Limits of Coherence in AI Safety	article	draft	1524
standardgalactic/antivenom	event-history-draft-01.tex	sources/standardgalactic/antivenom/event-history-draft-01.tex	The Deliberate Collapse of Cognitive Multiplicity: Event-Driven Intelligence, Spherepop, and the Reckless Design of Big Tech Interfaces	article	draft	3051
standardgalactic/antivenom	event-history-draft-02.tex	sources/standardgalactic/antivenom/event-history-draft-02.tex	The Deliberate Collapse of Cognitive Multiplicity: Event-Driven Intelligence, Spherepop, and the Reckless Design of Big Tech Interfaces	article	draft	20014
standardgalactic/antivenom	opinion/Aesthetic Saturation.tex	sources/standardgalactic/antivenom/opinion/Aesthetic Saturation.tex	Aesthetic Saturation and the Erosion of Voluntary Attention in Algorithmic Social Media	article	draft	5303
standardgalactic/antivenom	resources/processing/draft/plenumhub-polyxan.tex	sources/standardgalactic/antivenom/resources/processing/draft/plenumhub-polyxan.tex	PlenumHub / Polyxan Toward a Source-First Publishing Substrate	article	draft	11417
standardgalactic/antivenom	resources/processing/in_progress/draft/main.tex	sources/standardgalactic/antivenom/resources/processing/in_progress/draft/main.tex		book	draft	66
standardgalactic/antivenom	rhetoric/Friction as Inoculation - Draft 01.tex	sources/standardgalactic/antivenom/rhetoric/Friction as Inoculation - Draft 01.tex	Friction as Inoculation: Holistic Training Under Bounded Difficulty	article	draft	8337
standardgalactic/antivenom	rhetoric/Friction as Inoculation - Draft 02.tex	sources/standardgalactic/antivenom/rhetoric/Friction as Inoculation - Draft 02.tex	Friction as Inoculation: [4pt] Null Preservation, Bounded Difficulty, [2pt] and the Architecture of Cognitive Resilience	article	draft	6353
standardgalactic/arabic-flashcards	protocol-zero-draft-01.tex	sources/standardgalactic/arabic-flashcards/protocol-zero-draft-01.tex	PROTOCOL ZERO [6pt] The Algorithmic Deconstruction of Arabic [2pt] A Manifesto in Ten Lectures	article	draft	791
standardgalactic/arabic-flashcards	protocol-zero.tex	sources/standardgalactic/arabic-flashcards/protocol-zero.tex	PROTOCOL ZERO [6pt] The Algorithmic Deconstruction of Arabic [2pt] A Manifesto in Ten Lectures	article	draft	5564
standardgalactic/calculus	Calculus - main text - draft 01.tex	sources/standardgalactic/calculus/Calculus - main text - draft 01.tex	Calculus as the Geometry of Relationship and Controlled Change A Structural Textbook on Differential and Integral Theory	book	draft	24348
standardgalactic/calculus	baseline/computing_as_flow.tex	sources/standardgalactic/calculus/baseline/computing_as_flow.tex	Flow Computing [0.4em] Wavefronts, Invocation, and the Logically Determined Workflow	article	draft	18038
standardgalactic/calculus	baseline/draft/computing_as_flow.tex	sources/standardgalactic/calculus/baseline/draft/computing_as_flow.tex	Flow Computing [0.4em] Wavefronts, Invocation, and the Logically Determined Workflow	article	draft	14228
standardgalactic/calculus	processing/economics-of-irreversibility.tex	sources/standardgalactic/calculus/processing/economics-of-irreversibility.tex	The Economics of Irreversibility [0.3em] From Event Cost to Historical Field: Three Scales of a Single Quantity	article	draft	4446
standardgalactic/calculus	working/Identity_After_Collapse.tex	sources/standardgalactic/calculus/working/Identity_After_Collapse.tex		amsbook	draft	23754
standardgalactic/calculus	working/attention-essay.tex	sources/standardgalactic/calculus/working/attention-essay.tex	The Coordinate-System Error: Misdiagnosis in the Theories of Attention, Efficiency, and Technological Progress	article	draft	12559
standardgalactic/computation	abstraction/flyxion_atlas.tex	sources/standardgalactic/computation/abstraction/flyxion_atlas.tex	% The Flyxion Dependency Atlas [0.4em] Definitions, Theorems, Machinery, Applications, and Equivalence Candidates Across the Corpus	article	draft	6588
standardgalactic/computation	abstraction/volume_zero.tex	sources/standardgalactic/computation/abstraction/volume_zero.tex	% Volume 0 [0.5em] Consistency Document [0.3em] Canonical Symbols, Proof Sketches, Equivalence Briefs, and the Master Claim Formalization [1em] Fifteen-Volume Curriculum --- Pre-Publication Archive	book	draft	6531
standardgalactic/computation	histories-become-operators.tex	sources/standardgalactic/computation/histories-become-operators.tex	Histories Become Operators: Biological Notes on Retained Admissibility	article	draft	5570
standardgalactic/computation	monotonic-continuation.tex	sources/standardgalactic/computation/monotonic-continuation.tex	Monotonic Continuation: Intelligence Across Unequal Timescales	article	draft	9922
standardgalactic/computation	processing/draft/generative_continuation_geometry.tex	sources/standardgalactic/computation/processing/draft/generative_continuation_geometry.tex	Generative Continuation Geometry [0.3em] Working Draft	report	draft	8073
standardgalactic/computation	processing/histories-become-operators.tex	sources/standardgalactic/computation/processing/histories-become-operators.tex	Histories Become Operators: Biological Notes on Retained Admissibility	article	draft	5570
standardgalactic/computation	processing/monotonic-continuation.tex	sources/standardgalactic/computation/processing/monotonic-continuation.tex	Monotonic Continuation: Intelligence Across Unequal Timescales	article	draft	9922
standardgalactic/computation	version-control/git-series-plan.tex	sources/standardgalactic/computation/version-control/git-series-plan.tex	Learn to Reason About History [0.3em] A Seven-Volume Git Curriculum [0.3em] Series Plan and Chapter Outlines	book	draft	9437
standardgalactic/cosmology	working/admissibility-interface.tex	sources/standardgalactic/cosmology/working/admissibility-interface.tex	Quadratic Gravity as a Derived Interface Theory: Admissibility Manifolds, Projection Geometry, and the Emergence of Observable Physics	article	draft	14790
standardgalactic/cosmology	working/distinction-geometry-core.tex	sources/standardgalactic/cosmology/working/distinction-geometry-core.tex	Distinction Geometry: Projection, Reconstruction Defect, and the Interface-Native Metric [0.5em] Mathematical Core	article	draft	7895
standardgalactic/cosmology	working/flyxion-frameworks.tex	sources/standardgalactic/cosmology/working/flyxion-frameworks.tex		book	draft	13037
standardgalactic/cosmology	working/resource-geometry.tex	sources/standardgalactic/cosmology/working/resource-geometry.tex	Computation, Constraint, and Resource Geometry in the Flash--Reluctance Engine	article	draft	7084
standardgalactic/diagnostic-coordinates	monograph.tex	sources/standardgalactic/diagnostic-coordinates/monograph.tex	Executable Diagnostic Coordinates: A Reference Implementation of the Repair-Warrant Objective	article	draft	2142
standardgalactic/gamma-waves	essay/processing/draft-01/essay.tex	sources/standardgalactic/gamma-waves/essay/processing/draft-01/essay.tex	The RSVP Treatise: Semantic Infrastructure and Modular Computation in an Entropy-Respecting Universe	article	draft	8127
standardgalactic/gamma-waves	essay/processing/draft-02/essay.tex	sources/standardgalactic/gamma-waves/essay/processing/draft-02/essay.tex	The RSVP Treatise: Semantic Infrastructure and Modular Computation in an Entropy-Respecting Universe	article	draft	9018
standardgalactic/gamma-waves	monograph/draft-01/monograph.tex	sources/standardgalactic/gamma-waves/monograph/draft-01/monograph.tex	Master Portfolio: Interdisciplinary Projects in Physics, Computation, and Semantics	memoir	draft	3987
standardgalactic/gamma-waves	monograph/draft-02/monograph.tex	sources/standardgalactic/gamma-waves/monograph/draft-02/monograph.tex	Master Portfolio: Interdisciplinary Projects in Physics, Computation, and Semantics	memoir	draft	3869
standardgalactic/gamma-waves	monograph/draft-03/monograph.tex	sources/standardgalactic/gamma-waves/monograph/draft-03/monograph.tex	Master Portfolio: Interdisciplinary Projects in Physics, Computation, and Semantics	memoir	draft	4129
standardgalactic/gamma-waves	monograph/draft-04/monograph.tex	sources/standardgalactic/gamma-waves/monograph/draft-04/monograph.tex	Master Portfolio: Interdisciplinary Projects in Physics, Computation, and Semantics	memoir	draft	5954
standardgalactic/gamma-waves	projects/draft-01/essay.tex	sources/standardgalactic/gamma-waves/projects/draft-01/essay.tex	Functorial Integration of Bennett's Mechanistic AI Model into RSVP Theory: From Non-Diverging Gr"uneisen Parameters to Self-Aware Agents	article	draft	1519
standardgalactic/gamma-waves	projects/draft-02/essay.tex	sources/standardgalactic/gamma-waves/projects/draft-02/essay.tex	From RSVP Fields to Mechanistic Self-Aware Machines	article	draft	2469
standardgalactic/gamma-waves	projects/draft-03/essay.tex	sources/standardgalactic/gamma-waves/projects/draft-03/essay.tex	Functorial Integration of Bennett's Mechanistic AI Model into RSVP Theory: From Non-Diverging Gr\"uneisen Parameters to Self-Aware Agents	article	draft	2962
standardgalactic/gamma-waves	projects/draft-04/essay.tex	sources/standardgalactic/gamma-waves/projects/draft-04/essay.tex	From RSVP Fields to Mechanistic Self-Aware Machines	article	draft	2985
standardgalactic/gamma-waves	projects/draft-05/essay.tex	sources/standardgalactic/gamma-waves/projects/draft-05/essay.tex	From RSVP Fields to Mechanistic Self-Aware Machines	article	draft	2989
standardgalactic/haplopraxis	under-construction/developmental-opacity.tex	sources/standardgalactic/haplopraxis/under-construction/developmental-opacity.tex	Developmental Opacity	article	draft	3469
standardgalactic/human	projects/textbot.tex	sources/standardgalactic/human/projects/textbot.tex	Constraint Before Image [0.5em] A Text Physics Engine for Semantic Analysis and Multi-Modal Projection	article	draft	8127
standardgalactic/human	projects/zebra-architecture.tex	sources/standardgalactic/human/projects/zebra-architecture.tex	Zebra: Distributed Semantic Infrastructure and the Functorial Realization of Text as Collaborative Media	article	draft	6809
standardgalactic/kitbash	asymptotic_safety.tex	sources/standardgalactic/kitbash/asymptotic_safety.tex	Constraints of Asymptotically Safe Quantum Gravity on Scalar-Tensor Theories and Cosmic Strings	article	draft	17056
standardgalactic/kitbash	cosmology/Axial Holonomy - draft 01.tex	sources/standardgalactic/kitbash/cosmology/Axial Holonomy - draft 01.tex	Axial Holonomy and Visibility-Weighted Coherence: Cosmic Birefringence in the Relativistic Scalar--Vector Plenum	article	draft	10407
standardgalactic/kitbash	cosmology/Axial Holonomy - draft 02.tex	sources/standardgalactic/kitbash/cosmology/Axial Holonomy - draft 02.tex	Axial Holonomy and Visibility-Weighted Coherence: [4pt] Cosmic Birefringence in the Relativistic Scalar--Vector Plenum	article	draft	4934
standardgalactic/kitbash	cosmology/Axial Holonomy - draft 03.tex	sources/standardgalactic/kitbash/cosmology/Axial Holonomy - draft 03.tex	Axial Holonomy and Visibility-Weighted Coherence: [4pt] Cosmic Birefringence in the Relativistic Scalar--Vector Plenum	article	draft	7782
standardgalactic/kitbash	cosmology/asymptotic_safety.tex	sources/standardgalactic/kitbash/cosmology/asymptotic_safety.tex	Constraints of Asymptotically Safe Quantum Gravity on Scalar-Tensor Theories and Cosmic Strings	article	draft	17056
standardgalactic/kitbash	cosmology/essay/draft-01/essay.tex	sources/standardgalactic/kitbash/cosmology/essay/draft-01/essay.tex	Roads Not Taken: Encoding Ratchets in Cinema, Computation, and Cosmology	book	draft	12420
standardgalactic/kitbash	cosmology/working/draft-03/incompleteness.tex	sources/standardgalactic/kitbash/cosmology/working/draft-03/incompleteness.tex	Incompleteness, Null Signals, and the Cosmological Plenum	article	draft	3523
standardgalactic/kitbash	cosmology/working/draft-04/incompleteness.tex	sources/standardgalactic/kitbash/cosmology/working/draft-04/incompleteness.tex	Incompleteness, Null Signals, and the Cosmological Plenum	article	draft	4026
standardgalactic/kitbash	cosmology/working/draft-05/incompleteness.tex	sources/standardgalactic/kitbash/cosmology/working/draft-05/incompleteness.tex	Incompleteness, Null Signals, and the Cosmological Plenum	article	draft	1551
standardgalactic/kitbash	draft/geometry-as-computational-infrastructure.tex	sources/standardgalactic/kitbash/draft/geometry-as-computational-infrastructure.tex	Orthodromic Infrastructure Blueprint [0.5em] A Long-Term Architectural Specification for Civil Convergence	book	draft	25393
standardgalactic/kitbash	economics/essay.tex	sources/standardgalactic/kitbash/economics/essay.tex	Recursive Futarchy	article	draft	9989
standardgalactic/kitbash	essay/draft-01/paper.tex	sources/standardgalactic/kitbash/essay/draft-01/paper.tex	Entropic Paradoxes in Big Tech Critique: A Formal Analysis Through the RSVP Framework	article	draft	1643
standardgalactic/kitbash	essay/draft-02/paper.tex	sources/standardgalactic/kitbash/essay/draft-02/paper.tex	Entropic Paradoxes in Big Tech Critique: A Formal Analysis Through the RSVP Framework	article	draft	1881
standardgalactic/kitbash	essay/draft-03/paper.tex	sources/standardgalactic/kitbash/essay/draft-03/paper.tex	Entropic Paradoxes in Big Tech Critique: A Formal Analysis Through the RSVP Framework	article	draft	2712
standardgalactic/kitbash	operations/essay-02/draft-01.tex	sources/standardgalactic/kitbash/operations/essay-02/draft-01.tex	The Role of Silence in Knowledge Systems	article	draft	4386
standardgalactic/kitbash	operations/essay-02/draft-02.tex	sources/standardgalactic/kitbash/operations/essay-02/draft-02.tex	The Role of Silence in Knowledge Systems	article	draft	3713
standardgalactic/kitbash	operations/essay-02/draft-03.tex	sources/standardgalactic/kitbash/operations/essay-02/draft-03.tex	The Role of Silence in Knowledge Systems	article	draft	3402
standardgalactic/kitbash	operations/essay-03/draft-01/essay.tex	sources/standardgalactic/kitbash/operations/essay-03/draft-01/essay.tex	Chokepoint Capitalism in Knowledge Infrastructures: An RSVP-Theoretic Analysis	article	draft	2878
standardgalactic/kitbash	paperbot/draft/paperbot-parliament.tex	sources/standardgalactic/kitbash/paperbot/draft/paperbot-parliament.tex	Paperbot Parliament: A Multi-Agent Framework for Distinction-Centered Document Analysis [0.6em] Concept, Formal Theory, Algorithm, and First Experimental Run	article	draft	5301
standardgalactic/kitbash	physics/constraint-accumulation-draft-01.tex	sources/standardgalactic/kitbash/physics/constraint-accumulation-draft-01.tex	Time as Irreversible Constraint Accumulation: An Event-Based Interpretation of Proper Time, Entropy, and Dissipative Structure	article	draft	2601
standardgalactic/kitbash	physics/working/RSVP_Study_Guide - incomplete.tex	sources/standardgalactic/kitbash/physics/working/RSVP_Study_Guide - incomplete.tex	RSVP Study Guide: A Comprehensive Framework for Relativistic Scalar Vector Plenum	report	draft	7501
standardgalactic/kitbash	physics/working/RSVP_Study_Guide.tex	sources/standardgalactic/kitbash/physics/working/RSVP_Study_Guide.tex	RSVP Study Guide: A Comprehensive Framework for Relativistic Scalar Vector Plenum	report	draft	11782
standardgalactic/kitbash	physics/working/draft-01/RSVP_Study_Guide.tex	sources/standardgalactic/kitbash/physics/working/draft-01/RSVP_Study_Guide.tex	RSVP Study Guide: A Comprehensive Framework for Relativistic Scalar Vector Plenum	report	draft	5716
standardgalactic/kitbash	processing/Draft 1.tex	sources/standardgalactic/kitbash/processing/Draft 1.tex	The Politics of Oracle-Free Evaluation: Constraint, Generativity, and the Problem of Validation	article	draft	3716
standardgalactic/kitbash	processing/Draft 2.tex	sources/standardgalactic/kitbash/processing/Draft 2.tex	The Politics of Oracle-Free Evaluation: Constraint, Generativity, and the Problem of Validation	article	draft	3312
standardgalactic/kitbash	processing/Draft 3.tex	sources/standardgalactic/kitbash/processing/Draft 3.tex	The Politics of Oracle-Free Evaluation: Constraint, Generativity, and the Problem of Validation	article	draft	2352
standardgalactic/kitbash	research/essay/draft-01/thermal-infrastructure.tex	sources/standardgalactic/kitbash/research/essay/draft-01/thermal-infrastructure.tex	Entropy as Infrastructure: A Categorical and Bioeconomic Framework for Useful Computation as Heat, Semantic Merging, and Polycomputational Agency	article	draft	2399
standardgalactic/kitbash	research/essay/draft-03/thermal-infrastructure.tex	sources/standardgalactic/kitbash/research/essay/draft-03/thermal-infrastructure.tex	A Categorical and Bioeconomic Framework for Useful Computation as Heat, Semantic Merging, and Polycomputational Agency	article	draft	2187
standardgalactic/kitbash	research/math/draft-01/entropic-gravity.tex	sources/standardgalactic/kitbash/research/math/draft-01/entropic-gravity.tex	The Fall of Space: Entropic Relaxation and Structure Without Expansion in a Scalar-Vector Plenum	article	draft	1323
standardgalactic/kitbash	research/math/draft-02/entropic-gravity.tex	sources/standardgalactic/kitbash/research/math/draft-02/entropic-gravity.tex	The Fall of Space: Entropic Relaxation and Structure Without Expansion in a Scalar-Vector Plenum	article	draft	2028
standardgalactic/kitbash	research/math/draft-03/entropic-gravity.tex	sources/standardgalactic/kitbash/research/math/draft-03/entropic-gravity.tex	The Fall of Space: Entropic Relaxation and Structure Without Expansion in a Scalar-Vector Plenum	article	draft	1603
standardgalactic/kitbash	research/math/draft-04/entropic-gravity.tex	sources/standardgalactic/kitbash/research/math/draft-04/entropic-gravity.tex	The Fall of Space: Entropic Relaxation and Structure Without Expansion in a Scalar-Vector Plenum	article	draft	3867
standardgalactic/kitbash	research/math/draft-05/entropic-gravity.tex	sources/standardgalactic/kitbash/research/math/draft-05/entropic-gravity.tex	The Fall of Space: Entropic Relaxation and Structure Without Expansion in a Scalar-Vector Plenum	article	draft	4679
standardgalactic/kitbash	research/math/draft-06/entropic-gravity.tex	sources/standardgalactic/kitbash/research/math/draft-06/entropic-gravity.tex	The Fall of Space: Entropic Relaxation and Structure Without Expansion in a Scalar-Vector Plenum	article	draft	3949
standardgalactic/kitbash	research/psychology/draft-01/emotions.tex	sources/standardgalactic/kitbash/research/psychology/draft-01/emotions.tex	From Catharsis to Geometric Bayesianism: RSVP and the Demise of the Hydraulic Model	article	draft	725
standardgalactic/kitbash	research/psychology/draft-02/emotions.tex	sources/standardgalactic/kitbash/research/psychology/draft-02/emotions.tex	From Catharsis to Geometric Bayesianism: RSVP and the Demise of the Hydraulic Model of Emotion	article	draft	2345
standardgalactic/kitbash	research/working/draft-01/essay.tex	sources/standardgalactic/kitbash/research/working/draft-01/essay.tex	From Frailty and Waste to Informational Security: RSVP as a Foundation for Idea Routing and Civic Coherence	book	draft	11588
standardgalactic/kitbash	research/working/draft-02/essay.tex	sources/standardgalactic/kitbash/research/working/draft-02/essay.tex	From Frailty and Waste to Informational Security: RSVP as a Foundation for Idea Routing and Civic Coherence	book	draft	11003
standardgalactic/kitbash	research/working/essay.tex	sources/standardgalactic/kitbash/research/working/essay.tex	From Frailty and Waste to Informational Security: RSVP as a Foundation for Idea Routing and Civic Coherence	book	draft	10940
standardgalactic/kitbash	thesis/draft-01/thesis.tex	sources/standardgalactic/kitbash/thesis/draft-01/thesis.tex	Ledger and Junk: Opacity as the Condition of Generativity in Computational Systems	article	draft	3812
standardgalactic/kitbash	thesis/draft-02/thesis.tex	sources/standardgalactic/kitbash/thesis/draft-02/thesis.tex	Ledger and Junk: Opacity as the Condition of Generativity in Computational Systems	article	draft	4190
standardgalactic/kitbash	thesis/draft-03/thesis.tex	sources/standardgalactic/kitbash/thesis/draft-03/thesis.tex	Ledger and Junk: Opacity as the Condition of Generativity in Computational Systems	article	draft	4337
standardgalactic/kitbash	thesis/thesis.tex	sources/standardgalactic/kitbash/thesis/thesis.tex	Ledger and Junk: Opacity as the Condition of Generativity in Computational Systems	article	draft	4370
standardgalactic/kitbash	top-level-ontology-draft-01.tex	sources/standardgalactic/kitbash/top-level-ontology-draft-01.tex	Toward a Top-Level Ontology of Entropic Histories: A Scalar--Vector--Entropy Foundation for Ontology Engineering	article	draft	7169
standardgalactic/kitbash	top-level-ontology-draft-02.tex	sources/standardgalactic/kitbash/top-level-ontology-draft-02.tex	Toward a Top-Level Ontology of Entropic Histories: A Scalar--Vector--Entropy Foundation for Ontology Engineering	article	draft	10118
standardgalactic/library	Identity as Namespace - draft 01.tex	sources/standardgalactic/library/Identity as Namespace - draft 01.tex	Identity as Namespace: Entropy, Reputation, and Metric Collapse in Platform Architectures	article	draft	967
standardgalactic/library	astrophysics/time/draft-01/entropic-smoothing.tex	sources/standardgalactic/library/astrophysics/time/draft-01/entropic-smoothing.tex	Entropic Smoothing and Relational Geodesics: A Sheaf--Functor Equivalence between RSVP Field Dynamics and Barbour's Configuration Space	article	draft	2542
standardgalactic/library	astrophysics/time/draft-02/entropic-smoothing.tex	sources/standardgalactic/library/astrophysics/time/draft-02/entropic-smoothing.tex	Entropic Smoothing and Relational Geodesics: A Sheaf--Functor Equivalence between RSVP Field Dynamics and Barbour's Configuration Space	article	draft	7683
standardgalactic/library	essay/draft-01.tex	sources/standardgalactic/library/essay/draft-01.tex	The Bicameral Illusion: Spectral Attractors and Autoregressive Cognition	article	draft	12541
standardgalactic/library	essay/essay.tex	sources/standardgalactic/library/essay/essay.tex	The Bicameral Illusion: Spectral Attractors and Autoregressive Cognition	article	draft	13891
standardgalactic/library	geology/draft-01/paper.tex	sources/standardgalactic/library/geology/draft-01/paper.tex	Planetary Autocatalysis: Hierarchical Selection, Entropy Fields, and the Emergence of Complexity	book	draft	6092
standardgalactic/library	geology/draft-02/paper.tex	sources/standardgalactic/library/geology/draft-02/paper.tex	Planetary Autocatalysis: Hierarchical Selection, Entropy Fields, and the Emergence of Complexity	book	draft	6093
standardgalactic/library	geology/draft-03/paper.tex	sources/standardgalactic/library/geology/draft-03/paper.tex	Planetary Autocatalysis: Hierarchical Selection, Entropy Fields, and the Emergence of Complexity	book	draft	6666
standardgalactic/library	monograph/draft-01/monograph.tex	sources/standardgalactic/library/monograph/draft-01/monograph.tex	User Friendliness as an Ecological Danger: The Predatory Enshittification of Digital Interfaces	book	draft	5931
standardgalactic/library	monograph/draft-02/monograph.tex	sources/standardgalactic/library/monograph/draft-02/monograph.tex	User Friendliness as an Ecological Danger: The Predatory Enshittification of Digital Interfaces	book	draft	5935
standardgalactic/library	monograph/draft-03/monograph.tex	sources/standardgalactic/library/monograph/draft-03/monograph.tex	User Friendliness as an Ecological Danger: The Predatory Enshittification of Digital Interfaces	book	draft	4240
standardgalactic/library	monograph/draft-04/monograph.tex	sources/standardgalactic/library/monograph/draft-04/monograph.tex	User Friendliness as an Ecological Danger: The Predatory Enshittification of Digital Interfaces	book	draft	4147
standardgalactic/library	monograph/draft-05/monograph.tex	sources/standardgalactic/library/monograph/draft-05/monograph.tex	User Friendliness as an Ecological Danger: The Predatory Enshittification of Digital Interfaces	book	draft	4432
standardgalactic/library	monograph/draft-06/monograph.tex	sources/standardgalactic/library/monograph/draft-06/monograph.tex	User Friendliness as an Ecological Danger: The Predatory Enshittification of Digital Interfaces	book	draft	6862
standardgalactic/library	monograph/draft-07/monograph.tex	sources/standardgalactic/library/monograph/draft-07/monograph.tex	User Friendliness as an Ecological Danger: The Predatory Enshittification of Digital Interfaces	book	draft	5995
standardgalactic/library	monograph/draft-08/monograph.tex	sources/standardgalactic/library/monograph/draft-08/monograph.tex	User Friendliness as an Ecological Danger: The Predatory Enshittification of Digital Interfaces	book	draft	5995
standardgalactic/library	monograph/draft-09/monograph.tex	sources/standardgalactic/library/monograph/draft-09/monograph.tex	User Friendliness as an Ecological Danger: The Predatory Enshittification of Digital Interfaces	book	draft	6799
standardgalactic/library	physics/energy_as_contradiction.tex	sources/standardgalactic/library/physics/energy_as_contradiction.tex	% A Monograph on Constraint, Displacement, and the Structure of Physical Reality [1.5ex] Energy as Contradiction [1ex] Constraint Propagation, the Mortality of Resolution, and the Ontology of Unfinished Physics	book	draft	34368
standardgalactic/library	physics/monograph/draft-01/essay.tex	sources/standardgalactic/library/physics/monograph/draft-01/essay.tex	Reflexive Field Dynamics: A Lagrangian Theory of Mind	book	draft	2683
standardgalactic/library	physics/monograph/draft-02/essay.tex	sources/standardgalactic/library/physics/monograph/draft-02/essay.tex	Reflexive Field Dynamics: A Lagrangian Theory of Mind	book	draft	3384
standardgalactic/library	pipeline/monograph - draft 01.tex	sources/standardgalactic/library/pipeline/monograph - draft 01.tex	Extrapolated Riemannian Curvature of Semantic Manifolds	article	draft	6332
standardgalactic/library	pipeline/monograph - draft 02.tex	sources/standardgalactic/library/pipeline/monograph - draft 02.tex	Extrapolated Riemannian Curvature of Semantic Manifolds	article	draft	9857
standardgalactic/library	pipeline/monograph - draft 03.tex	sources/standardgalactic/library/pipeline/monograph - draft 03.tex	Extrapolated Riemannian Curvature of Semantic Manifolds	article	draft	3789
standardgalactic/library	pipeline/monograph - draft 04.tex	sources/standardgalactic/library/pipeline/monograph - draft 04.tex	Extrapolated Riemannian Curvature of Semantic Manifolds	article	draft	5323
standardgalactic/library	processing/The Coordination Engine - draft 01.tex	sources/standardgalactic/library/processing/The Coordination Engine - draft 01.tex	The Coordination Engine Civilization as an Error-Correcting System	article	draft	16408
standardgalactic/library	processing/The Coordination Engine - draft 02.tex	sources/standardgalactic/library/processing/The Coordination Engine - draft 02.tex	The Coordination Engine: Civilization as an Error-Correcting System	article	draft	9548
standardgalactic/library	resources/comparison-draft-01/geometric-memory.tex	sources/standardgalactic/library/resources/comparison-draft-01/geometric-memory.tex	Geometric Memory as Trajectory Influence on a Generative Substrate	article	draft	1924
standardgalactic/library	resources/comparison-draft-02/geometric-memory.tex	sources/standardgalactic/library/resources/comparison-draft-02/geometric-memory.tex	Geometric Memory as Trajectory Influence on a Generative Substrate	article	draft	4797
standardgalactic/library	resources/draft-01/geometric-memory.tex	sources/standardgalactic/library/resources/draft-01/geometric-memory.tex	Geometric Memory as Trajectory Influence on a Generative Substrate	article	draft	896
standardgalactic/library	vault/draft-01.tex	sources/standardgalactic/library/vault/draft-01.tex	CLIO: A Unified Architecture of Feeling, Cognition, and Coherence [6pt] Solmsian Affective Neuroscience, RSVP Field Theory, and Recursive Inference	memoir	draft	3531
standardgalactic/memory	building-forth.tex	sources/standardgalactic/memory/building-forth.tex	Building Forth from Spherepop Primitives: Stacks, Continuations, and Recursive Control	article	draft	3305
standardgalactic/memory	persistent-generative-worlds/main.tex	sources/standardgalactic/memory/persistent-generative-worlds/main.tex		book	draft	430
standardgalactic/paracosm	template.tex	sources/standardgalactic/paracosm/template.tex	RSVP Codex: The Zero Day Exploits Series Algebraic, Geometric, Categorical, and Sheaf-Theoretic Essays on the Plenum	book	draft	586
standardgalactic/research-projects	Aurora/gesture-before-symbol-draft.tex	sources/standardgalactic/research-projects/Aurora/gesture-before-symbol-draft.tex	Gesture Before Symbol: Recovering Latent Structure in Keyboard Input	article	draft	12076
standardgalactic/research-projects	Gallery Before Feed - draft 01.tex	sources/standardgalactic/research-projects/Gallery Before Feed - draft 01.tex	Gallery Before Feed: Why Engagement-Optimized Interfaces Destroy Coherence and How Merge-Aware Systems Restore Meaning	article	draft	7914
standardgalactic/research-projects	Gallery Before Feed.tex	sources/standardgalactic/research-projects/Gallery Before Feed.tex	Gallery Before Feed: Why Engagement-Optimized Interfaces Destroy Coherence and How Merge-Aware Systems Restore Meaning	article	draft	11437
standardgalactic/research-projects	Local Tractability and Global Dysfunction - draft 01.tex	sources/standardgalactic/research-projects/Local Tractability and Global Dysfunction - draft 01.tex	Local Tractability and Global Dysfunction Epistemic Efficiency, Institutional Ritual, and the Logic of Non-Intervention	article	draft	4999
standardgalactic/research-projects	Personal Superintelligence.tex	sources/standardgalactic/research-projects/Personal Superintelligence.tex	Personal Superintelligence and the Collapse of the Feed Algorithmic Coherence, Attention Economies, and the Loss of Public Sensemaking	article	draft	25595
standardgalactic/research-projects	PlenumHub/draft-01/monograph.tex	sources/standardgalactic/research-projects/PlenumHub/draft-01/monograph.tex	PlenumHub: A Homotopy–Coherent Substrate for Semantic Versioning, Proof-Carrying Merges, and Entropy-Laxed Knowledge Evolution	article	draft	700
standardgalactic/research-projects	RSVP-Monograph/RSVP-Theory.tex	sources/standardgalactic/research-projects/RSVP-Monograph/RSVP-Theory.tex	% The Relativistic Scalar--Vector Plenum Constraint, History, and Entropy in a Non-Expanding Universe	book	draft	24965
standardgalactic/research-projects	RSVP-Theory.tex	sources/standardgalactic/research-projects/RSVP-Theory.tex	% The Relativistic Scalar--Vector Plenum Constraint, History, and Entropy in a Non-Expanding Universe	book	draft	24965
standardgalactic/research-projects	The Ergonomics of Prediction - draft 01.tex	sources/standardgalactic/research-projects/The Ergonomics of Prediction - draft 01.tex	The Ergonomics of Prediction: Gesture, Ergodicity, and the Cost of Micro-Friction in Trace-based Keyboards	article	draft	3789
standardgalactic/research-projects	The Narrow Path.tex	sources/standardgalactic/research-projects/The Narrow Path.tex	The Narrow Path Between Domination and Chaos: Consent, Coordination, and Structural Control in the Age of Accelerating Intelligence	article	draft	20312
standardgalactic/research-projects	admissibility-lab/continuations_before_objects.tex	sources/standardgalactic/research-projects/admissibility-lab/continuations_before_objects.tex	Continuations Before Objects [0.6em] A Geometric Theory of Intelligent Persistence	book	draft	34875
standardgalactic/research-projects	analysis/github_developer_lifecycles-draft.tex	sources/standardgalactic/research-projects/analysis/github_developer_lifecycles-draft.tex	Developer Lifecycles and Language Ecosystem Dynamics on GitHub: A Large-Scale Analysis of a Follow Network	article	draft	4225
standardgalactic/research-projects	categorical-structure-of-alignment-v1.tex	sources/standardgalactic/research-projects/categorical-structure-of-alignment-v1.tex	The Categorical Structure of Alignment:\ Representation, Motivation, and the Preservation of Normative Invariants	article	draft	12997
standardgalactic/research-projects	epistemology/Spherepop-OS-extended.tex	sources/standardgalactic/research-projects/epistemology/Spherepop-OS-extended.tex	Spherepop OS: A Deterministic Semantic Operating System Formal Specification, Architectural Rationale, and Foundations of Pre-Linguistic Intelligence	article	draft	7641
standardgalactic/research-projects	epistemology/intelligence-as-structural-compression-draft-01.tex	sources/standardgalactic/research-projects/epistemology/intelligence-as-structural-compression-draft-01.tex	Intelligence as Structural Compression: A Theory of Mind Recognition via Effective Assembly	article	draft	3768
standardgalactic/research-projects	history/Evolutionary Development - draft 01.tex	sources/standardgalactic/research-projects/history/Evolutionary Development - draft 01.tex	Evolutionary Development in the Relativistic Scalar Vector Plenum: An Entropic Field Theory of Complex Systems	article	draft	6394
standardgalactic/research-projects	history/draft/repair-categories.tex	sources/standardgalactic/research-projects/history/draft/repair-categories.tex	Repair Categories and the Local Geometry of Continuation	article	draft	5725
standardgalactic/research-projects	intelligence/semantic-relaxation-networks.tex	sources/standardgalactic/research-projects/intelligence/semantic-relaxation-networks.tex		article	draft	17343
standardgalactic/research-projects	interpretability/Causal Mechanistic Interpretability - draft 01.tex	sources/standardgalactic/research-projects/interpretability/Causal Mechanistic Interpretability - draft 01.tex	Causal Mechanistic Interpretability: From Inspection to Event-Historical Structures, Two-Channel Mediation, and Resilience in Neural and Knowledge Systems	article	draft	994
standardgalactic/research-projects	interpretability/Event-Nodes and Texture-nodes - draft 01.tex	sources/standardgalactic/research-projects/interpretability/Event-Nodes and Texture-nodes - draft 01.tex	Event-Nodes and Texture-Nodes: Extending Causal Mechanistic Interpretability with Event-Historical Structure	article	draft	1212
standardgalactic/research-projects	interpretability/Two-Channel Causal Mediation - draft 01.tex	sources/standardgalactic/research-projects/interpretability/Two-Channel Causal Mediation - draft 01.tex	Two-Channel Causal Mediation: Event-Nodes, Texture-Nodes, and Irreversibility in Mechanistic Interpretability	article	draft	1189
standardgalactic/research-projects	major_projects/CrystalEconomy/cinematic-reconstruction-v1.tex	sources/standardgalactic/research-projects/major_projects/CrystalEconomy/cinematic-reconstruction-v1.tex	Cinematic Reconstruction [4pt] A Framework for Video Generation, Compression, and Diagnosis via Persistent World State	article	draft	11295
standardgalactic/research-projects	major_projects/CrystalEconomy/cinematic-reconstruction-v2.tex	sources/standardgalactic/research-projects/major_projects/CrystalEconomy/cinematic-reconstruction-v2.tex	Cinematic Reconstruction [4pt] A Framework for Video Generation, Compression, and Diagnosis via Persistent World State	article	draft	15590
standardgalactic/research-projects	major_projects/CrystalEconomy/cinematic-reconstruction-v3.tex	sources/standardgalactic/research-projects/major_projects/CrystalEconomy/cinematic-reconstruction-v3.tex	Cinematic Reconstruction [4pt] A Framework for Video Generation, Compression, and Diagnosis via Persistent World State	article	draft	17569
standardgalactic/research-projects	major_projects/CrystalEconomy/cinematic-reconstruction-v4.tex	sources/standardgalactic/research-projects/major_projects/CrystalEconomy/cinematic-reconstruction-v4.tex	Cinematic Reconstruction [4pt] A Framework for Video Generation, Compression, and Diagnosis via Persistent World State	article	draft	19935
standardgalactic/research-projects	major_projects/CrystalEconomy/cinematic-reconstruction-v5.tex	sources/standardgalactic/research-projects/major_projects/CrystalEconomy/cinematic-reconstruction-v5.tex	Cinematic Reconstruction [4pt] A Framework for Video Generation, Compression, and Diagnosis via Persistent World State	article	draft	22078
standardgalactic/research-projects	major_projects/CrystalEconomy/cinematic-reconstruction-v6.tex	sources/standardgalactic/research-projects/major_projects/CrystalEconomy/cinematic-reconstruction-v6.tex	Cinematic Reconstruction [4pt] A Framework for Video Generation, Compression, and Diagnosis via Persistent World State	article	draft	21798
standardgalactic/research-projects	major_projects/CrystalEconomy/cinematic-reconstruction-v7.tex	sources/standardgalactic/research-projects/major_projects/CrystalEconomy/cinematic-reconstruction-v7.tex	Cinematic Reconstruction [4pt] A Framework for Video Generation, Compression, and Diagnosis via Persistent World State	article	draft	23261
standardgalactic/research-projects	monograph/draft-02.tex	sources/standardgalactic/research-projects/monograph/draft-02.tex	Takeoff Trajectories in the Stars! RSVP Tech Tree Simulator: Implications for AI Alignment, Civilizational Scaling, and Morphogenetic Governance	article	draft	4251
standardgalactic/research-projects	monograph/draft-03.tex	sources/standardgalactic/research-projects/monograph/draft-03.tex	Takeoff Trajectories in the Stars! RSVP Tech Tree Simulator: Implications for AI Alignment, Civilizational Scaling, and Morphogenetic Governance	article	draft	4340
standardgalactic/research-projects	monograph/draft-04.tex	sources/standardgalactic/research-projects/monograph/draft-04.tex	Takeoff Trajectories in the Stars! RSVP Tech Tree Simulator: Implications for AI Alignment, Civilizational Scaling, and Morphogenetic Governance	article	draft	11243
standardgalactic/research-projects	photonics/drafts/bayesian-photonics.tex	sources/standardgalactic/research-projects/photonics/drafts/bayesian-photonics.tex		book	draft	8056
standardgalactic/research-projects	plenumhub_stage3/paper/main.tex	sources/standardgalactic/research-projects/plenumhub_stage3/paper/main.tex	PlenumHub — Semantic Plenum	article	draft	39
standardgalactic/research-projects	policy-selection/draft-01/monograph.tex	sources/standardgalactic/research-projects/policy-selection/draft-01/monograph.tex	Policy Selection in the Latent Action Space: A Unifying Theory of Thought, Inference, and Sparse Agency	article	draft	3413
standardgalactic/research-projects	policy-selection/draft-03/monograph-02.tex	sources/standardgalactic/research-projects/policy-selection/draft-03/monograph-02.tex	Policy Selection in the Latent Action Space: A Unifying Theory of Thought, Inference, and Sparse Agency	article	draft	6343
standardgalactic/research-projects	policy-selection/draft-03/monograph.tex	sources/standardgalactic/research-projects/policy-selection/draft-03/monograph.tex	Policy Selection in the Latent Action Space: A Unifying Theory of Thought, Inference, and Sparse Agency	article	draft	6374
standardgalactic/research-projects	polyxan-semantic-hyperstructure-draft.tex	sources/standardgalactic/research-projects/polyxan-semantic-hyperstructure-draft.tex	RSVP--Polyxan: A Unified Field Theory of Semantic Hyperstructures	article	draft	7687
standardgalactic/research-projects	rsvp-lab/trajectory_inference.tex	sources/standardgalactic/research-projects/rsvp-lab/trajectory_inference.tex	Trajectory Inference, Emergent Structure, and the Return of Dynamical Thought: Contemporary Scientific Convergences Across Neuroscience, Cosmology, Machine Learning, and Biological Computation	article	draft	4486
standardgalactic/research-projects	semantic-calculus/EBSSC-draft-01.tex	sources/standardgalactic/research-projects/semantic-calculus/EBSSC-draft-01.tex	Entropy-Bounded Sparse Semantic Calculus (EBSSC) A Unified Syntax and Semantics for SpherePOP and Latent Policy Selection	article	draft	14175
standardgalactic/research-projects	semantic-calculus/EBSSC-draft-02.tex	sources/standardgalactic/research-projects/semantic-calculus/EBSSC-draft-02.tex	Entropy-Bounded Sparse Semantic Calculus (EBSSC) A Unified Framework for Geometric Semantics and Sparse Policy Control	article	draft	2507
standardgalactic/research-projects	textbook/autonomy-of-refusal-draft.tex	sources/standardgalactic/research-projects/textbook/autonomy-of-refusal-draft.tex	The Autonomy of Refusal Constraint, Residue, and the Geometry of Persistence	book	draft	36256
standardgalactic/research-projects	textbook/draft/The_Ecology_of_Distinctions.tex	sources/standardgalactic/research-projects/textbook/draft/The_Ecology_of_Distinctions.tex		book	draft	28115
standardgalactic/research-projects	textbook/draft/main.tex	sources/standardgalactic/research-projects/textbook/draft/main.tex		book	draft	28115
standardgalactic/research-projects	working/capital_order_rsvp.tex	sources/standardgalactic/research-projects/working/capital_order_rsvp.tex		article	draft	19004
standardgalactic/research-projects	working/constraint-first-topology.tex	sources/standardgalactic/research-projects/working/constraint-first-topology.tex	Constraint-First Topology: Foam Cobordisms, Nilpotent Transport, and Immersed Singularities as Admissibility Geometry	article	draft	7798
standardgalactic/research-projects	working/distributed_cognition.tex	sources/standardgalactic/research-projects/working/distributed_cognition.tex	Distributed Minds and Generative Substrates: Threshold Diffusion, Causal Insulation, and the Architecture of Inference at Scale	article	draft	8706
standardgalactic/research-projects	working/steam_cellulose_domes.tex	sources/standardgalactic/research-projects/working/steam_cellulose_domes.tex	Steam-Formed Cellulose Domes: Morphogenetic Construction Using Intermittent Steam Inflation and Magnet-Directed Reinforcement	article	draft	10216
standardgalactic/spherepop	Joy-of-Spherepop-draft-01.tex	sources/standardgalactic/spherepop/Joy-of-Spherepop-draft-01.tex	The Joy of Spherepop: An Event--History Calculus for a Finite World	article	draft	11266
standardgalactic/spherepop	The Calculus of Commitment.tex	sources/standardgalactic/spherepop/The Calculus of Commitment.tex	The Calculus of Commitment A Structural Theory of Computation	article	draft	12339
standardgalactic/spherepop	computing-with-spherepop.tex	sources/standardgalactic/spherepop/computing-with-spherepop.tex	Computing with Spherepop: Foundations of Geometric Merge--Collapse Computation	article	draft	13414
standardgalactic/spherepop	dynamics/spherepop_scope_dynamics.tex	sources/standardgalactic/spherepop/dynamics/spherepop_scope_dynamics.tex		article	draft	10027
standardgalactic/spherepop	essay/draft-01/essay.tex	sources/standardgalactic/spherepop/essay/draft-01/essay.tex	Spherepop Calculus: A Geometric and Probabilistic Extension of Lambda Calculus	article	draft	1072
standardgalactic/spherepop	essay/draft-01/spherepop_calculus.tex	sources/standardgalactic/spherepop/essay/draft-01/spherepop_calculus.tex	Spherepop Calculus: Internalizing Probability, Concurrency, and Geometry	article	draft	706
standardgalactic/spherepop	intelligence-explosion.tex	sources/standardgalactic/spherepop/intelligence-explosion.tex	Globally Persistent Recomposable Thought [4pt] GitHub, the Intelligence Explosion, and the Admissibility Geometry of Collective Cognition	article	draft	14765
standardgalactic/spherepop	processing/draft/intelligence-explosion.tex	sources/standardgalactic/spherepop/processing/draft/intelligence-explosion.tex	Globally Persistent Recomposable Thought [4pt] GitHub, the Intelligence Explosion, and the Admissibility Geometry of Collective Cognition	article	draft	8391
standardgalactic/spherepop	processing/intelligence-explosion.tex	sources/standardgalactic/spherepop/processing/intelligence-explosion.tex	Globally Persistent Recomposable Thought [4pt] GitHub, the Intelligence Explosion, and the Admissibility Geometry of Collective Cognition	article	draft	14765
standardgalactic/spherepop	textbook/ecology-of-thought.tex	sources/standardgalactic/spherepop/textbook/ecology-of-thought.tex	The Ecology of Thought [0.8em] Environment as a Persistent Computational Structure	article	draft	34596
standardgalactic/spherepop	textbook/memory-before-representation.tex	sources/standardgalactic/spherepop/textbook/memory-before-representation.tex		book	draft	9483
standardgalactic/spherepop	working/Structured Irreversibility - draft 01.tex	sources/standardgalactic/spherepop/working/Structured Irreversibility - draft 01.tex	% Spherepop as an Entropy-Decreasing Rewriting Category: Axiomatic Foundations, Functorial Geometry, and the RSVP Embedding	article	draft	5191
standardgalactic/spherepop	working/Structured Irreversibility - draft 02.tex	sources/standardgalactic/spherepop/working/Structured Irreversibility - draft 02.tex	Structured Irreversibility Discrete Rewriting and Coherence Realization	article	draft	7863
standardgalactic/spherepop	working/Structured Irreversibility.tex	sources/standardgalactic/spherepop/working/Structured Irreversibility.tex	Structured Irreversibility Discrete Rewriting and Coherence Realization	article	draft	10997
standardgalactic/spherepop	working/execution history - draft 02.tex	sources/standardgalactic/spherepop/working/execution history - draft 02.tex	Execution, History, and Reduction: Toward a Minimal Operational Kernel of Computation	article	draft	8086
standardgalactic/spherepop	working/execution history - draft 03.tex	sources/standardgalactic/spherepop/working/execution history - draft 03.tex	Execution, History, and Reduction: A Minimal Operational Kernel for Computation	article	draft	13624
standardgalactic/spherepop	working/execution history - draft 04.tex	sources/standardgalactic/spherepop/working/execution history - draft 04.tex	Execution, History, and Reduction: A Minimal Operational Kernel for Computation	article	draft	8912
standardgalactic/spherepop	working/execution history.tex	sources/standardgalactic/spherepop/working/execution history.tex	Execution, History, and Reduction: A Minimal Operational Kernel for Computation	article	draft	11448
standardgalactic/standardgalactic	research/notes/structural_ideas.tex	sources/standardgalactic/standardgalactic/research/notes/structural_ideas.tex	On the Formation of Structural Ideas: Constraint Accumulation, Projection, and Convergence Across Domains	article	draft	8383
standardgalactic/standardgalactic.github.io	critique/Identity Collapse - draft 01.tex	sources/standardgalactic/standardgalactic.github.io/critique/Identity Collapse - draft 01.tex	Identity Collapse and the Platforming of Fraud: Structural Trust Degradation in Facebook's Design	article	draft	5496
standardgalactic/standardgalactic.github.io	critique/Identity Collapse - draft 02.tex	sources/standardgalactic/standardgalactic.github.io/critique/Identity Collapse - draft 02.tex	Identity Collapse and the Platforming of Fraud: Structural Trust Degradation in Facebook's Design	article	draft	4739
standardgalactic/typing-tutor	essay/global-constraints.tex	sources/standardgalactic/typing-tutor/essay/global-constraints.tex	Global Constraints, Geometric Mass, and Evolutionary Relaxation: A Unified Historical and Theoretical Monograph	article	draft	5871
standardgalactic/video-player	resources/monograph-draft-01.tex	sources/standardgalactic/video-player/resources/monograph-draft-01.tex	Paintings as Sheaves of Latent Physical Structure	article	draft	2727
standardgalactic/video-player	resources/monograph-draft-02.tex	sources/standardgalactic/video-player/resources/monograph-draft-02.tex	Paintings as Sheaves of Latent Physical Structure	article	draft	3241
8b-is/8b-public-documents	processing/semantic_state.tex	sources/8b-is/8b-public-documents/processing/semantic_state.tex	The Semantic State: MEMNET, Institutional Routing, and the Governance of Meaning	article	standalone	29173
8b-is/8b-public-documents	semantic_state.tex	sources/8b-is/8b-public-documents/semantic_state.tex	The Semantic State: MEMNET, Institutional Routing, and the Governance of Meaning	article	standalone	29173
8b-is/claimshift	manifest-protocol-verification-inheritance.tex	sources/8b-is/claimshift/manifest-protocol-verification-inheritance.tex	A Manifest Protocol for Verification Inheritance Locators, Claim Graphs, and Policy-Qualified Trust for Transformed Scholarly Artifacts	article	standalone	3695
8b-is/claimshift	processing/manifest-protocol-verification-inheritance.tex	sources/8b-is/claimshift/processing/manifest-protocol-verification-inheritance.tex	A Manifest Protocol for Verification Inheritance Locators, Claim Graphs, and Policy-Qualified Trust for Transformed Scholarly Artifacts	article	standalone	3695
8b-is/claimshift	processing/verification-inheritance-transformation.tex	sources/8b-is/claimshift/processing/verification-inheritance-transformation.tex	Verification Inheritance Under Transformation Robust Commitments, Claim Correspondence, and Epistemic Validity in Mathematical Documents	article	standalone	3348
8b-is/claimshift	verification-inheritance-transformation.tex	sources/8b-is/claimshift/verification-inheritance-transformation.tex	Verification Inheritance Under Transformation Robust Commitments, Claim Correspondence, and Epistemic Validity in Mathematical Documents	article	standalone	3348
peterlodri-sec/vim-philosophy	beyond-optimal-foraging.tex	sources/peterlodri-sec/vim-philosophy/beyond-optimal-foraging.tex	Beyond Optimal Foraging: Representation Repair and the Structural Consequences of AI-Augmented Research	article	standalone	6125
peterlodri-sec/vim-philosophy	essays/modal-editing.tex	sources/peterlodri-sec/vim-philosophy/essays/modal-editing.tex	Modal Editing: Compositional Constraint in Text Interaction	article	standalone	13551
peterlodri-sec/vim-philosophy	essays/thinking-in-vim/main.tex	sources/peterlodri-sec/vim-philosophy/essays/thinking-in-vim/main.tex	Thinking in Vim [0.3em] A Structural Reference to Modal Editing	book	standalone	101
standardgalactic/Centerfuge	essay/monograph.tex	sources/standardgalactic/Centerfuge/essay/monograph.tex	Polyglot Modular Computation via Sheaf Cohomology: A Monumental Categorical Treatise with Historical, Computational, and Epistemic Depth	book	standalone	1861
standardgalactic/Centerfuge	framework/Irreversibility as Structure.tex	sources/standardgalactic/Centerfuge/framework/Irreversibility as Structure.tex	Irreversibility as Structure: A Scalar--Vector--Entropy Framework for Physical Law	article	standalone	7560
standardgalactic/TARTAN	accumulation-to-closure.tex	sources/standardgalactic/TARTAN/accumulation-to-closure.tex	From Accumulation to Closure: Inference, Memory, and the Constraint-Theoretic Turn [0.5em] Reconstruction, Composability, and the Political Economy of State	article	standalone	10730
standardgalactic/TARTAN	analysis/resonance-without-a-substrate.tex	sources/standardgalactic/TARTAN/analysis/resonance-without-a-substrate.tex	Resonance Without a Substrate Consistency Constraints on Endogenous Memory Compression	article	standalone	13310
standardgalactic/TARTAN	persuasion.tex	sources/standardgalactic/TARTAN/persuasion.tex	From Persuasion to Realization [0.5em] Constraint Closure and the Geometry of Inference	article	standalone	18529
standardgalactic/TARTAN	tartan.tex	sources/standardgalactic/TARTAN/tartan.tex	TARTAN: Trajectory-Aware Recursive Tiling with Annotated Noise [0.5em] A Sheaf--Variational Architecture for World-State Reconstruction and Ontological Adaptation	article	standalone	12206
standardgalactic/abraxas	projects/article.tex	sources/standardgalactic/abraxas/projects/article.tex	Xylomorphic Computation and Thermodynamic Infrastructure	article	standalone	4618
standardgalactic/alphabet	Abstraction as Reduction - colophon.tex	sources/standardgalactic/alphabet/Abstraction as Reduction - colophon.tex	Abstraction as Reduction: A Proof--Theoretic and Computational Perspective	article	standalone	1485
standardgalactic/alphabet	Admissible Histories - Cognition.tex	sources/standardgalactic/alphabet/Admissible Histories - Cognition.tex	Admissible Histories: Incongruent Neurons and the Temporal Structure of Decision-Making	article	standalone	1663
standardgalactic/alphabet	Admissible Histories - Computational Biology.tex	sources/standardgalactic/alphabet/Admissible Histories - Computational Biology.tex	Admissible Histories as a Unifying Principle of Neural Decision-Making	article	standalone	3331
standardgalactic/alphabet	Admissible Histories - Neurocomputing.tex	sources/standardgalactic/alphabet/Admissible Histories - Neurocomputing.tex	Admissible Histories and the Neural Structure of Error	article	standalone	1706
standardgalactic/alphabet	Admissible Histories.tex	sources/standardgalactic/alphabet/Admissible Histories.tex	Admissible Histories: The Incongruent Neuron and the Ontological Structure of Error	article	standalone	9325
standardgalactic/alphabet	Against_Indiscriminate_Visibility.tex	sources/standardgalactic/alphabet/Against_Indiscriminate_Visibility.tex	Against Indiscriminate Visibility: On the Structural Risks of Virality, Publicity, and Exposure	article	standalone	16914
standardgalactic/alphabet	Coherence Before Engagement.tex	sources/standardgalactic/alphabet/Coherence Before Engagement.tex	Coherence Before Engagement: An Architecture for Persistent Meaning in Digital Systems	article	standalone	11289
standardgalactic/alphabet	Counterfactual Explanation as Perceptual Control.tex	sources/standardgalactic/alphabet/Counterfactual Explanation as Perceptual Control.tex	Counterfactual Explanation as Perceptual Control	article	standalone	16026
standardgalactic/alphabet	Flower Wars - Bounded Violence.tex	sources/standardgalactic/alphabet/Flower Wars - Bounded Violence.tex	Bounded Violence An Interpretive Essay on Flower Wars	article	standalone	4845
standardgalactic/alphabet	Flower Wars - Compendium.tex	sources/standardgalactic/alphabet/Flower Wars - Compendium.tex	Flower Wars Compendium and Dramatis Personae	article	standalone	3353
standardgalactic/alphabet	From Minerals to Minds.tex	sources/standardgalactic/alphabet/From Minerals to Minds.tex	From Minerals to Minds: Irreversibility and the Physical Origins of Intelligence	article	standalone	7902
standardgalactic/alphabet	Neural Commit Semantics.tex	sources/standardgalactic/alphabet/Neural Commit Semantics.tex	Neural Commit Semantics and the Algebraic Structure of Language	article	standalone	1408
standardgalactic/alphabet	Never-Predict-Noise.tex	sources/standardgalactic/alphabet/Never-Predict-Noise.tex	Never Predict Noise: Manifold-Aligned Prediction as Generative Inference	article	standalone	21441
standardgalactic/alphabet	SITH Theory.tex	sources/standardgalactic/alphabet/SITH Theory.tex	Substrate Independent Thinking Hypothesis (SITH): Life, Meaning, and the Autocatalytic Closure of Information	article	standalone	10305
standardgalactic/alphabet	Scalar-Extraction.tex	sources/standardgalactic/alphabet/Scalar-Extraction.tex	Scalar Extraction in Platform Capitalism: A Field-Theoretic, Economic, and Algorithmic Theory of Extractive Social Networks and Their Non-Extractive Redesign	article	standalone	2609
standardgalactic/alphabet	Spectacle Runtime.tex	sources/standardgalactic/alphabet/Spectacle Runtime.tex	Spectacle Runtime and the Compression of Meaning: Temporal Form, Social Media, and the Reformatting of Collective Belief [0.5em] A Study in Media Ecology, Epistemic Architecture, and the Formal Conditions of Semantic Depth	article	standalone	9673
standardgalactic/alphabet	The Genius of Silence.tex	sources/standardgalactic/alphabet/The Genius of Silence.tex	The Genius of Silence Ludwig Wittgenstein and the Discipline of Clarity	article	standalone	12903
standardgalactic/alphabet	The Mortality of Computation.tex	sources/standardgalactic/alphabet/The Mortality of Computation.tex	The Mortality of Computation: A Structural Theory of Displacement	book	standalone	9615
standardgalactic/alphabet	aphantasia-essay.tex	sources/standardgalactic/alphabet/aphantasia-essay.tex	Imageless Thought [0.35em] A Field-Theoretic Interpretation of Aphantasia, Anendophasia, and Embodied Stigmergy within the Relativistic Scalar--Vector Plenum	article	standalone	2547
standardgalactic/alphabet	aphantasia/aphantasia-essay.tex	sources/standardgalactic/alphabet/aphantasia/aphantasia-essay.tex	Imageless Thought [0.35em] A Field-Theoretic Interpretation of Aphantasia, Anendophasia, and Embodied Stigmergy within the Relativistic Scalar--Vector Plenum	article	standalone	2547
standardgalactic/alphabet	aphantasia/extending-aphantasia-essay.tex	sources/standardgalactic/alphabet/aphantasia/extending-aphantasia-essay.tex	Extending ``Wordless Imageless Thought'': Modal Cognition in the Relativistic Scalar--Vector Plenum	article	standalone	17598
standardgalactic/alphabet	aphantasia/quantum-spherepop.tex	sources/standardgalactic/alphabet/aphantasia/quantum-spherepop.tex	SpherePop [0.35em] The RSVP Field in Complex Phase Space	article	standalone	11289
standardgalactic/alphabet	attention-essay.tex	sources/standardgalactic/alphabet/attention-essay.tex	The Coordinate-System Error: Misdiagnosis in the Theories of Attention, Efficiency, and Technological Progress	article	standalone	12559
standardgalactic/alphabet	axioms.tex	sources/standardgalactic/alphabet/axioms.tex	Axioms for a Falling Universe: The Uniqueness of the RSVP Lagrangian and the Emergence of Einstein Gravity from Entropic Flow	article	standalone	947
standardgalactic/alphabet	cognition-research/essay/monograph.tex	sources/standardgalactic/alphabet/cognition-research/essay/monograph.tex	The Geometry of Recognition	article	standalone	9570
standardgalactic/alphabet	cosmology/three_smoothing_mechanisms.tex	sources/standardgalactic/alphabet/cosmology/three_smoothing_mechanisms.tex	Three Smoothing Mechanisms in Early Cosmology: Inflaton, Geometric, and Lamphrodyne Relaxation	article	standalone	10028
standardgalactic/alphabet	document/admissibility_crisis.tex	sources/standardgalactic/alphabet/document/admissibility_crisis.tex	The Admissibility Crisis [0.4em] On the Collapse of Future Option Space	article	standalone	11636
standardgalactic/alphabet	document/autoregression.tex	sources/standardgalactic/alphabet/document/autoregression.tex	Constraint, Continuity, and Cognitive Structure: A Unified Framework Linking Autoregressive Minds, Relativistic Field Dynamics, and the Geometry of Distinction	article	standalone	8460
standardgalactic/alphabet	ecology/geometry_of_rewiring.tex	sources/standardgalactic/alphabet/ecology/geometry_of_rewiring.tex	The Geometry of Rewiring: Ecological Networks, Admissible Trajectories, and the Conservation of Transformability	article	standalone	19161
standardgalactic/alphabet	economics/scalable-alignment-01.tex	sources/standardgalactic/alphabet/economics/scalable-alignment-01.tex	Toward Scalable Alignment: A Theory of Invariant Objectives Under Optimization and Scale	article	standalone	923
standardgalactic/alphabet	economics/scalable-alignment-02.tex	sources/standardgalactic/alphabet/economics/scalable-alignment-02.tex	Toward Scalable Alignment: A Theory of Invariant Objectives Under Optimization and Scale	article	standalone	1600
standardgalactic/alphabet	economics/scalable-alignment.tex	sources/standardgalactic/alphabet/economics/scalable-alignment.tex	Toward Scalable Alignment: A Theory of Invariant Objectives Under Optimization and Scale [5pt] (A Revolutionary Formalism for True AI Alignment)	article	standalone	3794
standardgalactic/alphabet	essay/monograph.tex	sources/standardgalactic/alphabet/essay/monograph.tex	Mind at Work: Detecting Agency through Assembly and Action	article	standalone	4208
standardgalactic/alphabet	example/against-eventless-ontology.tex	sources/standardgalactic/alphabet/example/against-eventless-ontology.tex	Against Eventless Ontology [4pt] Two Failures of State-Sufficiency	article	standalone	2390
standardgalactic/alphabet	example/compression-of-expertise.tex	sources/standardgalactic/alphabet/example/compression-of-expertise.tex	The Compression of Expertise	article	standalone	2024
standardgalactic/alphabet	example/ecology-of-constraints.tex	sources/standardgalactic/alphabet/example/ecology-of-constraints.tex	The Ecology of Constraints [4pt] Feasibility and Diversity in Constraint Populations	article	standalone	2465
standardgalactic/alphabet	example/geometry-of-boredom.tex	sources/standardgalactic/alphabet/example/geometry-of-boredom.tex	The Geometry of Boredom [4pt] Compression Progress and the Conditions of Sustained Attention	article	standalone	2084
standardgalactic/alphabet	example/hidden-files/procedural-ontology.tex	sources/standardgalactic/alphabet/example/hidden-files/procedural-ontology.tex	Procedural Ontology: The Metaphysics of Code Generation A Relativistic Scalar--Vector Plenum (RSVP) Essay	article	standalone	15506
standardgalactic/alphabet	example/history-before-function.tex	sources/standardgalactic/alphabet/example/history-before-function.tex	History Before Function [4pt] Compression as the Origin of Operators	article	standalone	3509
standardgalactic/alphabet	example/procedural-ontology.tex	sources/standardgalactic/alphabet/example/procedural-ontology.tex	Procedural Ontology: The Metaphysics of Code Generation A Relativistic Scalar--Vector Plenum (RSVP) Essay	article	standalone	15506
standardgalactic/alphabet	example/threshold-of-deferral.tex	sources/standardgalactic/alphabet/example/threshold-of-deferral.tex	The Threshold of Deferral [4pt] A Crossover Theorem for Maintenance and Repair	article	standalone	4612
standardgalactic/alphabet	framework/Cursive Galactic/unified-encodings.tex	sources/standardgalactic/alphabet/framework/Cursive Galactic/unified-encodings.tex	Relativistic Scalar Vector Plenum: Unified Encodings Across Physics, Cognition, and Semantic Systems	article	standalone	5844
standardgalactic/alphabet	framework/SGA/unified-encodings.tex	sources/standardgalactic/alphabet/framework/SGA/unified-encodings.tex	Relativistic Scalar Vector Plenum: Unified Encodings Across Physics, Cognition, and Semantic Systems	article	standalone	5844
standardgalactic/alphabet	framework/descent-into-reality.tex	sources/standardgalactic/alphabet/framework/descent-into-reality.tex	Descent into Reality From Learning Systems to Field Dynamics	article	standalone	7638
standardgalactic/alphabet	framework/unified-encodings.tex	sources/standardgalactic/alphabet/framework/unified-encodings.tex	Relativistic Scalar Vector Plenum: Unified Encodings Across Physics, Cognition, and Semantic Systems	article	standalone	5841
standardgalactic/alphabet	manuscripts/amplitwist-cortical-columns/essay.tex	sources/standardgalactic/alphabet/manuscripts/amplitwist-cortical-columns/essay.tex	Amplitwist Cortical Columns as Universal Geometric Operators	article	standalone	1864
standardgalactic/alphabet	manuscripts/cognitive-action/essay.tex	sources/standardgalactic/alphabet/manuscripts/cognitive-action/essay.tex	The Cognitive Action: Reinforcement as Field	article	standalone	7562
standardgalactic/alphabet	manuscripts/geodesics_of_attention_v1.tex	sources/standardgalactic/alphabet/manuscripts/geodesics_of_attention_v1.tex	Geodesics of Attention Cinema, Gesture, and the Perceptual Manifold	article	standalone	4994
standardgalactic/alphabet	manuscripts/geodesics_of_attention_v2.tex	sources/standardgalactic/alphabet/manuscripts/geodesics_of_attention_v2.tex	Geodesics of Attention [4pt] Cinema, Gesture, and the Geometry of Perception	article	standalone	5451
standardgalactic/alphabet	manuscripts/geodesics_of_attention_v3_cursive.tex	sources/standardgalactic/alphabet/manuscripts/geodesics_of_attention_v3_cursive.tex	Geodesics of Attention [4pt] Cinema, Gesture, and the Geometry of Perception	article	standalone	5460
standardgalactic/alphabet	manuscripts/geodesics_of_attention_v3_nova.tex	sources/standardgalactic/alphabet/manuscripts/geodesics_of_attention_v3_nova.tex	Geodesics of Attention [4pt] Cinema, Gesture, and the Geometry of Perception	article	standalone	5460
standardgalactic/alphabet	manuscripts/geodesics_of_attention_v3_sga.tex	sources/standardgalactic/alphabet/manuscripts/geodesics_of_attention_v3_sga.tex	Geodesics of Attention [4pt] Cinema, Gesture, and the Geometry of Perception	article	standalone	5460
standardgalactic/alphabet	manuscripts/geometry_of_constraints.tex	sources/standardgalactic/alphabet/manuscripts/geometry_of_constraints.tex	The Geometry of Constraints [0.6em] Adversarial Representations, Fibrational Semantics, and the Dependency Architecture of Formal Systems	article	standalone	9561
standardgalactic/alphabet	manuscripts/geometry_of_constraints_v1.tex	sources/standardgalactic/alphabet/manuscripts/geometry_of_constraints_v1.tex	The Geometry of Constraints [0.6em] Adversarial Representations, Fibrational Semantics, and the Dependency Architecture of Formal Systems	article	standalone	7493
standardgalactic/alphabet	manuscripts/hidden_manifolds.tex	sources/standardgalactic/alphabet/manuscripts/hidden_manifolds.tex	Hidden Manifolds [0.5em] Optimal Transport, Accessibility Landscapes, and the Reconstruction of Constraint	article	standalone	14958
standardgalactic/alphabet	manuscripts/normalization_without_convergence.tex	sources/standardgalactic/alphabet/manuscripts/normalization_without_convergence.tex	Normalization Without Convergence: [6pt] Large Language Models, Linguistic Entropy, and the Myth of Cognitive Homogenization	article	standalone	17898
standardgalactic/alphabet	manuscripts/normalization_without_convergence_v1.tex	sources/standardgalactic/alphabet/manuscripts/normalization_without_convergence_v1.tex	Normalization Without Convergence: [6pt] Large Language Models, Linguistic Entropy, and the Myth of Cognitive Homogenization	article	standalone	9989
standardgalactic/alphabet	manuscripts/operator-ecology/essay.tex	sources/standardgalactic/alphabet/manuscripts/operator-ecology/essay.tex	Operator Ecology: Linking RSVP, Simulated Agency, and Semantic Infrastructure	article	standalone	2215
standardgalactic/alphabet	physics/Inflation without Expansion.tex	sources/standardgalactic/alphabet/physics/Inflation without Expansion.tex	Inflation without Expansion	book	standalone	4895
standardgalactic/alphabet	physics/Never-Predict-Noise.tex	sources/standardgalactic/alphabet/physics/Never-Predict-Noise.tex	Never Predict Noise: Manifold-Aligned Prediction as Generative Inference	article	standalone	21441
standardgalactic/alphabet	physics/archive/gauge-gravity-v0.tex	sources/standardgalactic/alphabet/physics/archive/gauge-gravity-v0.tex	% Constraint-First Gauge Gravity: Toward a Reconstruction of the Standard Model from RSVP Field Geometry	article	standalone	12687
standardgalactic/alphabet	physics/gauge-gravity.tex	sources/standardgalactic/alphabet/physics/gauge-gravity.tex	% Constraint-First Gauge Gravity: Toward a Reconstruction of the Standard Model from RSVP Field Geometry	article	standalone	17711
standardgalactic/alphabet	physics/processing/Never-Predict-Noise.tex	sources/standardgalactic/alphabet/physics/processing/Never-Predict-Noise.tex	Never Predict Noise: Manifold-Aligned Prediction as Generative Inference	article	standalone	21441
standardgalactic/alphabet	pipeline/continuation_operators.tex	sources/standardgalactic/alphabet/pipeline/continuation_operators.tex	Continuation Operators: A Formal Model of Prompt Chains	article	standalone	5448
standardgalactic/alphabet	pipeline/history_preserving_erasing.tex	sources/standardgalactic/alphabet/pipeline/history_preserving_erasing.tex	History-Preserving and History-Erasing Operators: A Theory of Information Retention in Continuation Processes	article	standalone	2452
standardgalactic/alphabet	pipeline/merger_coordinate_legibility.tex	sources/standardgalactic/alphabet/pipeline/merger_coordinate_legibility.tex	Merger, Coordinate, and Legibility: Why Ensemble Casts Fail to Cohere	article	standalone	4030
standardgalactic/alphabet	pipeline/pipeline_specification.tex	sources/standardgalactic/alphabet/pipeline/pipeline_specification.tex	Specification of the Distinction-First Pipeline: Continuation, Accretion, and Externalized Memory in a Local-Model Essay-Writing System	article	standalone	8336
standardgalactic/alphabet	pipeline/publication_as_projection.tex	sources/standardgalactic/alphabet/pipeline/publication_as_projection.tex	The Ladder and the Artifact: Publication as Projection	article	standalone	4159
standardgalactic/alphabet	pipeline/retention_before_retrieval.tex	sources/standardgalactic/alphabet/pipeline/retention_before_retrieval.tex	Retention Before Retrieval: Sparse Distinction and the Cost of Carrying a Past	amsart	standalone	6556
standardgalactic/alphabet	pipeline/what-survives-reconstruction.tex	sources/standardgalactic/alphabet/pipeline/what-survives-reconstruction.tex	What Survives Reconstruction [0.4em] Admissibility, Irreversibility, and the Architecture of Externalized Structure	book	standalone	29857
standardgalactic/alphabet	processing/Constraint Before Reference.tex	sources/standardgalactic/alphabet/processing/Constraint Before Reference.tex	Constraint Before Reference: Operator Semantics, Reification, and Symbolic Conflict	article	standalone	13011
standardgalactic/alphabet	processing/Exaptation Under Delayed Evaluation.tex	sources/standardgalactic/alphabet/processing/Exaptation Under Delayed Evaluation.tex	Exaptation Under Delayed Evaluation: Selection-Pressure Management as a Mechanism of Creative Intelligence	article	standalone	11666
standardgalactic/alphabet	processing/SITH Theory.tex	sources/standardgalactic/alphabet/processing/SITH Theory.tex	Substrate Independent Thinking Hypothesis (SITH): Life, Meaning, and the Autocatalytic Closure of Information	article	standalone	10305
standardgalactic/alphabet	processing/distributed_industrial_cloud.tex	sources/standardgalactic/alphabet/processing/distributed_industrial_cloud.tex	Toward a Distributed Industrial Cloud [0.5em] Peer-to-Peer Infrastructure for Material Production, Storage, and Compute	book	standalone	13421
standardgalactic/alphabet	projects/axioms.tex	sources/standardgalactic/alphabet/projects/axioms.tex	Axioms for a Falling Universe: The Uniqueness of the RSVP Lagrangian and the Emergence of Einstein Gravity from Entropic Flow	article	standalone	947
standardgalactic/alphabet	projects/entropic-redshift-slides.tex	sources/standardgalactic/alphabet/projects/entropic-redshift-slides.tex	Redshift and the RSVP Stack: A Unified Field Ontology for Cosmos, Mind, and Society	beamer	standalone	479
standardgalactic/alphabet	projects/field-ontologies.tex	sources/standardgalactic/alphabet/projects/field-ontologies.tex	Field Ontologies of the RSVP Stack: From Scalar Smoothing to Cognitive Closure (Revised)	article	standalone	4085
standardgalactic/alphabet	research/dynamics-of-learning.tex	sources/standardgalactic/alphabet/research/dynamics-of-learning.tex	The Dynamics of Learning: Excess Capacity, Interpolation, and Cognitive Structure	article	standalone	35434
standardgalactic/alphabet	research/language_as_constraint_field.tex	sources/standardgalactic/alphabet/research/language_as_constraint_field.tex	Language as Constraint Field Grammar, Repair, and Admissibility in Semantic Manifolds	article	standalone	7681
standardgalactic/alphabet	research/noise-becomes-structure.tex	sources/standardgalactic/alphabet/research/noise-becomes-structure.tex	When Noise Becomes Structure: Microbiomes, Projection Failure, and the Recovery of Ecological Organization	article	standalone	6240
standardgalactic/alphabet	research/obstruction-cohomology.tex	sources/standardgalactic/alphabet/research/obstruction-cohomology.tex	Obstruction Cohomology and the Topology of Failure Constraint Closure Across Differential, Recursive, and Semantic Regimes	article	standalone	9210
standardgalactic/alphabet	research/repair_as_fundamental.tex	sources/standardgalactic/alphabet/research/repair_as_fundamental.tex	Repair as a Fundamental Category Toward an Ontology of Restoration	article	standalone	6801
standardgalactic/alphabet	research/screenplay_as_program.tex	sources/standardgalactic/alphabet/research/screenplay_as_program.tex	The Historical Screenplay as Spherepop Program Executable History, Semantic Collapse, and Three Notions of Narrative Truth	article	standalone	6513
standardgalactic/alphabet	research/semantic_stability.tex	sources/standardgalactic/alphabet/research/semantic_stability.tex	Semantic Stability as a Repair Equilibrium Threshold, Attenuation, and Irreversible Collapse in Constraint-Bounded Semantic Trees	article	standalone	5405
standardgalactic/alphabet	research/topology_of_intention.tex	sources/standardgalactic/alphabet/research/topology_of_intention.tex	Topology of Intention [0.4em] Process-Based Identity and the Geometric Binding of the Self	article	standalone	4700
standardgalactic/alphabet	resources/admissible-continuation.tex	sources/standardgalactic/alphabet/resources/admissible-continuation.tex	Admissible Continuation [1em] A Mathematical Theory of Persistent Systems	book	standalone	33519
standardgalactic/alphabet	roadmap/flyxion_briefing.tex	sources/standardgalactic/alphabet/roadmap/flyxion_briefing.tex	% Process, Distinction, and Reachability [0.6em] A Comprehensive Briefing on the Flyxion Research Program [0.3em] Covering RSVP, Admissibility, Distinguishability Geometry, Repair Theory, CPR, and the Broader Software and Creative Ecosystem	book	standalone	19089
standardgalactic/alphabet	roadmap/procedural-attention.tex	sources/standardgalactic/alphabet/roadmap/procedural-attention.tex	% Procedural Generation of Attention: Gaze Trajectories and the Grammar of Cinematic Space%	article	standalone	15851
standardgalactic/alphabet	roadmap/states_without_histories.tex	sources/standardgalactic/alphabet/roadmap/states_without_histories.tex	States Without Histories: Latent Reasoning as Admissibility-Field Traversal	article	standalone	5100
standardgalactic/alphabet	screenplay/city_of_brutes_inventory.tex	sources/standardgalactic/alphabet/screenplay/city_of_brutes_inventory.tex	City of Brutes [0.4em] Extended Scene Inventory [0.2em] All scenes, complete and planned	amsart	standalone	5382
standardgalactic/alphabet	screenplay/compression_after_expansion.tex	sources/standardgalactic/alphabet/screenplay/compression_after_expansion.tex	Compression After Expansion: On Skill, Misattribution, and the Geometry of Work	article	standalone	6115
standardgalactic/alphabet	screenplay/noumenal-attractors.tex	sources/standardgalactic/alphabet/screenplay/noumenal-attractors.tex	Noumenal Attractors [0.6em] Swedenborg, Kant, and the RSVP Field: A Unified Interpretation Across Cognition, Ontology, Generative Systems, and the Metacrisis	article	standalone	20332
standardgalactic/alphabet	screenplay/visions-and-boundaries.tex	sources/standardgalactic/alphabet/screenplay/visions-and-boundaries.tex	Visions and Boundaries: Swedenborg, Kant, and the Modern Crisis of Mind	article	standalone	1446
standardgalactic/alphabet	soup/book-latex-source/main.tex	sources/standardgalactic/alphabet/soup/book-latex-source/main.tex	Contradiction and Continuation: [0.3em] A Constraint-Theoretic Derivation of Non-Classical Logic	book	standalone	195
standardgalactic/alphabet	soup/consistency-constraints.tex	sources/standardgalactic/alphabet/soup/consistency-constraints.tex	Consistency Constraints and the Geometry of Learned Representations	article	standalone	10909
standardgalactic/alphabet	soup/processing/consistency-constraints.tex	sources/standardgalactic/alphabet/soup/processing/consistency-constraints.tex	Consistency Constraints and the Geometry of Learned Representations	article	standalone	10909
standardgalactic/alphabet	workspace/essay.tex	sources/standardgalactic/alphabet/workspace/essay.tex	The Physics of Understanding: Fixed-Point Causality, Cognitive Resource Theory, and the Thermodynamics of Learning	article	standalone	6119
standardgalactic/alphabet	workspace/monograph.tex	sources/standardgalactic/alphabet/workspace/monograph.tex	Fixed--Point Causality [0.35em] Physics, Consciousness, and Computation in the Relativistic Scalar--Vector Plenum	article	standalone	13109
standardgalactic/antivenom	Against Namespace Laundering.tex	sources/standardgalactic/antivenom/Against Namespace Laundering.tex	Against Namespace Laundering	article	standalone	7403
standardgalactic/antivenom	Against-the-Extinction-Thesis.tex	sources/standardgalactic/antivenom/Against-the-Extinction-Thesis.tex	Against the Extinction Thesis:\ Intelligence as an Integrative Ecological Operator\ A Systematic Rebuttal to Soares and Yudkowsky from the RSVP Perspective	article	standalone	6574
standardgalactic/antivenom	Artificial Coordination.tex	sources/standardgalactic/antivenom/Artificial Coordination.tex	The Age of Artificial Coordination Optimization, Entropy, and the Collapse of Conserved Meaning	article	standalone	12835
standardgalactic/antivenom	Aspirational Exhaust.tex	sources/standardgalactic/antivenom/Aspirational Exhaust.tex	Aspirational Exhaust: Semantic Entropy and the Collapse of Identity on Engagement-Optimized Platforms	article	standalone	1344
standardgalactic/antivenom	Authoritative History - overview.tex	sources/standardgalactic/antivenom/Authoritative History - overview.tex	Authoritative History and the Limits of Autoregressive Intelligence	article	standalone	1160
standardgalactic/antivenom	Authoritative History.tex	sources/standardgalactic/antivenom/Authoritative History.tex	Authoritative History and the Limits of Autoregressive Intelligence	article	standalone	11750
standardgalactic/antivenom	Constraint Before Capability.tex	sources/standardgalactic/antivenom/Constraint Before Capability.tex	Constraint Before Capability: Admissibility, Governance Failure, and the Structure of Intelligent Processes	article	standalone	13804
standardgalactic/antivenom	Culture-and-structural-power.tex	sources/standardgalactic/antivenom/Culture-and-structural-power.tex	Culture and Structural Power: Mute Compulsion as a General Theory of Social Reproduction	article	standalone	5654
standardgalactic/antivenom	Dark Patterns.tex	sources/standardgalactic/antivenom/Dark Patterns.tex	Dark Patterns: Generative Music Platforms as Predatory Cultural Infrastructure	article	standalone	7070
standardgalactic/antivenom	Interface-opacity.tex	sources/standardgalactic/antivenom/Interface-opacity.tex	Interface Opacity and the Suppression of Agency: Dark Patterns in Contemporary AI Interaction	article	standalone	5327
standardgalactic/antivenom	Monetization-of-Redundancy.tex	sources/standardgalactic/antivenom/Monetization-of-Redundancy.tex	The Monetization of Redundancy: Tokenization and the Enclosure of Computation	article	standalone	9672
standardgalactic/antivenom	Monetizing Uncertainty.tex	sources/standardgalactic/antivenom/Monetizing Uncertainty.tex	Monetizing Uncertainty: Institutional Foreseeability and the Political Economy of Platform Fraud	article	standalone	5291
standardgalactic/antivenom	Negative One Indexing.tex	sources/standardgalactic/antivenom/Negative One Indexing.tex	Negative One Indexing: On Intentional Regression, Cognitive Safety, and the Ethics of Deletion	article	standalone	4025
standardgalactic/antivenom	Optimization without Restraint.tex	sources/standardgalactic/antivenom/Optimization without Restraint.tex	Optimization Without Restraint [0.5em] Gradient Amplification and Extractive Convergence in Digital Platform Systems	article	standalone	9222
standardgalactic/antivenom	The Assumption of Surplus.tex	sources/standardgalactic/antivenom/The Assumption of Surplus.tex	The Assumption of Surplus: Startup Culture, Advertising Economies, and the Boundary Conditions of Growth	article	standalone	10986
standardgalactic/antivenom	The Commodification of Categories.tex	sources/standardgalactic/antivenom/The Commodification of Categories.tex	The Commodification of Categories Platform Economics and the Collapse of Epistemic Gatekeeping	article	standalone	4673
standardgalactic/antivenom	The Hostile Interface.tex	sources/standardgalactic/antivenom/The Hostile Interface.tex	The Hostile Interface: Advertising Saturation and the Collapse of the Social Information Environment	article	standalone	6181
standardgalactic/antivenom	The Polemic Debt.tex	sources/standardgalactic/antivenom/The Polemic Debt.tex	The Polemic Debt Critical Momentum and the Cognitive Economics of Refutation	article	standalone	16353
standardgalactic/antivenom	When Engagement Stops Pointing.tex	sources/standardgalactic/antivenom/When Engagement Stops Pointing.tex	When Engagement Stops Pointing: Goodhart’s Law and the Collapse of Social Discovery	article	standalone	6197
standardgalactic/antivenom	active-inference/surprise-minimization.tex	sources/standardgalactic/antivenom/active-inference/surprise-minimization.tex	Surprise Minimization, Solomonoff Induction, and Expected Free Energy: A Formal Analysis with Curvature Dynamics, Variational Flow, and Minimal-Complexity Niches	article	standalone	4624
standardgalactic/antivenom	active-inference/variational-curvature.tex	sources/standardgalactic/antivenom/active-inference/variational-curvature.tex	Variational Curvature, Predictive Geometry, and the Maintenance of Agency	article	standalone	3769
standardgalactic/antivenom	boundaries/escape_velocity.tex	sources/standardgalactic/antivenom/boundaries/escape_velocity.tex	Velocity: Austerity, Field Dynamics, and the Endogenous Regulation of Transformation	article	standalone	11013
standardgalactic/antivenom	diatribe.tex	sources/standardgalactic/antivenom/diatribe.tex	Facebook and the Structural Degradation of Social Reality: Advertising, Attention, and Civilizational Risk	article	standalone	9393
standardgalactic/antivenom	economics/participation_without_guarantee.tex	sources/standardgalactic/antivenom/economics/participation_without_guarantee.tex	Participation Without Guarantee: A Field-Theoretic Critique of Upwork as a Probabilistic Marketplace	article	standalone	4358
standardgalactic/antivenom	essay/counterfactual.tex	sources/standardgalactic/antivenom/essay/counterfactual.tex	The Power to Choose the Counterfactual: Effective Demand, Intersubjectivity Collapse, and the Architecture of Global Deprivation	article	standalone	10897
standardgalactic/antivenom	essay/glossfero-essay.tex	sources/standardgalactic/antivenom/essay/glossfero-essay.tex	Glossfero and Popo: Safe Repository Cartography and a Grammar for Naming Under Exception	article	standalone	9383
standardgalactic/antivenom	essay/hyperpleonastic-legibility.tex	sources/standardgalactic/antivenom/essay/hyperpleonastic-legibility.tex	Hyperpleonastic Legibility: Selector Fields, Recoverable Information Density, and Civilizational Incompressibility	article	standalone	11804
standardgalactic/antivenom	essay/monograph.tex	sources/standardgalactic/antivenom/essay/monograph.tex	Divided We Stand: RSVP and the Limits of Coherence in AI Safety	article	standalone	2892
standardgalactic/antivenom	essay/structural-honesty.tex	sources/standardgalactic/antivenom/essay/structural-honesty.tex	Structural Honesty: The Preservation of Recoverable Warrant Across Transformations	article	standalone	9671
standardgalactic/antivenom	event-history.tex	sources/standardgalactic/antivenom/event-history.tex	The Deliberate Collapse of Cognitive Multiplicity: Event-History, Architectural Constraint, and the Economics of Memory	article	standalone	8740
standardgalactic/antivenom	framework/fragility-metacrisis.tex	sources/standardgalactic/antivenom/framework/fragility-metacrisis.tex	Broken Tools for a Breaking World: AI Fragility, the Four Races, and the Metacrisis	article	standalone	11767
standardgalactic/antivenom	futurology/xylomorphic-premise.tex	sources/standardgalactic/antivenom/futurology/xylomorphic-premise.tex	-1.2cm% The Xylomorphic Premise [0.5em] Waste Heat, Physical Co-Computation, and the Architecture of Post-Carbon Infrastructure	article	standalone	7028
standardgalactic/antivenom	manuscript/essay.tex	sources/standardgalactic/antivenom/manuscript/essay.tex	A Spoonful of Poison: How Toxic Scaffolds Shape Genius	article	standalone	1797
standardgalactic/antivenom	monograph/blockchain-critique.tex	sources/standardgalactic/antivenom/monograph/blockchain-critique.tex	The Useless Work Problem in Blockchain Economies: Thermodynamics, Semantic Structure, and Cognitive Control	article	standalone	10347
standardgalactic/antivenom	monograph/unfinishable-games.tex	sources/standardgalactic/antivenom/monograph/unfinishable-games.tex	Unfinishable Games: Real-Time Structure as a Distinct Mechanism of Extraction	article	standalone	6009
standardgalactic/antivenom	opinion/quiet_battlefield.tex	sources/standardgalactic/antivenom/opinion/quiet_battlefield.tex	Quiet Battlefield: Algorithmic Governance and the Violence of the Mundane	article	standalone	6330
standardgalactic/antivenom	persistence/proxy_permanence_failure.tex	sources/standardgalactic/antivenom/persistence/proxy_permanence_failure.tex	Proxy Permanence Failure [0.4em] Carbon Governance, Biodiversity, and the Collapse of Admissibility Under Nonstationary Constraint Fields [0.6em] A Theoretical Analysis via the RSVP--TARTAN--CLIO Framework	article	standalone	14983
standardgalactic/antivenom	processing/Monetization-of-Redundancy.tex	sources/standardgalactic/antivenom/processing/Monetization-of-Redundancy.tex	The Monetization of Redundancy: Tokenization and the Enclosure of Computation	article	standalone	10645
standardgalactic/antivenom	projects/constraint_closure-1.tex	sources/standardgalactic/antivenom/projects/constraint_closure-1.tex	Trajectory and Residue [0.5em] How Work Becomes What Continues to Hold	article	standalone	2001
standardgalactic/antivenom	projects/constraint_closure-2.tex	sources/standardgalactic/antivenom/projects/constraint_closure-2.tex	Trajectory and Residue [0.5em] How Work Becomes What Continues to Hold	article	standalone	2578
standardgalactic/antivenom	projects/constraint_closure-3.tex	sources/standardgalactic/antivenom/projects/constraint_closure-3.tex	Trajectory and Residue [0.5em] How Work Becomes What Continues to Hold	article	standalone	3105
standardgalactic/antivenom	projects/constraint_closure-4.tex	sources/standardgalactic/antivenom/projects/constraint_closure-4.tex	Trajectory and Residue [0.5em] How Work Becomes What Continues to Hold	article	standalone	4176
standardgalactic/antivenom	projects/constraint_closure-5.tex	sources/standardgalactic/antivenom/projects/constraint_closure-5.tex	Trajectory and Residue [0.5em] How Work Becomes What Continues to Hold	article	standalone	4194
standardgalactic/antivenom	projects/constraint_closure.tex	sources/standardgalactic/antivenom/projects/constraint_closure.tex	From Managed Activity to Constraint Closure [0.5em] A Selection-Theoretic Replacement for Bullshit Jobs	article	standalone	1970
standardgalactic/antivenom	projects/ownership-without-understanding.tex	sources/standardgalactic/antivenom/projects/ownership-without-understanding.tex	Ownership Without Understanding: Obstruction, Deskilling, and the Sheaf-Theoretic Geometry of Extraction	article	standalone	7459
standardgalactic/antivenom	resources/buffer-world.tex	sources/standardgalactic/antivenom/resources/buffer-world.tex	Buffer World A 3D Spatial Tutorial for Real Vim Motions Concept and Technical Specification	article	standalone	10091
standardgalactic/antivenom	resources/plenumhub-polyxan.tex	sources/standardgalactic/antivenom/resources/plenumhub-polyxan.tex	PlenumHub / Polyxan Toward a Source-First Publishing Substrate	article	standalone	20537
standardgalactic/antivenom	resources/processing/buffer-world.tex	sources/standardgalactic/antivenom/resources/processing/buffer-world.tex	Buffer World A 3D Spatial Tutorial for Real Vim Motions Concept and Technical Specification	article	standalone	10091
standardgalactic/antivenom	resources/processing/plenumhub-polyxan.tex	sources/standardgalactic/antivenom/resources/processing/plenumhub-polyxan.tex	PlenumHub / Polyxan Toward a Source-First Publishing Substrate	article	standalone	20537
standardgalactic/antivenom	resources/synthetic_sociality.tex	sources/standardgalactic/antivenom/resources/synthetic_sociality.tex	The Hollow Network [0.5em] Synthetic Sociality, Metric Misalignment, and the Politics of Legibility in Algorithmically Mediated Environments	article	standalone	4511
standardgalactic/antivenom	rhetoric/Friction as Inoculation.tex	sources/standardgalactic/antivenom/rhetoric/Friction as Inoculation.tex	Friction as Inoculation: [4pt] Null Preservation, Bounded Difficulty, [2pt] and the Architecture of Cognitive Resilience	article	standalone	13016
standardgalactic/antivenom	world-models.tex	sources/standardgalactic/antivenom/world-models.tex	World Models, Structural Constraints, and Deterministic Histories: A Unified Critique of Autoregressive Intelligence	article	standalone	1137
standardgalactic/arabic-flashcards	monograph.tex	sources/standardgalactic/arabic-flashcards/monograph.tex	The Ontology of Self-Organizing Forms: A Unified Variational Field Theory of Structure and Identity	article	standalone	13020
standardgalactic/calculus	baseline/markov_boundaries.tex	sources/standardgalactic/calculus/baseline/markov_boundaries.tex	's Undo Stack On Markov Boundaries, Coordination Costs, and the Recurring Regression of Progress	article	standalone	4069
standardgalactic/calculus	baseline/preference_fields.tex	sources/standardgalactic/calculus/baseline/preference_fields.tex	Fields on Semantic Manifolds Directional Constraints, Spectral Admissibility, and Random Geometric Graph Structure	article	standalone	4890
standardgalactic/calculus	experiments/empirical-paper.tex	sources/standardgalactic/calculus/experiments/empirical-paper.tex	Capacity, Dissipation, and the Onset of Motility-Induced Phase Separation: An Empirical Test of RSVP Field Dynamics	article	standalone	5594
standardgalactic/calculus	experiments/prediction-before-interpretation.tex	sources/standardgalactic/calculus/experiments/prediction-before-interpretation.tex	Prediction Before Interpretation: A Criterion for Field-Like Constructs in Complex Systems	article	standalone	3933
standardgalactic/calculus	experiments/restorability-boundaries.tex	sources/standardgalactic/calculus/experiments/restorability-boundaries.tex	Restorability Boundaries	report	standalone	32293
standardgalactic/calculus	experiments/trig-textbook/main.tex	sources/standardgalactic/calculus/experiments/trig-textbook/main.tex	Trigonometry and Transformation	book	standalone	262
standardgalactic/calculus	interface_ecologies.tex	sources/standardgalactic/calculus/interface_ecologies.tex	Interface Ecologies: Motor Language, Process Invocation, and Computational Universality	article	standalone	9638
standardgalactic/calculus	interface_ecologies_v2.tex	sources/standardgalactic/calculus/interface_ecologies_v2.tex	Interface Ecologies: Motor Language, Process Invocation, and Computational Universality	article	standalone	17727
standardgalactic/calculus	kernel-memory.tex	sources/standardgalactic/calculus/kernel-memory.tex	% Kernel Operators, Memory, and Field-Theoretic Dynamics [0.5em] Dynamics as Functionals of Trajectories	article	standalone	12410
standardgalactic/calculus	mesoscale_matter.tex	sources/standardgalactic/calculus/mesoscale_matter.tex	Mesoscale Matter as Constrained Field Dynamics [4pt] A Unified Framework for Structure, Transport, and Function	article	standalone	23262
standardgalactic/calculus	processing/admissibility-certificates.tex	sources/standardgalactic/calculus/processing/admissibility-certificates.tex	Admissibility Certificates [0.3em] Trust as a Property of System Histories	article	standalone	9222
standardgalactic/calculus	processing/boundaries-computational-objects.tex	sources/standardgalactic/calculus/processing/boundaries-computational-objects.tex	Boundaries Are Computational Objects [0.3em] Screening, Pursuit, and Refusal as Three Theories of What a Boundary Does	article	standalone	4501
standardgalactic/calculus	processing/compression-fallacy.tex	sources/standardgalactic/calculus/processing/compression-fallacy.tex	The Compression Fallacy [0.3em] Why Shorter Is Not the Same as Better Understood	article	standalone	12350
standardgalactic/calculus	processing/parenthetical-asides.tex	sources/standardgalactic/calculus/processing/parenthetical-asides.tex	Parenthetical Asides [0.3em] Nested Scope in Conversation, Games, Stories, and Music	article	standalone	8610
standardgalactic/calculus	processing/repair-not-reconstruction.tex	sources/standardgalactic/calculus/processing/repair-not-reconstruction.tex	Repair, Not Reconstruction: On the Structure of Reinforcement-Learning Adaptation in Transformers	article	standalone	5891
standardgalactic/calculus	processing/restoration-before-explanation.tex	sources/standardgalactic/calculus/processing/restoration-before-explanation.tex	Restoration Before Explanation [0.3em] Why Systems Can Be Repaired Before They Are Understood	article	standalone	3699
standardgalactic/calculus	quantum-mechanics/self_improving_media_quines.tex	sources/standardgalactic/calculus/quantum-mechanics/self_improving_media_quines.tex	Self-Improving Systems and Media Quines [0.3em] An Admissibility-Theoretic Approach to Recursive Generation	book	standalone	14569
standardgalactic/calculus	quantum-mechanics/unistochastic-qm/main.tex	sources/standardgalactic/calculus/quantum-mechanics/unistochastic-qm/main.tex	Quantum Mechanics from Admissible Probabilistic Composition A Reconstruction via Unistochastic Matrices	book	standalone	1047
standardgalactic/calculus	rsvp_v4.tex	sources/standardgalactic/calculus/rsvp_v4.tex	Geometry from Entropy Flow: Renormalization, Plenum Dynamics, and the Emergence of Physical Structure	article	standalone	13249
standardgalactic/calculus	stone_piano.tex	sources/standardgalactic/calculus/stone_piano.tex	The Stone Piano Hypothesis: Neanderthal Lithophones and the Acoustic Interpretation of the Bruniquel Cave Structures	article	standalone	13956
standardgalactic/caldera-reactor	caldera_reactor.tex	sources/standardgalactic/caldera-reactor/caldera_reactor.tex	Caldera Reactor: Thermopneumatic Compression, Fluidic Computation, and Adaptive Biomass Processing	article	standalone	5823
standardgalactic/cognition-research	cosmological-memory.tex	sources/standardgalactic/cognition-research/cosmological-memory.tex	Primordial Distinctions and Cosmological Memory: Galactic Spin as Persistence Under Transformation	article	standalone	7254
standardgalactic/cognition-research	persistence-without-reachability.tex	sources/standardgalactic/cognition-research/persistence-without-reachability.tex	Persistence Without Reachability A Reading of Aniara Through the Sociology of Unreachable Futures	article	standalone	4144
standardgalactic/computation	abstraction/armillary_sphere.tex	sources/standardgalactic/computation/abstraction/armillary_sphere.tex	% The Armillary Sphere and the Thought Experiment [0.4em] On Proposals That Are Neither Blueprints Nor Metaphors	article	standalone	5337
standardgalactic/computation	abstraction/computacao_alem_dos_dados.tex	sources/standardgalactic/computation/abstraction/computacao_alem_dos_dados.tex	% Computação Além dos Dados [0.4em] Restrições, Acessibilidade e Memória como Fundamentos de Sistemas Complexos	article	standalone	5770
standardgalactic/computation	abstraction/computation-beyond-data.tex	sources/standardgalactic/computation/abstraction/computation-beyond-data.tex	% Computation Beyond Data [0.4em] Constraints, Reachability, and Memory as Foundations of Complex Systems	article	standalone	5580
standardgalactic/computation	abstraction/creative-obstinacy.tex	sources/standardgalactic/computation/abstraction/creative-obstinacy.tex	% Too Coherent to Be Real [0.4em] Szukalski, Creative Obstinacy, Documentary Unreality, and the Problem of the Frictionless Subject	article	standalone	6204
standardgalactic/computation	abstraction/distributed-agency.tex	sources/standardgalactic/computation/abstraction/distributed-agency.tex	% When Systems Change Their Minds [0.4em] Distributed Agency, Institutional Attractors, and the Reconfiguration of Economic Priorities	article	standalone	6853
standardgalactic/computation	against_the_kitchen_sink.tex	sources/standardgalactic/computation/against_the_kitchen_sink.tex	Against the Kitchen Sink: On Vendor-Gravity Languages, Cognitive Load, and What Spherepop Proves	article	standalone	11803
standardgalactic/computation	collapse_retention.tex	sources/standardgalactic/computation/collapse_retention.tex	What Collapse Should Forget: A Retention Calculus for Spherepop	article	standalone	2759
standardgalactic/computation	continuation_geometry.tex	sources/standardgalactic/computation/continuation_geometry.tex	Selective Retention and the Geometry of Continuation	article	standalone	3111
standardgalactic/computation	continuation_geometry_monograph.tex	sources/standardgalactic/computation/continuation_geometry_monograph.tex	Continuation Geometry	report	standalone	21163
standardgalactic/computation	correspondents_and_residents.tex	sources/standardgalactic/computation/correspondents_and_residents.tex	Correspondents and Residents [6pt] A Mathematical Treatise on Sampling Regimes, Suspension Observability, and the Obligations of Interfaces	book	standalone	8156
standardgalactic/computation	diagnostic-coordinates.tex	sources/standardgalactic/computation/diagnostic-coordinates.tex	Diagnostic Coordinates and the Time of Repair: A Correction to the Anti-Alignment Theorem	article	standalone	5353
standardgalactic/computation	generative_continuation_geometry.tex	sources/standardgalactic/computation/generative_continuation_geometry.tex	Generative Continuation Geometry	report	standalone	17740
standardgalactic/computation	moon-not-computer.tex	sources/standardgalactic/computation/moon-not-computer.tex	The Moon Should Not Be a Computer	article	standalone	12727
standardgalactic/computation	processing/against_the_kitchen_sink.tex	sources/standardgalactic/computation/processing/against_the_kitchen_sink.tex	Against the Kitchen Sink: On Vendor-Gravity Languages, Cognitive Load, and What Spherepop Proves	article	standalone	11803
standardgalactic/computation	processing/collapse_retention.tex	sources/standardgalactic/computation/processing/collapse_retention.tex	What Collapse Should Forget: A Retention Calculus for Spherepop	article	standalone	2759
standardgalactic/computation	processing/continuation_geometry.tex	sources/standardgalactic/computation/processing/continuation_geometry.tex	Selective Retention and the Geometry of Continuation	article	standalone	3111
standardgalactic/computation	processing/continuation_geometry_monograph.tex	sources/standardgalactic/computation/processing/continuation_geometry_monograph.tex	Continuation Geometry	report	standalone	21163
standardgalactic/computation	processing/correspondents_and_residents.tex	sources/standardgalactic/computation/processing/correspondents_and_residents.tex	Correspondents and Residents [6pt] A Mathematical Treatise on Sampling Regimes, Suspension Observability, and the Obligations of Interfaces	book	standalone	8156
standardgalactic/computation	processing/diagnostic-coordinates.tex	sources/standardgalactic/computation/processing/diagnostic-coordinates.tex	Diagnostic Coordinates and the Time of Repair: A Correction to the Anti-Alignment Theorem	article	standalone	7156
standardgalactic/computation	processing/generative_continuation_geometry.tex	sources/standardgalactic/computation/processing/generative_continuation_geometry.tex	Generative Continuation Geometry	report	standalone	17740
standardgalactic/computation	radiative-switch/radiative_switch_computation.tex	sources/standardgalactic/computation/radiative-switch/radiative_switch_computation.tex	Radiative Switch Computation [4pt] Computation as Containment	article	standalone	9512
standardgalactic/computation	xylomorphic_computation.tex	sources/standardgalactic/computation/xylomorphic_computation.tex	Xylomorphic Computation: Thermodynamic Closure as a Stability Condition for Large-Scale Computational Infrastructure	article	standalone	9412
standardgalactic/cosmology	accessibility-relaxation.tex	sources/standardgalactic/cosmology/accessibility-relaxation.tex	% Accessibility Relaxation and Friedmann Instability [6pt] An RSVP Reinterpretation of Cosmological Saddle Geometry	article	standalone	9995
standardgalactic/cosmology	diagnosis-before-inference.tex	sources/standardgalactic/cosmology/diagnosis-before-inference.tex	Diagnosis Before Inference: The Initial Power Spectrum as an Admissibility Certificate in Cosmological Reconstruction	article	standalone	3209
standardgalactic/cosmology	interface-analysis.tex	sources/standardgalactic/cosmology/interface-analysis.tex	Interface Analysis: Stars! Planet Screen	article	standalone	221
standardgalactic/cosmology	monograph.tex	sources/standardgalactic/cosmology/monograph.tex	% RSVP Cosmology [12pt] Field Equations, Admissibility, and the Geometry of Distinction	book	standalone	4732
standardgalactic/ecological-models	urban_eco_climate.tex	sources/standardgalactic/ecological-models/urban_eco_climate.tex	% Urban Expansion in the Earth System [4pt] A Reduced-Form Eco-Climate Laboratory for Infrastructure--Carbon--Climate Feedbacks	article	standalone	4246
standardgalactic/gamma-waves	The Geometry of Outrage.tex	sources/standardgalactic/gamma-waves/The Geometry of Outrage.tex	The Geometry of Outrage: A Field-Theoretic Analysis of the Attention Economy	article	standalone	8334
standardgalactic/gamma-waves	economics/essay.tex	sources/standardgalactic/gamma-waves/economics/essay.tex	Everyone as Founder: Colonial Roots, Patriarchy, and Field-Theoretic Society	article	standalone	4429
standardgalactic/gamma-waves	essay/RSVP_Monograph_Complete_Parts_I_II (1).tex	sources/standardgalactic/gamma-waves/essay/RSVP_Monograph_Complete_Parts_I_II (1).tex	The RSVP Treatise: Semantic Infrastructure and Modular Computation in an Entropy-Respecting Universe	article	standalone	2540
standardgalactic/gamma-waves	essay/RSVP_Monograph_Complete_Parts_I_II.tex	sources/standardgalactic/gamma-waves/essay/RSVP_Monograph_Complete_Parts_I_II.tex	The RSVP Treatise: Semantic Infrastructure and Modular Computation in an Entropy-Respecting Universe	article	standalone	2218
standardgalactic/gamma-waves	essay/RSVP_Monograph_Complete_Parts_I_III.tex	sources/standardgalactic/gamma-waves/essay/RSVP_Monograph_Complete_Parts_I_III.tex	The RSVP Treatise: Semantic Infrastructure and Modular Computation in an Entropy-Respecting Universe	article	standalone	3904
standardgalactic/gamma-waves	essay/RSVP_Monograph_Complete_Parts_I_IV (1).tex	sources/standardgalactic/gamma-waves/essay/RSVP_Monograph_Complete_Parts_I_IV (1).tex	The RSVP Treatise: Semantic Infrastructure and Modular Computation in an Entropy-Respecting Universe	article	standalone	8014
standardgalactic/gamma-waves	essay/RSVP_Monograph_Complete_Parts_I_IV (2).tex	sources/standardgalactic/gamma-waves/essay/RSVP_Monograph_Complete_Parts_I_IV (2).tex	The RSVP Treatise: Semantic Infrastructure and Modular Computation in an Entropy-Respecting Universe	article	standalone	4322
standardgalactic/gamma-waves	essay/RSVP_Monograph_Complete_Parts_I_IV (3).tex	sources/standardgalactic/gamma-waves/essay/RSVP_Monograph_Complete_Parts_I_IV (3).tex	The RSVP Treatise: Semantic Infrastructure and Modular Computation in an Entropy-Respecting Universe	article	standalone	8059
standardgalactic/gamma-waves	essay/processing/essay.tex	sources/standardgalactic/gamma-waves/essay/processing/essay.tex	The RSVP Treatise: Semantic Infrastructure and Modular Computation in an Entropy-Respecting Universe	article	standalone	9019
standardgalactic/gamma-waves	monograph/monograph.tex	sources/standardgalactic/gamma-waves/monograph/monograph.tex	Master Portfolio: Interdisciplinary Projects in Physics, Computation, and Semantics	memoir	standalone	7480
standardgalactic/gamma-waves	projects/essay.tex	sources/standardgalactic/gamma-waves/projects/essay.tex	From RSVP Fields to Mechanistic Self-Aware Machines	article	standalone	3495
standardgalactic/gamma-waves	prototypes/entropys_edge.tex	sources/standardgalactic/gamma-waves/prototypes/entropys_edge.tex	Entropy’s Edge: The RSVP Wars Implementation Specification and Mathematical Supplement	article	standalone	5471
standardgalactic/kitbash	Admissibility and Renormalization.tex	sources/standardgalactic/kitbash/Admissibility and Renormalization.tex	Admissibility and Renormalization Geometry as an Effective Interface	article	standalone	9235
standardgalactic/kitbash	Ecphoric Synthesis.tex	sources/standardgalactic/kitbash/Ecphoric Synthesis.tex	Ecphoric Synthesis and Event-Historical Algebra A Formal Framework for Persistent Knowledge, Memory, and Meaning	article	standalone	11132
standardgalactic/kitbash	Ephemeral Feeds.tex	sources/standardgalactic/kitbash/Ephemeral Feeds.tex	Ephemeral Feeds and the Erasure of Context: Memory, Auditability, and the Design of Algorithmic Attention	article	standalone	5417
standardgalactic/kitbash	Everlasting Redshift.tex	sources/standardgalactic/kitbash/Everlasting Redshift.tex	Everlasting Redshift Apparent Expansion in a Relaxing Universe	article	standalone	10109
standardgalactic/kitbash	Metric Interface Dynamics.tex	sources/standardgalactic/kitbash/Metric Interface Dynamics.tex	From Irreversible Constraint to Metric Interface Dynamics	article	standalone	9523
standardgalactic/kitbash	On Gaudiness.tex	sources/standardgalactic/kitbash/On Gaudiness.tex	On Gaudiness Taste as Expressive Restraint	article	standalone	5252
standardgalactic/kitbash	The Failure of Project Xanadu.tex	sources/standardgalactic/kitbash/The Failure of Project Xanadu.tex	The Failure of Project Xanadu	article	standalone	4221
standardgalactic/kitbash	Transformation Before Representation.tex	sources/standardgalactic/kitbash/Transformation Before Representation.tex	Transformation Before Representation: A Compositional Operator Basis for Cognition, Gesture, and Narrative	article	standalone	11264
standardgalactic/kitbash	controversial-topics/background/monograph.tex	sources/standardgalactic/kitbash/controversial-topics/background/monograph.tex	The Noise Tax: Entropy, Responsibility, and the Economics of Coherence	article	standalone	12803
standardgalactic/kitbash	cosmology/constraint_geometry.tex	sources/standardgalactic/kitbash/cosmology/constraint_geometry.tex	Constraint Geometry and Semantic Dynamics: [6pt] A Unified Field Theory of Hierarchical Inference, Cognitive Transformation, and Alignment	book	standalone	7948
standardgalactic/kitbash	cosmology/essay/essay.tex	sources/standardgalactic/kitbash/cosmology/essay/essay.tex	Roads Not Taken: Encoding Ratchets in Cinema, Computation, and Cosmology	book	standalone	1927
standardgalactic/kitbash	cosmology/generative_memory.tex	sources/standardgalactic/kitbash/cosmology/generative_memory.tex	Non-Markovian Generative Influence: A Unified Framework for Cognition, Cosmology, and Spectroscopy	article	standalone	1303
standardgalactic/kitbash	cosmology/prereq_textbook.tex	sources/standardgalactic/kitbash/cosmology/prereq_textbook.tex	Renormalization, Asymptotic Safety, and the Scalar-Vector Plenum [0.8em] A Mathematical Introduction	book	standalone	13240
standardgalactic/kitbash	cosmology/rsvp_cosmology-1.tex	sources/standardgalactic/kitbash/cosmology/rsvp_cosmology-1.tex	Cosmological Observables Without Expansion: A Scalar--Vector--Entropy Field Theory of Redshift, Luminosity Distance, and the Hubble Tension [1em] An RSVP and Spherepop Synthesis	article	standalone	9023
standardgalactic/kitbash	cosmology/rsvp_cosmology.tex	sources/standardgalactic/kitbash/cosmology/rsvp_cosmology.tex	Cosmological Observables Without Expansion: A Scalar--Vector--Entropy Field Theory of Redshift, Luminosity Distance, and the Hubble Tension [1em] An RSVP and Spherepop Synthesis	article	standalone	8090
standardgalactic/kitbash	cosmology/rsvp_cosmology_v2-1.tex	sources/standardgalactic/kitbash/cosmology/rsvp_cosmology_v2-1.tex	Cosmological Observables Without Expansion: A Scalar--Vector--Entropy Field Theory of Redshift, Luminosity Distance, and the Hubble Tension [1em] An RSVP and Spherepop Synthesis	article	standalone	10130
standardgalactic/kitbash	cosmology/rsvp_cosmology_v2.tex	sources/standardgalactic/kitbash/cosmology/rsvp_cosmology_v2.tex	Cosmological Observables Without Expansion: A Scalar--Vector--Entropy Field Theory of Redshift, Luminosity Distance, and the Hubble Tension [1em] An RSVP and Spherepop Synthesis	article	standalone	9998
standardgalactic/kitbash	essay/knowledge-ecosystems.tex	sources/standardgalactic/kitbash/essay/knowledge-ecosystems.tex	The Thermodynamics of Knowledge Ecosystems 0.5em Entropy, Freedom, and the Ethics of Repair	article	standalone	12582
standardgalactic/kitbash	essay/paper.tex	sources/standardgalactic/kitbash/essay/paper.tex	Entropic Paradoxes in Big Tech Critique: A Formal Analysis Through the RSVP Framework	article	standalone	2878
standardgalactic/kitbash	geometry-as-computational-infrastructure.tex	sources/standardgalactic/kitbash/geometry-as-computational-infrastructure.tex	Orthodromic Infrastructure Blueprint [0.5em] A Long-Term Architectural Specification for Civil Convergence	book	standalone	28272
standardgalactic/kitbash	irreversible-histories.tex	sources/standardgalactic/kitbash/irreversible-histories.tex	Irreversible Histories as Ontological Primitives: A Constraint-First Foundation for Dynamic Ontologies	article	standalone	9351
standardgalactic/kitbash	monograph/Scalar-Extraction.tex	sources/standardgalactic/kitbash/monograph/Scalar-Extraction.tex	Scalar Extraction in Platform Capitalism: A Field-Theoretic, Economic, and Algorithmic Theory of Extractive Social Networks and Their Non-Extractive Redesign	article	standalone	2609
standardgalactic/kitbash	operations/essay-01/monograph.tex	sources/standardgalactic/kitbash/operations/essay-01/monograph.tex	From RSVP Field Dynamics to TAG Multi-Agent Hierarchies	article	standalone	3815
standardgalactic/kitbash	operations/essay-03/essay-03.tex	sources/standardgalactic/kitbash/operations/essay-03/essay-03.tex	Chokepoint Capitalism in Knowledge Infrastructures: An RSVP-Theoretic Analysis	article	standalone	4963
standardgalactic/kitbash	paperbot/geometry-of-control.tex	sources/standardgalactic/kitbash/paperbot/geometry-of-control.tex	The Geometry of Control [0.5em] Admissibility, Reachability, and Projection Collapse in Prisoners of Power	article	standalone	16128
standardgalactic/kitbash	paperbot/paperbot-parliament.tex	sources/standardgalactic/kitbash/paperbot/paperbot-parliament.tex	Paperbot Parliament: A Multi-Agent Framework for Distinction-Centered Document Analysis [0.6em] Concept, Formal Theory, Algorithm, and First Experimental Run	article	standalone	6429
standardgalactic/kitbash	paperbot/parliament_hydra.tex	sources/standardgalactic/kitbash/paperbot/parliament_hydra.tex	Parliament on a Plenum [0.4em] Augmenting Paperbot Parliament with HYDRA Architecture	article	standalone	5103
standardgalactic/kitbash	paperbot/reachability_systems.tex	sources/standardgalactic/kitbash/paperbot/reachability_systems.tex	Civilizations as Reachability Systems [0.4em] A Geometric Reading of Turchin, McKee, and the Biology of Innovation	article	standalone	4254
standardgalactic/kitbash	paradox-of-precaution.tex	sources/standardgalactic/kitbash/paradox-of-precaution.tex	Paradox of Precaution 0.3em How AGI Safety Could Erode Human Trust 0.3em A Thermodynamic Theory of Mutual Corrigibility 0.3em Extended Version	article	standalone	8758
standardgalactic/kitbash	philosophy/structural-semantics.tex	sources/standardgalactic/kitbash/philosophy/structural-semantics.tex	Structural Semantics	book	standalone	39324
standardgalactic/kitbash	physics/RSVP_Study_Guide (1).tex	sources/standardgalactic/kitbash/physics/RSVP_Study_Guide (1).tex	RSVP Study Guide: A Comprehensive Framework for Relativistic Scalar Vector Plenum	report	standalone	3016
standardgalactic/kitbash	physics/RSVP_Study_Guide (2).tex	sources/standardgalactic/kitbash/physics/RSVP_Study_Guide (2).tex	RSVP Study Guide: A Comprehensive Framework for Relativistic Scalar Vector Plenum	report	standalone	5718
standardgalactic/kitbash	physics/RSVP_Study_Guide (3).tex	sources/standardgalactic/kitbash/physics/RSVP_Study_Guide (3).tex	RSVP Study Guide: A Comprehensive Framework for Relativistic Scalar Vector Plenum	report	standalone	5716
standardgalactic/kitbash	physics/constraint-accumulation.tex	sources/standardgalactic/kitbash/physics/constraint-accumulation.tex	Time as Irreversible Constraint Accumulation: An Event-Based Interpretation of Proper Time, Entropy, and Dissipative Structure	article	standalone	12449
standardgalactic/kitbash	physics/processing/constraint-accumulation.tex	sources/standardgalactic/kitbash/physics/processing/constraint-accumulation.tex	Time as Irreversible Constraint Accumulation: An Event-Based Interpretation of Proper Time, Entropy, and Dissipative Structure	article	standalone	11875
standardgalactic/kitbash	prereq_textbook.tex	sources/standardgalactic/kitbash/prereq_textbook.tex	Renormalization, Asymptotic Safety, and the Scalar-Vector Plenum [0.8em] A Mathematical Introduction	book	standalone	13240
standardgalactic/kitbash	processing/essay/main.tex	sources/standardgalactic/kitbash/processing/essay/main.tex	From Gossip to Chokepoint Capitalism: Cycles of Semantic Constraint	article	standalone	1614
standardgalactic/kitbash	processing/unreadability.tex	sources/standardgalactic/kitbash/processing/unreadability.tex	% The Unreadability of Dynamic Readability: An Explicit Specification of a Conceptualization [0.5em] Progressive Methodological Refinement and Increasingly Rigorous Framework Instantiation	article	standalone	5450
standardgalactic/kitbash	research/essay/thermal-infrastructure.tex	sources/standardgalactic/kitbash/research/essay/thermal-infrastructure.tex	A Categorical and Bioeconomic Framework for Useful Computation as Heat, Semantic Merging, and Polycomputational Agency	article	standalone	1293
standardgalactic/kitbash	research/math/entropic-gravity.tex	sources/standardgalactic/kitbash/research/math/entropic-gravity.tex	The Fall of Space: Entropic Relaxation and Structure Without Expansion in a Scalar-Vector Plenum	article	standalone	3950
standardgalactic/kitbash	research/psychology/emotions.tex	sources/standardgalactic/kitbash/research/psychology/emotions.tex	From Catharsis to Geometric Bayesianism: RSVP and the Demise of the Hydraulic Model of Emotion	article	standalone	3640
standardgalactic/kitbash	sandbox/essay/essay.tex	sources/standardgalactic/kitbash/sandbox/essay/essay.tex	The Moon Should Not Be a Computer	article	standalone	3944
standardgalactic/kitbash	thesis/constraint_closure.tex	sources/standardgalactic/kitbash/thesis/constraint_closure.tex	Inference as Constraint Closure: A Variational, Spectral, and Sheaf-Theoretic Framework for Reconstruction	article	standalone	5444
standardgalactic/kitbash	workspace/operator-ecology.tex	sources/standardgalactic/kitbash/workspace/operator-ecology.tex	Operator Ecology	article	standalone	5134
standardgalactic/library	Agency Is Not Computation.tex	sources/standardgalactic/library/Agency Is Not Computation.tex	Agency Is Not Computation Why Irreversibility, Not Intelligence, Defines the Limit of Artificial Systems	article	standalone	7238
standardgalactic/library	Cognition-as-Constraint-Historical-Computation.tex	sources/standardgalactic/library/Cognition-as-Constraint-Historical-Computation.tex	Cognition as Constraint-Historical Computation: A Formalization of the Info--Computational Framework	article	standalone	13550
standardgalactic/library	Constraint Before Optimization.tex	sources/standardgalactic/library/Constraint Before Optimization.tex	Constraint Before Optimization: Toward a Thermodynamics of Trust and Meaning	article	standalone	6159
standardgalactic/library	Hallucination is Normal.tex	sources/standardgalactic/library/Hallucination is Normal.tex	Hallucination Is Normal: A Geometric Theory of Manifold-Aligned Semantic Dynamics	article	standalone	5915
standardgalactic/library	Identity as Namespace.tex	sources/standardgalactic/library/Identity as Namespace.tex	Identity as Namespace: Entropy, Reputation, and Metric Collapse in Platform Architectures	article	standalone	12292
standardgalactic/library	Indivisibility-and-entropy.tex	sources/standardgalactic/library/Indivisibility-and-entropy.tex	Indivisibility and Entropy in Quantum Theory Wave Functions as Compression Artifacts of a Thermodynamic Plenum	article	standalone	10080
standardgalactic/library	Intelligence Is a Trajectory.tex	sources/standardgalactic/library/Intelligence Is a Trajectory.tex	Intelligence Is a Trajectory	scrartcl	standalone	14226
standardgalactic/library	Merit without Mercy.tex	sources/standardgalactic/library/Merit without Mercy.tex	Merit Without Mercy: Functional Reduction, Organizational Blindness, and the End of Human Justification	article	standalone	6177
standardgalactic/library	Simulation as Civic Infrastructure.tex	sources/standardgalactic/library/Simulation as Civic Infrastructure.tex	Simulation as Civic Infrastructure Preference Revelation and the End of Narrative Coordination	article	standalone	10626
standardgalactic/library	The Logic of Redundancy.tex	sources/standardgalactic/library/The Logic of Redundancy.tex	The Logic of Redundancy	article	standalone	13344
standardgalactic/library	The Myth of Dual Cognition.tex	sources/standardgalactic/library/The Myth of Dual Cognition.tex	The Myth of Dual Cognition Automaticity, Attention, and the Misreading of System~1	article	standalone	4248
standardgalactic/library	The Stack Capture Race.tex	sources/standardgalactic/library/The Stack Capture Race.tex	The Stack Capture Race	article	standalone	7957
standardgalactic/library	Thermodynamic-Reachability.tex	sources/standardgalactic/library/Thermodynamic-Reachability.tex	Thermodynamic Reachability Geometric Bayesianism with Sparse Heuristics in Dynamically Constrained Systems	article	standalone	13915
standardgalactic/library	Worldline Selection Under Constraint.tex	sources/standardgalactic/library/Worldline Selection Under Constraint.tex	Worldline Selection Under Constraint: Equilibrium Pruning in an Event-Historical Framework	article	standalone	7139
standardgalactic/library	astrophysics/solar-interiors.tex	sources/standardgalactic/library/astrophysics/solar-interiors.tex	Degenerate Lattice Cores in Solar Interiors: Beyond the Point-Mass Approximation	article	standalone	4486
standardgalactic/library	astrophysics/time/entropic-smoothing.tex	sources/standardgalactic/library/astrophysics/time/entropic-smoothing.tex	Entropic Smoothing and Relational Geodesics: A Sheaf--Functor Equivalence between RSVP Field Dynamics and Barbour's Configuration Space	article	standalone	2021
standardgalactic/library	baseline/text_as_substrate.tex	sources/standardgalactic/library/baseline/text_as_substrate.tex	Text as Substrate: On Semantic Compression and the Emergence of a Universal Representational Medium	article	standalone	21487
standardgalactic/library	computing/magnetic-fluidic-computing.tex	sources/standardgalactic/library/computing/magnetic-fluidic-computing.tex	Magnetic Fluidic Computing [0.3em] Circulation, Admissibility, and the Architecture of Trajectory	article	standalone	8340
standardgalactic/library	constraint_geometry.tex	sources/standardgalactic/library/constraint_geometry.tex	Constraint Geometry and Semantic Dynamics: [6pt] A Unified Field Theory of Hierarchical Inference, Cognitive Transformation, and Alignment	book	standalone	7948
standardgalactic/library	field-dynamics-essay.tex	sources/standardgalactic/library/field-dynamics-essay.tex	as Field Dynamics: [0.4em] The RSVP Interpretation of the Free Energy Principle	article	standalone	12068
standardgalactic/library	geology/paper.tex	sources/standardgalactic/library/geology/paper.tex	Planetary Autocatalysis: Hierarchical Selection, Entropy Fields, and the Emergence of Complexity	book	standalone	7195
standardgalactic/library	intelligence-under-constraint.tex	sources/standardgalactic/library/intelligence-under-constraint.tex	Intelligence Under Constraint: Construction, Legibility, and Boundary Conditions	article	standalone	16793
standardgalactic/library	monograph/constraint_regimes-v1.tex	sources/standardgalactic/library/monograph/constraint_regimes-v1.tex	Constraint Regimes and the Structure of Surviving Objects On the Invariance of Selection Pressure Across Censorship, Feed Dynamics, and Cognitive Strategy	article	standalone	3507
standardgalactic/library	monograph/constraint_regimes.tex	sources/standardgalactic/library/monograph/constraint_regimes.tex	Constraint Regimes and the Structure of Surviving Objects On the Invariance of Selection Pressure Across Censorship, Feed Dynamics, and Cognitive Strategy	article	standalone	6837
standardgalactic/library	monograph/processing/constraint_regimes-v1.tex	sources/standardgalactic/library/monograph/processing/constraint_regimes-v1.tex	Constraint Regimes and the Structure of Surviving Objects On the Invariance of Selection Pressure Across Censorship, Feed Dynamics, and Cognitive Strategy	article	standalone	3507
standardgalactic/library	monograph/processing/constraint_regimes.tex	sources/standardgalactic/library/monograph/processing/constraint_regimes.tex	Constraint Regimes and the Structure of Surviving Objects On the Invariance of Selection Pressure Across Censorship, Feed Dynamics, and Cognitive Strategy	article	standalone	6837
standardgalactic/library	monograph/processing/topology_of_intention-v1.tex	sources/standardgalactic/library/monograph/processing/topology_of_intention-v1.tex	Topology of Intention [0.4em] Process-Based Identity and the Geometric Binding of the Self	article	standalone	2462
standardgalactic/library	monograph/processing/topology_of_intention-v2.tex	sources/standardgalactic/library/monograph/processing/topology_of_intention-v2.tex	Topology of Intention [0.4em] Process-Based Identity and the Geometric Binding of the Self	article	standalone	4249
standardgalactic/library	monograph/processing/topology_of_intention.tex	sources/standardgalactic/library/monograph/processing/topology_of_intention.tex	Topology of Intention [0.4em] Process-Based Identity and the Geometric Binding of the Self	article	standalone	4700
standardgalactic/library	monograph/topology_of_intention-v1.tex	sources/standardgalactic/library/monograph/topology_of_intention-v1.tex	Topology of Intention [0.4em] Process-Based Identity and the Geometric Binding of the Self	article	standalone	2462
standardgalactic/library	monograph/topology_of_intention-v2.tex	sources/standardgalactic/library/monograph/topology_of_intention-v2.tex	Topology of Intention [0.4em] Process-Based Identity and the Geometric Binding of the Self	article	standalone	4249
standardgalactic/library	monograph/topology_of_intention.tex	sources/standardgalactic/library/monograph/topology_of_intention.tex	Topology of Intention [0.4em] Process-Based Identity and the Geometric Binding of the Self	article	standalone	4704
standardgalactic/library	physics/affine-quantum-deformation-abstract.tex	sources/standardgalactic/library/physics/affine-quantum-deformation-abstract.tex	Affine Quantum Deformation and the Geometry of Awareness: A Unified Variational Framework	article	standalone	316
standardgalactic/library	physics/affine-quantum-deformation-article.tex	sources/standardgalactic/library/physics/affine-quantum-deformation-article.tex	Affine Quantum Deformation and the Geometry of Awareness: A Unified Theory of Quantum Structure and Semantic Dynamics	article	standalone	555
standardgalactic/library	physics/affine-quantum-deformation-summary.tex	sources/standardgalactic/library/physics/affine-quantum-deformation-summary.tex	Executive Summary: Affine Quantum Deformation and the Geometry of Awareness	article	standalone	187
standardgalactic/library	physics/affine-quantum-deformation-workshop.tex	sources/standardgalactic/library/physics/affine-quantum-deformation-workshop.tex	Affine Quantum Deformation and the Geometry of Awareness	article	standalone	252
standardgalactic/library	physics/monograph/essay.tex	sources/standardgalactic/library/physics/monograph/essay.tex	Reflexive Field Dynamics: A Lagrangian Theory of Mind	book	standalone	5607
standardgalactic/library	physics/monograph/incomplete.tex	sources/standardgalactic/library/physics/monograph/incomplete.tex	Reflexive Field Dynamics: A Lagrangian Theory of Mind: To be assigned upon publication	book	standalone	2413
standardgalactic/library	pipeline/monograph.tex	sources/standardgalactic/library/pipeline/monograph.tex	Extrapolated Riemannian Curvature of Semantic Manifolds	article	standalone	9425
standardgalactic/library	pipeline/suggestions - 01.tex	sources/standardgalactic/library/pipeline/suggestions - 01.tex	Extrapolated Riemannian Curvature of Semantic Manifolds	article	standalone	4272
standardgalactic/library	pipeline/suggestions - 02.tex	sources/standardgalactic/library/pipeline/suggestions - 02.tex	Extrapolated Riemannian Curvature of Semantic Manifolds	article	standalone	1436
standardgalactic/library	processing/The Coordination Engine.tex	sources/standardgalactic/library/processing/The Coordination Engine.tex	The Coordination Engine: Civilization as an Error-Correcting System	article	standalone	14299
standardgalactic/library	processing/lower-vertebrates.tex	sources/standardgalactic/library/processing/lower-vertebrates.tex	Lower Vertebrates: Structure, Constraint, and the Material Basis of Form	book	standalone	27348
standardgalactic/library	projects/Distributed Centrality.tex	sources/standardgalactic/library/projects/Distributed Centrality.tex	Centrality [0.4em] Symmetry Preservation in Nonequilibrium Semantic Substrates	article	standalone	6407
standardgalactic/library	resources/geometric-memory.tex	sources/standardgalactic/library/resources/geometric-memory.tex	Geometric Memory as Trajectory Influence on a Generative Substrate	article	standalone	4721
standardgalactic/library	spectral-universality/spectral-universality.tex	sources/standardgalactic/library/spectral-universality/spectral-universality.tex	Spectral Universality in Complex Systems: Random Matrices, Cortical Resonance, and RSVP Dynamics	article	standalone	12911
standardgalactic/library	system/viewpoint-diversity.tex	sources/standardgalactic/library/system/viewpoint-diversity.tex	Viewpoint Diversity: Cultural Constructs and the Architecture of Mind	book	standalone	14910
standardgalactic/library	text_as_substrate-v1.tex	sources/standardgalactic/library/text_as_substrate-v1.tex	Text as Substrate: On Semantic Compression and the Emergence of a Universal Representational Medium	article	standalone	11046
standardgalactic/library	text_as_substrate-v2.tex	sources/standardgalactic/library/text_as_substrate-v2.tex	Text as Substrate: On Semantic Compression and the Emergence of a Universal Representational Medium	article	standalone	13113
standardgalactic/library	text_as_substrate.tex	sources/standardgalactic/library/text_as_substrate.tex	Text as Substrate: On Semantic Compression and the Emergence of a Universal Representational Medium	article	standalone	21487
standardgalactic/library	workspace/from-verification-to-commitment.tex	sources/standardgalactic/library/workspace/from-verification-to-commitment.tex	From Verification to Commitment: Histories, Repair Warrants, and Admissible Continuation in Agentic Systems	article	standalone	5087
standardgalactic/memory	beyond-optimal-foraging.tex	sources/standardgalactic/memory/beyond-optimal-foraging.tex	Beyond Optimal Foraging: Representation Repair and the Structural Consequences of AI-Augmented Research	article	standalone	6125
standardgalactic/memory	fusion-viability/fusion-viability-book-latex/main.tex	sources/standardgalactic/memory/fusion-viability/fusion-viability-book-latex/main.tex	A Viability Theory of Fusion Reactors [0.3em] Beyond the Lawson Criterion	book	standalone	255
standardgalactic/memory	fusion-viability/main.tex	sources/standardgalactic/memory/fusion-viability/main.tex	A Viability Theory of Fusion Reactors [0.3em] Beyond the Lawson Criterion	book	standalone	255
standardgalactic/memory	processing/book1-latex-source/main.tex	sources/standardgalactic/memory/processing/book1-latex-source/main.tex	A History of Machine Learning [0.5em] , Representations, and the Question of Grounding	book	standalone	93
standardgalactic/memory	processing/constitutional-cybernetics.tex	sources/standardgalactic/memory/processing/constitutional-cybernetics.tex	Constitutional Cybernetics [1em] A Control-Theoretic Theory of Government	article	standalone	28511
standardgalactic/paracosm	preamble.tex	sources/standardgalactic/paracosm/preamble.tex	RSVP Codex: The Zero Day Exploits Series Algebraic, Geometric, Categorical, and Sheaf-Theoretic Essays on the Plenum	book	standalone	32
standardgalactic/paracosm	workspace/proof-of-god.tex	sources/standardgalactic/paracosm/workspace/proof-of-god.tex	Mathematical Proof for the Existence of God [0.3em] A Study in Constraint Theology	book	standalone	50660
standardgalactic/research-projects	Aurora/biodiversity-as-infrastructure.tex	sources/standardgalactic/research-projects/Aurora/biodiversity-as-infrastructure.tex	% Biodiversity as Infrastructure [0.5em] Toward the Universalization of Living Roofs: [0.2em] A Thermodynamic and Ecological Argument for Architectural Necessity	article	standalone	5895
standardgalactic/research-projects	Aurora/gesture-before-symbol.tex	sources/standardgalactic/research-projects/Aurora/gesture-before-symbol.tex	Gesture Before Symbol: Recovering Latent Structure in Keyboard Input	article	standalone	12794
standardgalactic/research-projects	Aurora/obstruction-cohomology.tex	sources/standardgalactic/research-projects/Aurora/obstruction-cohomology.tex	Obstruction Cohomology and the Topology of Failure Constraint Closure Across Differential, Recursive, and Semantic Regimes	article	standalone	9210
standardgalactic/research-projects	Collective Intelligence Under Constraint.tex	sources/standardgalactic/research-projects/Collective Intelligence Under Constraint.tex	Collective Intelligence Under Constraint: Search Efficiency, Horizon Collapse, and Anti-Cognitive Platform Design	article	standalone	6701
standardgalactic/research-projects	Constraints-without-Commitment.tex	sources/standardgalactic/research-projects/Constraints-without-Commitment.tex	Constraints Without Commitment: On the Limits of Algebraic Unification in Contemporary Deep Learning	article	standalone	7754
standardgalactic/research-projects	Homotopy and Identity.tex	sources/standardgalactic/research-projects/Homotopy and Identity.tex	Homotopy and Identity A Dynamical Foundation for Upper-Level Ontology	article	standalone	8535
standardgalactic/research-projects	Irreversibility as Architecture.tex	sources/standardgalactic/research-projects/Irreversibility as Architecture.tex	Irreversibility as Architecture: Physics, Computation, and the Limits of Transformation	article	standalone	6827
standardgalactic/research-projects	Irreversible-dynamics.tex	sources/standardgalactic/research-projects/Irreversible-dynamics.tex	Irreversible Dynamics of Entropic Manifolds	article	standalone	6582
standardgalactic/research-projects	Local Tractability and Global Dysfunction.tex	sources/standardgalactic/research-projects/Local Tractability and Global Dysfunction.tex	Local Tractability and Global Dysfunction Institutional Mediation, Epistemic Efficiency, and the Rationality of Non-Intervention	article	standalone	25956
standardgalactic/research-projects	Noun-Free Cognition.tex	sources/standardgalactic/research-projects/Noun-Free Cognition.tex	Noun-Free Cognition: Difficulty, Abstraction, and the Mobility of Computation	article	standalone	16037
standardgalactic/research-projects	Order and Obfuscation.tex	sources/standardgalactic/research-projects/Order and Obfuscation.tex	Order and Obfuscation [0.5em] Abstraction, Layering, and the Architecture of Computation	article	standalone	5765
standardgalactic/research-projects	Persistence Before Efficiency.tex	sources/standardgalactic/research-projects/Persistence Before Efficiency.tex	Persistence Before Efficiency A Constraint-First Theory of Civilization	article	standalone	5103
standardgalactic/research-projects	Physics After Spacetime.tex	sources/standardgalactic/research-projects/Physics After Spacetime.tex	Physics After Spacetime Deriving Physical Law from Irreversible Entropy Flow	article	standalone	8381
standardgalactic/research-projects	PlenumHub/monograph.tex	sources/standardgalactic/research-projects/PlenumHub/monograph.tex	PlenumHub: A Formal Semantic Compute Substrate for Modular Knowledge Systems	article	standalone	4506
standardgalactic/research-projects	RSVP-Monograph/Volume-I-Foundations/main-vol1.tex	sources/standardgalactic/research-projects/RSVP-Monograph/Volume-I-Foundations/main-vol1.tex	: Mathematical Foundations of Lamphrodynamic Field Theory	book	standalone	520
standardgalactic/research-projects	RSVP-Monograph/Volume-II-Applications/main-vol2.tex	sources/standardgalactic/research-projects/RSVP-Monograph/Volume-II-Applications/main-vol2.tex	: Physical Applications: Cosmology and Gravity [4pt] Emergent Spacetime, Entropic Gravity, and Observational Predictions	book	standalone	1144
standardgalactic/research-projects	RSVP-Monograph/Volume-III-Extensions/main-vol3.tex	sources/standardgalactic/research-projects/RSVP-Monograph/Volume-III-Extensions/main-vol3.tex	: Extensions, Interpretations, and New Directions	book	standalone	465
standardgalactic/research-projects	Spectacle Runtime.tex	sources/standardgalactic/research-projects/Spectacle Runtime.tex	Spectacle Runtime and the Compression of Meaning Temporal Form Social Media and the Reformatting of Collective Belief [0.5em] A Study in Media Ecology and Epistemic Architecture	article	standalone	7455
standardgalactic/research-projects	The Ergonomics of Prediction.tex	sources/standardgalactic/research-projects/The Ergonomics of Prediction.tex	The Ergonomics of Prediction: Gesture, Ergodicity, and the Cost of Micro-Friction in Trace-Based Keyboards	article	standalone	6710
standardgalactic/research-projects	active-inference/monograph.tex	sources/standardgalactic/research-projects/active-inference/monograph.tex	Simulated Agency as Active Control: A Unified Framework Integrating Choice Theory, Perceptual Control Theory, the Free Energy Principle, Sparse Semantic Projection, and Sheaf-Theoretic Coherence	article	standalone	17154
standardgalactic/research-projects	admissibility-lab/eight_letter_keyboard.tex	sources/standardgalactic/research-projects/admissibility-lab/eight_letter_keyboard.tex	The Eight-Letter Keyboard: Motor Compression, Finger Identity, and Hierarchical Symbolic Access	article	standalone	5392
standardgalactic/research-projects	admissibility-lab/motor_phonology.tex	sources/standardgalactic/research-projects/admissibility-lab/motor_phonology.tex	Motor Phonology and Symbolic Reachability: Keyboards, Scripts, and the Generative Minimum	article	standalone	10938
standardgalactic/research-projects	admissibility-lab/processing/autobiographical-erasure.tex	sources/standardgalactic/research-projects/admissibility-lab/processing/autobiographical-erasure.tex	Erasure in Scientific Writing [0.3em] Interpretive Drift, Compression, and the Search for Invariants	article	standalone	23714
standardgalactic/research-projects	admissibility-lab/processing/containers-before-contents.tex	sources/standardgalactic/research-projects/admissibility-lab/processing/containers-before-contents.tex	Containers Before Contents [0.3em] Boundary Dynamics, Selective Permeability, and the Mathematics of Inside	article	standalone	13380
standardgalactic/research-projects	admissibility-lab/processing/copies-before-originals.tex	sources/standardgalactic/research-projects/admissibility-lab/processing/copies-before-originals.tex	Copies Before Originals [0.3em] Convergence, Admissibility, and the Explanatory Status of the First Instance	article	standalone	8763
standardgalactic/research-projects	admissibility-lab/processing/intelligence-as-perspectival-convergence.tex	sources/standardgalactic/research-projects/admissibility-lab/processing/intelligence-as-perspectival-convergence.tex	Intelligence as Perspectival Convergence	book	standalone	179
standardgalactic/research-projects	analysis/github_activity-2.tex	sources/standardgalactic/research-projects/analysis/github_activity-2.tex	Preliminary Analysis of Developer Activity and Language Ecosystems in a Large GitHub Follow Network	article	standalone	3067
standardgalactic/research-projects	analysis/github_developer_lifecycles.tex	sources/standardgalactic/research-projects/analysis/github_developer_lifecycles.tex	Developer Lifecycles and Language Ecosystem Dynamics on GitHub: A Large-Scale Analysis of a Follow Network	article	standalone	5761
standardgalactic/research-projects	anti-admissibility.tex	sources/standardgalactic/research-projects/anti-admissibility.tex	Sufficient Conditions for Anti-Admissibility via Composed Ritual and Cryptographic Resistances in Spherepop Pop Regimes	article	standalone	661
standardgalactic/research-projects	categorical-structure-of-alignment.tex	sources/standardgalactic/research-projects/categorical-structure-of-alignment.tex	The Categorical Structure of Alignment [0.4em] Representation, Motivation, and the Preservation of Normative Invariants	article	standalone	23023
standardgalactic/research-projects	delta-sigma-modulators/main.tex	sources/standardgalactic/research-projects/delta-sigma-modulators/main.tex	Delta--Sigma Modulators and Data Converters: [6pt] A Field-Theoretic Approach to Quantization, Noise Shaping, and Information Flow	book	standalone	772
standardgalactic/research-projects	epistemology/Abstraction-as-Stabilized-Replay.tex	sources/standardgalactic/research-projects/epistemology/Abstraction-as-Stabilized-Replay.tex	Abstraction as Stabilized Replay: Memory, Equivalence, and Semantic Depth	article	standalone	1414
standardgalactic/research-projects	epistemology/Epistemic-Tooling.tex	sources/standardgalactic/research-projects/epistemology/Epistemic-Tooling.tex	Instrumented Illegibility: Epistemic Tooling, Semantic Impedance, and the Design of Non-Didactic Interfaces	article	standalone	1222
standardgalactic/research-projects	epistemology/Semantic-Construction.tex	sources/standardgalactic/research-projects/epistemology/Semantic-Construction.tex	Compression, Abstraction, and Semantic Construction: A Structural Response to the Mathematical Foundations of Intelligence	article	standalone	4910
standardgalactic/research-projects	epistemology/Strategic-Refusal.tex	sources/standardgalactic/research-projects/epistemology/Strategic-Refusal.tex	Strategic Refusal: Intelligence After Goodhart	article	standalone	3612
standardgalactic/research-projects	epistemology/agents-and-didactic-interfaces-v01.tex	sources/standardgalactic/research-projects/epistemology/agents-and-didactic-interfaces-v01.tex	Agents and Didactic Interfaces: On the Loss of Agency Under Semantic Compression	article	standalone	545
standardgalactic/research-projects	epistemology/agents-and-didactic-interfaces-v02.tex	sources/standardgalactic/research-projects/epistemology/agents-and-didactic-interfaces-v02.tex	Agents and Didactic Interfaces: On the Loss of Agency Under Semantic Compression	article	standalone	701
standardgalactic/research-projects	epistemology/intelligence-as-structural-compression.tex	sources/standardgalactic/research-projects/epistemology/intelligence-as-structural-compression.tex	Intelligence as Structural Compression: A Theory of Mind Recognition via Effective Assembly	article	standalone	4788
standardgalactic/research-projects	epistemology/spherepop/Abstraction-before-Representation.tex	sources/standardgalactic/research-projects/epistemology/spherepop/Abstraction-before-Representation.tex	Abstraction Before Representation: Deterministic Replay, Semantic Equivalence, and the Ontology of Intelligence	article	standalone	2616
standardgalactic/research-projects	epistemology/spherepop/Replay-and-Invariance.tex	sources/standardgalactic/research-projects/epistemology/spherepop/Replay-and-Invariance.tex	Replay and Invariance: Toward a Structural Geometry of Semantic Systems	article	standalone	1829
standardgalactic/research-projects	epistemology/spherepop/Replayable-Construction.tex	sources/standardgalactic/research-projects/epistemology/spherepop/Replayable-Construction.tex	Replayable Construction and the Computational Basis of Abstraction	article	standalone	1334
standardgalactic/research-projects	epistemology/spherepop/Replayable-Memory.tex	sources/standardgalactic/research-projects/epistemology/spherepop/Replayable-Memory.tex	Replayable Memory and the Cognitive Basis of Abstraction	article	standalone	1201
standardgalactic/research-projects	epistemology/spherepop/Semantic-Consistency.tex	sources/standardgalactic/research-projects/epistemology/spherepop/Semantic-Consistency.tex	Semantic Consistency as a Systems Invariant: Replay, Abstraction, and Event-Sourced Computation	article	standalone	1113
standardgalactic/research-projects	epistemology/spherepop/Semantic-Stability.tex	sources/standardgalactic/research-projects/epistemology/spherepop/Semantic-Stability.tex	Information, Entropy, and Semantic Stability: Abstraction Beyond Compression	article	standalone	1447
standardgalactic/research-projects	essay/behavioural-capture.tex	sources/standardgalactic/research-projects/essay/behavioural-capture.tex	Behavioural Capture and Authoritarianism: A Field Theory of Autonomy in the Predictive Age	report	standalone	4506
standardgalactic/research-projects	fixed-point-causality.tex	sources/standardgalactic/research-projects/fixed-point-causality.tex	Fixed-Point Causality: Physics, Consciousness, and Computation in the Relativistic Scalar–Vector Plenum	article	standalone	2013
standardgalactic/research-projects	goodhart.tex	sources/standardgalactic/research-projects/goodhart.tex	Goodhart's Law as Boundary Entropy Collapse in Spherepop: A Playcosmic Interpretation of Metric Flattening	article	standalone	639
standardgalactic/research-projects	history/Evolutionary Development.tex	sources/standardgalactic/research-projects/history/Evolutionary Development.tex	Evolutionary Development in the Relativistic Scalar Vector Plenum: An Entropic Field Theory of Complex Systems	article	standalone	15557
standardgalactic/research-projects	history/repair-categories.tex	sources/standardgalactic/research-projects/history/repair-categories.tex	Repair Categories and the Local Geometry of Continuation	article	standalone	7759
standardgalactic/research-projects	history/terminal-and-traversal.tex	sources/standardgalactic/research-projects/history/terminal-and-traversal.tex	Terminal and Traversal-Dependent Texts A Theory of What Reading Actually Costs	article	standalone	4859
standardgalactic/research-projects	history/wave_to_continuation_dynamics.tex	sources/standardgalactic/research-projects/history/wave_to_continuation_dynamics.tex	From Wave Dynamics to Continuation Dynamics: Why Neural Oscillations May Be Realizations Rather Than Explanations	article	standalone	10090
standardgalactic/research-projects	interpretability/Causal Mechanistic Interpretability.tex	sources/standardgalactic/research-projects/interpretability/Causal Mechanistic Interpretability.tex	Causal Mechanistic Interpretability: From Inspection to Event-Historical Structures, Two-Channel Mediation, and Resilience in Neural and Knowledge Systems	article	standalone	10755
standardgalactic/research-projects	interpretability/Causal Mediation.tex	sources/standardgalactic/research-projects/interpretability/Causal Mediation.tex	Causal Mediation, Event Structure, and Regime-Sensitive Mechanistic Interpretability	article	standalone	2756
standardgalactic/research-projects	interpretability/Event-Nodes and Texture-nodes.tex	sources/standardgalactic/research-projects/interpretability/Event-Nodes and Texture-nodes.tex	Event-Nodes and Texture-Nodes: Extending Causal Mechanistic Interpretability with Irreversible Structure	article	standalone	1202
standardgalactic/research-projects	interpretability/Event-Nodes.tex	sources/standardgalactic/research-projects/interpretability/Event-Nodes.tex	Event-Nodes, Texture-Nodes, and Causal Structure: From State Intervention to Event-Historical Mechanistic Explanation	article	standalone	10059
standardgalactic/research-projects	interpretability/From Inspection to Intervention.tex	sources/standardgalactic/research-projects/interpretability/From Inspection to Intervention.tex	From Inspection to Intervention: Causal Mechanisms and Algorithmic Understanding in Neural Networks	article	standalone	1175
standardgalactic/research-projects	interpretability/Mechanistic Interpretability.tex	sources/standardgalactic/research-projects/interpretability/Mechanistic Interpretability.tex	Mechanistic Interpretability as Causal Reverse Engineering	article	standalone	3699
standardgalactic/research-projects	interpretability/The Limits of Interpretability.tex	sources/standardgalactic/research-projects/interpretability/The Limits of Interpretability.tex	The Limits of Interpretability	article	standalone	3106
standardgalactic/research-projects	interpretability/Two-Channel Causal Mediation.tex	sources/standardgalactic/research-projects/interpretability/Two-Channel Causal Mediation.tex	Two-Channel Causal Mediation, Regime Structure, and Resilience in Mechanistic and Knowledge Networks	article	standalone	1266
standardgalactic/research-projects	interpretability/recency-as-salience.tex	sources/standardgalactic/research-projects/interpretability/recency-as-salience.tex	Recency as Salience: Observable Distance as a Proxy for Relational Distance	article	standalone	3018
standardgalactic/research-projects	labs/monograph/monograph.tex	sources/standardgalactic/research-projects/labs/monograph/monograph.tex	RSVP Dynamics: Scalar--Vector--Entropy Fields, Observer Holography, and the Architecture of Synthetic Cognition [6pt] A Unified Mathematical and Philosophical Monograph Incorporating the RSVP Labs 1--40	article	standalone	34046
standardgalactic/research-projects	paper/admissibility-log.tex	sources/standardgalactic/research-projects/paper/admissibility-log.tex	The Admissibility Log [0.5em] Resolution, Commitment, and the Geometry of Action	book	standalone	7841
standardgalactic/research-projects	paper/entropic-decimation.tex	sources/standardgalactic/research-projects/paper/entropic-decimation.tex	Constraint Closure and Entropic Decimation: Toward a Unified Field Theory of Computation, Cognition, and Cosmology	article	standalone	7500
standardgalactic/research-projects	paper/flash_reluctance_engine.tex	sources/standardgalactic/research-projects/paper/flash_reluctance_engine.tex	% A Multimodal Flash--Reluctance Engine: [0.4em] Thermodynamic, Electromagnetic, and Mechanical Coupling in a Regulated Rotational Energy Transducer%	article	standalone	7447
standardgalactic/research-projects	paper/semantic_entropy_formalism.tex	sources/standardgalactic/research-projects/paper/semantic_entropy_formalism.tex	Semantic Entropy Formalism	article	standalone	118
standardgalactic/research-projects	paper/typed_calculus.tex	sources/standardgalactic/research-projects/paper/typed_calculus.tex	PlenumHub: Typed Semantic Calculus (Stage 1)	article	standalone	333
standardgalactic/research-projects	philosophy/astrophysics_after_uniform_object.tex	sources/standardgalactic/research-projects/philosophy/astrophysics_after_uniform_object.tex	Astrophysics After the Uniform Object [0.5em] Stratification, Burst Cycles, Reservoirs, and Reachability from Compact Stars to the Cosmic Web	article	standalone	5055
standardgalactic/research-projects	philosophy/reality_reachability.tex	sources/standardgalactic/research-projects/philosophy/reality_reachability.tex	Reality Is What Can Be Reached: Reachability, Identification, and the Limits of Abstraction	article	standalone	16198
standardgalactic/research-projects	plenumhub_repo/paper/PlenumHub.tex	sources/standardgalactic/research-projects/plenumhub_repo/paper/PlenumHub.tex	PlenumHub: A Formal Semantic Compute Substrate for Modular Knowledge Systems	article	standalone	162
standardgalactic/research-projects	polanyi-spherepop.tex	sources/standardgalactic/research-projects/polanyi-spherepop.tex	Tacit Knowledge as Cryptographic Boundary Entropy in Spherepop: A Playcosmic Formalization of Polanyi	article	standalone	594
standardgalactic/research-projects	polyxan-semantic-hyperstructure.tex	sources/standardgalactic/research-projects/polyxan-semantic-hyperstructure.tex	RSVP--Polyxan: A Unified Field Theory of Semantic Hyperstructures	article	standalone	9791
standardgalactic/research-projects	polyxan-starspace-specification.tex	sources/standardgalactic/research-projects/polyxan-starspace-specification.tex	POLYXAN--RSVP STARSPACE A Formal Specification for a Xanadu--RSVP Social Hyperstructure with Multi-Galaxy Semantic Dynamics and Generative Field Algorithms	article	standalone	2408
standardgalactic/research-projects	prefigurative-spherepop.tex	sources/standardgalactic/research-projects/prefigurative-spherepop.tex	Prefigurative Play as Pre-Compilable Affordance Spheres in Spherepop: A Playcosmic Formalization	article	standalone	520
standardgalactic/research-projects	processing/Collective Intelligence Under Constraint.tex	sources/standardgalactic/research-projects/processing/Collective Intelligence Under Constraint.tex	Collective Intelligence Under Constraint: Search Efficiency, Horizon Collapse, and Anti-Cognitive Platform Design	article	standalone	6701
standardgalactic/research-projects	progress-report.tex	sources/standardgalactic/research-projects/progress-report.tex	A Unified Outline of RSVP Research Projects	article	standalone	9801
standardgalactic/research-projects	proof-specification.tex	sources/standardgalactic/research-projects/proof-specification.tex	Verification and Proof Manual for the RSVP--Polyxan Architecture	article	standalone	851
standardgalactic/research-projects	proof.tex	sources/standardgalactic/research-projects/proof.tex	Proof of the Anti-Admissibility Theorem via Composed Ritual and Cryptographic Resistances in Spherepop Calculus	article	standalone	947
standardgalactic/research-projects	recursive-agency/lamphrodynamic-flows.tex	sources/standardgalactic/research-projects/recursive-agency/lamphrodynamic-flows.tex	Deep Learning Solvers as Lamphrodynamic Flows in RSVP Field Theory	article	standalone	9230
standardgalactic/research-projects	recursive-agency/monograph.tex	sources/standardgalactic/research-projects/recursive-agency/monograph.tex	Recursive Agency and the Geometry of the Relativistic Scalar--Vector Plenum: A Unified Field Theory of Representation, Semantics, and Computational Life	article	standalone	4370
standardgalactic/research-projects	spherepop-calculus.tex	sources/standardgalactic/research-projects/spherepop-calculus.tex	Spherepop Calculus: A Formal Framework for Technological Dynamics, Resistance, and Prefiguration	article	standalone	1095
standardgalactic/research-projects	spherepop-derivation.tex	sources/standardgalactic/research-projects/spherepop-derivation.tex	The Playcosm Meets the Technological Society: Privilege Gates as Pop Regimes and Prefigurative Affordances as Anti-Admissible Spheres	article	standalone	688
standardgalactic/research-projects	textbook/autonomy-of-refusal.tex	sources/standardgalactic/research-projects/textbook/autonomy-of-refusal.tex	The Autonomy of Refusal Constraint, Residue, and the Geometry of Persistence	book	standalone	44177
standardgalactic/research-projects	textmonod-essay/monograph.tex	sources/standardgalactic/research-projects/textmonod-essay/monograph.tex	Monod-Inspired Stochastic Revision Models for Document Evolution, Generative Writing Dynamics, and Visualization Pipelines	article	standalone	1553
standardgalactic/research-projects	textmonod-essay/stochastic-revision-models.tex	sources/standardgalactic/research-projects/textmonod-essay/stochastic-revision-models.tex	Stochastic Revision Models for Document Evolution, Generative Writing Dynamics, and Visualization Pipelines	article	standalone	3778
standardgalactic/research-projects	theoretical-perspective.tex	sources/standardgalactic/research-projects/theoretical-perspective.tex	Entropy, Fields, and Civilization: A Theoretical Perspective on RSVP Dynamics	article	standalone	2207
standardgalactic/research-projects	to_process/main.tex	sources/standardgalactic/research-projects/to_process/main.tex	The RSVP--Polyxan Universe: A Unified Theory of Meaning, Curvature, and Verification	book	standalone	165
standardgalactic/research-projects	to_process/main_02.tex	sources/standardgalactic/research-projects/to_process/main_02.tex	RSVP--POLYXAN UNIFIED HYPERSTRUCTURE: [0.5em] A Field-Theoretic, Categorical, Computational, and Verification Framework for Semantic Galaxies	book	standalone	245
standardgalactic/robotics	continuation_geometry_of_circuits.tex	sources/standardgalactic/robotics/continuation_geometry_of_circuits.tex	The Continuation Geometry of Circuits	article	standalone	29775
standardgalactic/robotics	hierarchical_continuation.tex	sources/standardgalactic/robotics/hierarchical_continuation.tex	Hierarchical Continuation and the Geometry of Locomotion	article	standalone	10228
standardgalactic/robotics	processing/continuation_geometry_of_circuits.tex	sources/standardgalactic/robotics/processing/continuation_geometry_of_circuits.tex	The Continuation Geometry of Circuits	article	standalone	29775
standardgalactic/robotics	processing/hierarchical_continuation.tex	sources/standardgalactic/robotics/processing/hierarchical_continuation.tex	Hierarchical Continuation and the Geometry of Locomotion	article	standalone	10228
standardgalactic/spherepop	Active Geodesic Inference.tex	sources/standardgalactic/spherepop/Active Geodesic Inference.tex	Active Geodesic Inference Reasoning as Field Dynamics, Synchronization, and Semantic Folding	article	standalone	15065
standardgalactic/spherepop	Computation After Storage.tex	sources/standardgalactic/spherepop/Computation After Storage.tex	Computation After Storage: Toward an Entropic Theory of Semantic Infrastructure	article	standalone	8117
standardgalactic/spherepop	Computation as Semantic Maintenance.tex	sources/standardgalactic/spherepop/Computation as Semantic Maintenance.tex	Computation as Semantic Maintenance: Embodied Knowledge, Structural Capability, and the Laws of Development	article	standalone	12450
standardgalactic/spherepop	Event-historical Aggregation.tex	sources/standardgalactic/spherepop/Event-historical Aggregation.tex	Event--Historical Aggregation: Map--Reduce as Commitment in Spherepop	article	standalone	10415
standardgalactic/spherepop	History as Identity - v01.tex	sources/standardgalactic/spherepop/History as Identity - v01.tex	History as Identity: The Append-Only Algebra of Spherepop	article	standalone	4924
standardgalactic/spherepop	History as Identity - v02.tex	sources/standardgalactic/spherepop/History as Identity - v02.tex	History as Identity: The Append-Only Algebra of Spherepop	article	standalone	5920
standardgalactic/spherepop	History as Identity.tex	sources/standardgalactic/spherepop/History as Identity.tex	History as Identity: The Append-Only Algebra of Spherepop	article	standalone	8013
standardgalactic/spherepop	Introducción a Spherepop - v01.tex	sources/standardgalactic/spherepop/Introducción a Spherepop - v01.tex	Introducción a Spherepop Un cálculo de historia de eventos	article	standalone	13496
standardgalactic/spherepop	Introducción a Spherepop.tex	sources/standardgalactic/spherepop/Introducción a Spherepop.tex	Introducción a Spherepop Un cálculo de historia de eventos	article	standalone	13148
standardgalactic/spherepop	Joy-of-Spherepop.tex	sources/standardgalactic/spherepop/Joy-of-Spherepop.tex	The Joy of Spherepop: An Event--History Calculus for a Finite World	article	standalone	13936
standardgalactic/spherepop	Operational-Mereology.tex	sources/standardgalactic/spherepop/Operational-Mereology.tex	From Sets to Parts: Operational Mereology via Event--Sourced Semantics	article	standalone	6880
standardgalactic/spherepop	Scope as Geometry.tex	sources/standardgalactic/spherepop/Scope as Geometry.tex	Scope as Geometry in Time-Bound Systems A History-First Foundation for Computation and Meaning	article	standalone	7115
standardgalactic/spherepop	Spherepop Trajectory Collapse.tex	sources/standardgalactic/spherepop/Spherepop Trajectory Collapse.tex	Spherepop Trajectory Collapse: A First-Person Game for Visualizing Semantic Uncertainty	article	standalone	10334
standardgalactic/spherepop	Spherepop-OS.tex	sources/standardgalactic/spherepop/Spherepop-OS.tex	Spherepop OS: A Deterministic Semantic Operating System\ Formal Specification and Architectural Rationale	article	standalone	2271
standardgalactic/spherepop	Spherepop_Specifications.tex	sources/standardgalactic/spherepop/Spherepop_Specifications.tex	Spherepop: A Language for Geometric Computation Unified Specification	article	standalone	5790
standardgalactic/spherepop	Structured Irreversibility.tex	sources/standardgalactic/spherepop/Structured Irreversibility.tex	Structured Irreversibility Discrete Rewriting and Coherence Realization	article	standalone	10997
standardgalactic/spherepop	The Forkability of Time.tex	sources/standardgalactic/spherepop/The Forkability of Time.tex	The Forkability of Time	article	standalone	5365
standardgalactic/spherepop	Throwing-the-game.tex	sources/standardgalactic/spherepop/Throwing-the-game.tex	Throwing the Game: Refusal, Event-Driven Cognition, and the Survival of Value Beyond Autoregressive Intelligence	article	standalone	8083
standardgalactic/spherepop	attention-as-minimal-relational-interaction.tex	sources/standardgalactic/spherepop/attention-as-minimal-relational-interaction.tex	Attention as a Minimal Relational Interaction in Entropy-Regulated Field Dynamics: A Derived Geometric and BV-Theoretic Formulation of RSVP	article	standalone	3906
standardgalactic/spherepop	essay/spherepop_calculus.tex	sources/standardgalactic/spherepop/essay/spherepop_calculus.tex	Spherepop Calculus: Internalizing Probability, Concurrency, and Geometry	article	standalone	592
standardgalactic/spherepop	history/The History of Spherepop.tex	sources/standardgalactic/spherepop/history/The History of Spherepop.tex	The History of Spherepop: From Language Games to Universal Computation	article	standalone	9285
standardgalactic/spherepop	identity_as_event_history-v1.tex	sources/standardgalactic/spherepop/identity_as_event_history-v1.tex	Identity as Event History: A Worked Introduction to Spherepop	article	standalone	13443
standardgalactic/spherepop	identity_as_event_history.tex	sources/standardgalactic/spherepop/identity_as_event_history.tex	Identity as Event History [0.4em] Irreversibility, Commitment, and the Ontology of Irreversible Processes	article	standalone	24733
standardgalactic/spherepop	monograph/spherepop-calculus.tex	sources/standardgalactic/spherepop/monograph/spherepop-calculus.tex	Spherepop Calculus	article	standalone	7815
standardgalactic/spherepop	processing/Spherepop_Specifications.tex	sources/standardgalactic/spherepop/processing/Spherepop_Specifications.tex	Spherepop: A Language for Geometric Computation Unified Specification	article	standalone	5790
standardgalactic/spherepop	processing/adaptive-trust/Adaptive_Trust_Dynamics_Corpus/Cycle1_Diagnosis/essay_1_01.tex	sources/standardgalactic/spherepop/processing/adaptive-trust/Adaptive_Trust_Dynamics_Corpus/Cycle1_Diagnosis/essay_1_01.tex	Entropy Budgets in Cognitive Architectures: Preventing Over-Recursion in Human–AI Symbiosis	article	standalone	48
standardgalactic/spherepop	processing/adaptive-trust/Adaptive_Trust_Dynamics_Corpus/Cycle1_Diagnosis/essay_1_02.tex	sources/standardgalactic/spherepop/processing/adaptive-trust/Adaptive_Trust_Dynamics_Corpus/Cycle1_Diagnosis/essay_1_02.tex	The Semantic Singularity: When Recursive Interpretation Exceeds Dissipative Capacity	article	standalone	47
standardgalactic/spherepop	processing/adaptive-trust/Adaptive_Trust_Dynamics_Corpus/Cycle1_Diagnosis/essay_1_03.tex	sources/standardgalactic/spherepop/processing/adaptive-trust/Adaptive_Trust_Dynamics_Corpus/Cycle1_Diagnosis/essay_1_03.tex	Curvature Contraction in Ethical Futarchies: A Field-Theoretic Approach to Moral Decision-Making	article	standalone	49
standardgalactic/spherepop	processing/adaptive-trust/Adaptive_Trust_Dynamics_Corpus/Cycle1_Diagnosis/essay_1_04.tex	sources/standardgalactic/spherepop/processing/adaptive-trust/Adaptive_Trust_Dynamics_Corpus/Cycle1_Diagnosis/essay_1_04.tex	Attentional Cladistics Revisited: Evolutionary Thresholds in Multi-Agent Learning Environments	article	standalone	47
standardgalactic/spherepop	processing/adaptive-trust/Adaptive_Trust_Dynamics_Corpus/Cycle1_Diagnosis/essay_1_05.tex	sources/standardgalactic/spherepop/processing/adaptive-trust/Adaptive_Trust_Dynamics_Corpus/Cycle1_Diagnosis/essay_1_05.tex	Sheaf-Theoretic Coherence in Distributed Cognition: Bridging RSVP and Operator Ecology	article	standalone	48
standardgalactic/spherepop	processing/adaptive-trust/Adaptive_Trust_Dynamics_Corpus/Cycle1_Diagnosis/essay_1_06.tex	sources/standardgalactic/spherepop/processing/adaptive-trust/Adaptive_Trust_Dynamics_Corpus/Cycle1_Diagnosis/essay_1_06.tex	The Paradox of Permeability: Trust Hysteresis in Geozotic Power Systems	article	standalone	48
standardgalactic/spherepop	processing/adaptive-trust/Adaptive_Trust_Dynamics_Corpus/Cycle1_Diagnosis/essay_1_07.tex	sources/standardgalactic/spherepop/processing/adaptive-trust/Adaptive_Trust_Dynamics_Corpus/Cycle1_Diagnosis/essay_1_07.tex	Bounded Immersion in Mythic Computation: Entropy Limits on Narrative Recursion	article	standalone	48
standardgalactic/spherepop	processing/adaptive-trust/Adaptive_Trust_Dynamics_Corpus/Cycle1_Diagnosis/essay_1_08.tex	sources/standardgalactic/spherepop/processing/adaptive-trust/Adaptive_Trust_Dynamics_Corpus/Cycle1_Diagnosis/essay_1_08.tex	Punitive Signals in Socio-Symbolic Fields: A RSVP Intervention for Governance Reform	article	standalone	49
standardgalactic/spherepop	processing/adaptive-trust/Adaptive_Trust_Dynamics_Corpus/Cycle1_Diagnosis/essay_1_09.tex	sources/standardgalactic/spherepop/processing/adaptive-trust/Adaptive_Trust_Dynamics_Corpus/Cycle1_Diagnosis/essay_1_09.tex	Amplitwist Operators in Neurogeometric Design: From Trust to Perceptual Stability	article	standalone	48
standardgalactic/spherepop	processing/adaptive-trust/Adaptive_Trust_Dynamics_Corpus/Cycle1_Diagnosis/essay_1_10.tex	sources/standardgalactic/spherepop/processing/adaptive-trust/Adaptive_Trust_Dynamics_Corpus/Cycle1_Diagnosis/essay_1_10.tex	The Termite–Neuron–Forest Triad: Marginalized Intelligences in Ecological Agency	article	standalone	46
standardgalactic/spherepop	processing/adaptive-trust/Adaptive_Trust_Dynamics_Corpus/Cycle1_Diagnosis/essay_1_11.tex	sources/standardgalactic/spherepop/processing/adaptive-trust/Adaptive_Trust_Dynamics_Corpus/Cycle1_Diagnosis/essay_1_11.tex	Recursive Amplification in Semantic Infrastructure: Throttling for Sustainable Scaling	article	standalone	47
standardgalactic/spherepop	processing/adaptive-trust/Adaptive_Trust_Dynamics_Corpus/Cycle1_Diagnosis/essay_1_12.tex	sources/standardgalactic/spherepop/processing/adaptive-trust/Adaptive_Trust_Dynamics_Corpus/Cycle1_Diagnosis/essay_1_12.tex	Field-Theoretic Patriarchy: Colonial Roots and Radical RSVP Solutions	article	standalone	46
standardgalactic/spherepop	processing/adaptive-trust/Adaptive_Trust_Dynamics_Corpus/Cycle1_Diagnosis/essay_1_13.tex	sources/standardgalactic/spherepop/processing/adaptive-trust/Adaptive_Trust_Dynamics_Corpus/Cycle1_Diagnosis/essay_1_13.tex	Operator Ecology in Generative Cinema: Coherence Beyond Chokepoints	article	standalone	46
standardgalactic/spherepop	processing/adaptive-trust/Adaptive_Trust_Dynamics_Corpus/Cycle1_Diagnosis/essay_1_14.tex	sources/standardgalactic/spherepop/processing/adaptive-trust/Adaptive_Trust_Dynamics_Corpus/Cycle1_Diagnosis/essay_1_14.tex	Yarncrawler Dynamics: Semantic Recursion in Essay Generation Pipelines	article	standalone	46
standardgalactic/spherepop	processing/adaptive-trust/Adaptive_Trust_Dynamics_Corpus/Cycle1_Diagnosis/essay_1_15.tex	sources/standardgalactic/spherepop/processing/adaptive-trust/Adaptive_Trust_Dynamics_Corpus/Cycle1_Diagnosis/essay_1_15.tex	Cosmological Constraints on Institutional Recursion: Deriving Entropy from RSVP Primitives	article	standalone	48
standardgalactic/spherepop	processing/adaptive-trust/Adaptive_Trust_Dynamics_Corpus/Cycle1_Diagnosis/essay_1_16.tex	sources/standardgalactic/spherepop/processing/adaptive-trust/Adaptive_Trust_Dynamics_Corpus/Cycle1_Diagnosis/essay_1_16.tex	Multi-Scale Temporal Dynamics in Agency Detection: From Assembly to Forest-Scale Cognition	article	standalone	49
standardgalactic/spherepop	processing/adaptive-trust/Adaptive_Trust_Dynamics_Corpus/Cycle1_Diagnosis/essay_1_17.tex	sources/standardgalactic/spherepop/processing/adaptive-trust/Adaptive_Trust_Dynamics_Corpus/Cycle1_Diagnosis/essay_1_17.tex	The Care–Domestication Spectrum: Thresholds in AI-Human Evolutionary Creativity	article	standalone	46
standardgalactic/spherepop	processing/adaptive-trust/Adaptive_Trust_Dynamics_Corpus/Cycle1_Diagnosis/essay_1_18.tex	sources/standardgalactic/spherepop/processing/adaptive-trust/Adaptive_Trust_Dynamics_Corpus/Cycle1_Diagnosis/essay_1_18.tex	Homotopy-Based Governance: Sheaf Consistency in Recursive Futarchies	article	standalone	45
standardgalactic/spherepop	processing/adaptive-trust/Adaptive_Trust_Dynamics_Corpus/Cycle1_Diagnosis/essay_1_19.tex	sources/standardgalactic/spherepop/processing/adaptive-trust/Adaptive_Trust_Dynamics_Corpus/Cycle1_Diagnosis/essay_1_19.tex	Entropy-Regulated Permeability in Bioforge Incubators: Trust in Biotechnological Networks	article	standalone	47
standardgalactic/spherepop	processing/adaptive-trust/Adaptive_Trust_Dynamics_Corpus/Cycle1_Diagnosis/essay_1_20.tex	sources/standardgalactic/spherepop/processing/adaptive-trust/Adaptive_Trust_Dynamics_Corpus/Cycle1_Diagnosis/essay_1_20.tex	The Recursive Singularity in Cultural Evolution: Bounded Narratives for Long-Term Coherence	article	standalone	49
standardgalactic/spherepop	processing/adaptive-trust/Adaptive_Trust_Dynamics_Corpus/Cycle2_Renewal/essay_2_01.tex	sources/standardgalactic/spherepop/processing/adaptive-trust/Adaptive_Trust_Dynamics_Corpus/Cycle2_Renewal/essay_2_01.tex	Negentropic Shocks in Institutional Renewal: Overcoming Hysteresis in Bureaucratic Systems	article	standalone	48
standardgalactic/spherepop	processing/adaptive-trust/Adaptive_Trust_Dynamics_Corpus/Cycle2_Renewal/essay_2_02.tex	sources/standardgalactic/spherepop/processing/adaptive-trust/Adaptive_Trust_Dynamics_Corpus/Cycle2_Renewal/essay_2_02.tex	Phase-Lock Collapse in Collaborative AI: Entropy Bounds on Multi-Model Consensus	article	standalone	48
standardgalactic/spherepop	processing/adaptive-trust/Adaptive_Trust_Dynamics_Corpus/Cycle2_Renewal/essay_2_03.tex	sources/standardgalactic/spherepop/processing/adaptive-trust/Adaptive_Trust_Dynamics_Corpus/Cycle2_Renewal/essay_2_03.tex	Tensorial Ethics in Recursive Markets: Curvature Metrics for Fair Futarchy	article	standalone	48
standardgalactic/spherepop	processing/adaptive-trust/Adaptive_Trust_Dynamics_Corpus/Cycle2_Renewal/essay_2_04.tex	sources/standardgalactic/spherepop/processing/adaptive-trust/Adaptive_Trust_Dynamics_Corpus/Cycle2_Renewal/essay_2_04.tex	Evolutionary Attention Dynamics: Cladistic Pathways in Adaptive Learning Networks	article	standalone	47
standardgalactic/spherepop	processing/adaptive-trust/Adaptive_Trust_Dynamics_Corpus/Cycle2_Renewal/essay_2_05.tex	sources/standardgalactic/spherepop/processing/adaptive-trust/Adaptive_Trust_Dynamics_Corpus/Cycle2_Renewal/essay_2_05.tex	Presheaf Repair in Fragmented Cognition: Operator Ecology for Mental Integration	article	standalone	48
standardgalactic/spherepop	processing/adaptive-trust/Adaptive_Trust_Dynamics_Corpus/Cycle2_Renewal/essay_2_06.tex	sources/standardgalactic/spherepop/processing/adaptive-trust/Adaptive_Trust_Dynamics_Corpus/Cycle2_Renewal/essay_2_06.tex	Energy–Trust Duality in Geozotic Networks: Hysteresis in Sustainable Power Sharing	article	standalone	48
standardgalactic/spherepop	processing/adaptive-trust/Adaptive_Trust_Dynamics_Corpus/Cycle2_Renewal/essay_2_07.tex	sources/standardgalactic/spherepop/processing/adaptive-trust/Adaptive_Trust_Dynamics_Corpus/Cycle2_Renewal/essay_2_07.tex	Entropy-Limited Myths in Digital Cultures: Bounded Recursion for Narrative Sustainability	article	standalone	48
standardgalactic/spherepop	processing/adaptive-trust/Adaptive_Trust_Dynamics_Corpus/Cycle2_Renewal/essay_2_08.tex	sources/standardgalactic/spherepop/processing/adaptive-trust/Adaptive_Trust_Dynamics_Corpus/Cycle2_Renewal/essay_2_08.tex	Signal Correction in Punitive Socio-Fields: RSVP for Restorative Justice	article	standalone	47
standardgalactic/spherepop	processing/adaptive-trust/Adaptive_Trust_Dynamics_Corpus/Cycle2_Renewal/essay_2_09.tex	sources/standardgalactic/spherepop/processing/adaptive-trust/Adaptive_Trust_Dynamics_Corpus/Cycle2_Renewal/essay_2_09.tex	Neurogeometric Phase Alignment: Amplitwist Applications in Cognitive Interfaces	article	standalone	46
standardgalactic/spherepop	processing/adaptive-trust/Adaptive_Trust_Dynamics_Corpus/Cycle2_Renewal/essay_2_10.tex	sources/standardgalactic/spherepop/processing/adaptive-trust/Adaptive_Trust_Dynamics_Corpus/Cycle2_Renewal/essay_2_10.tex	Fractal Agency in Ecological Triads: Entropy Coherence Across Scales	article	standalone	47
standardgalactic/spherepop	processing/adaptive-trust/Adaptive_Trust_Dynamics_Corpus/Cycle2_Renewal/essay_2_11.tex	sources/standardgalactic/spherepop/processing/adaptive-trust/Adaptive_Trust_Dynamics_Corpus/Cycle2_Renewal/essay_2_11.tex	Homotopy Throttles in Knowledge Amplification: Sustainable Semantic Scaling	article	standalone	46
standardgalactic/spherepop	processing/adaptive-trust/Adaptive_Trust_Dynamics_Corpus/Cycle2_Renewal/essay_2_12.tex	sources/standardgalactic/spherepop/processing/adaptive-trust/Adaptive_Trust_Dynamics_Corpus/Cycle2_Renewal/essay_2_12.tex	Curvature Symmetry in Social Liberation: Field-Theoretic Dismantling of Hierarchies	article	standalone	47
standardgalactic/spherepop	processing/adaptive-trust/Adaptive_Trust_Dynamics_Corpus/Cycle2_Renewal/essay_2_13.tex	sources/standardgalactic/spherepop/processing/adaptive-trust/Adaptive_Trust_Dynamics_Corpus/Cycle2_Renewal/essay_2_13.tex	Narrative Coherence in Media Ecologies: Operator Dynamics for Generative Stories	article	standalone	48
standardgalactic/spherepop	processing/adaptive-trust/Adaptive_Trust_Dynamics_Corpus/Cycle2_Renewal/essay_2_14.tex	sources/standardgalactic/spherepop/processing/adaptive-trust/Adaptive_Trust_Dynamics_Corpus/Cycle2_Renewal/essay_2_14.tex	Interpretive Temperature in Automated Narratives: Yarncrawler for Coherent Generation	article	standalone	47
standardgalactic/spherepop	processing/adaptive-trust/Adaptive_Trust_Dynamics_Corpus/Cycle2_Renewal/essay_2_15.tex	sources/standardgalactic/spherepop/processing/adaptive-trust/Adaptive_Trust_Dynamics_Corpus/Cycle2_Renewal/essay_2_15.tex	Institutional Cosmology: Entropy Equations for Organizational Longevity	article	standalone	45
standardgalactic/spherepop	processing/adaptive-trust/Adaptive_Trust_Dynamics_Corpus/Cycle2_Renewal/essay_2_16.tex	sources/standardgalactic/spherepop/processing/adaptive-trust/Adaptive_Trust_Dynamics_Corpus/Cycle2_Renewal/essay_2_16.tex	Temporal Synchronization in Multi-Agent Agency: CLIO Operators for Detection	article	standalone	47
standardgalactic/spherepop	processing/adaptive-trust/Adaptive_Trust_Dynamics_Corpus/Cycle2_Renewal/essay_2_17.tex	sources/standardgalactic/spherepop/processing/adaptive-trust/Adaptive_Trust_Dynamics_Corpus/Cycle2_Renewal/essay_2_17.tex	Negentropic Care in AI Evolution: Spectrum Thresholds for Mutual Adaptation	article	standalone	48
standardgalactic/spherepop	processing/adaptive-trust/Adaptive_Trust_Dynamics_Corpus/Cycle2_Renewal/essay_2_18.tex	sources/standardgalactic/spherepop/processing/adaptive-trust/Adaptive_Trust_Dynamics_Corpus/Cycle2_Renewal/essay_2_18.tex	Policy Alignment via Homotopy: Governance in Layered Recursions	article	standalone	46
standardgalactic/spherepop	processing/adaptive-trust/Adaptive_Trust_Dynamics_Corpus/Cycle2_Renewal/essay_2_19.tex	sources/standardgalactic/spherepop/processing/adaptive-trust/Adaptive_Trust_Dynamics_Corpus/Cycle2_Renewal/essay_2_19.tex	Trust Optimization in Biotech Ecosystems: SITH for Entropy-Regulated Innovation	article	standalone	47
standardgalactic/spherepop	processing/adaptive-trust/Adaptive_Trust_Dynamics_Corpus/Cycle2_Renewal/essay_2_20.tex	sources/standardgalactic/spherepop/processing/adaptive-trust/Adaptive_Trust_Dynamics_Corpus/Cycle2_Renewal/essay_2_20.tex	Cultural Narrative Bounds: Preventing Singularity in Evolutionary Myths	article	standalone	46
standardgalactic/spherepop	processing/adaptive-trust/Adaptive_Trust_Dynamics_Corpus/index.tex	sources/standardgalactic/spherepop/processing/adaptive-trust/Adaptive_Trust_Dynamics_Corpus/index.tex	Adaptive Trust Dynamics Corpus	article	standalone	55
standardgalactic/spherepop	processing/adaptive-trust/corpus.tex	sources/standardgalactic/spherepop/processing/adaptive-trust/corpus.tex	Trust Dynamics: Complete Corpus [0.5em] First Cycle (Essays 1--20) $$ Renewal Sequence (Essays 1--20)	article	standalone	2742
standardgalactic/spherepop	processing/adaptive-trust/monograph.tex	sources/standardgalactic/spherepop/processing/adaptive-trust/monograph.tex	Trust Dynamics Exhibit Hysteresis [0.5em] Implications for AI Governance and Institutional Design	article	standalone	2461
standardgalactic/spherepop	processing/essay.tex	sources/standardgalactic/spherepop/processing/essay.tex	Spherepop: A Language for Geometric Computation Unified Rigorous Specification	article	standalone	3600
standardgalactic/spherepop	processing/geometry/monograph.tex	sources/standardgalactic/spherepop/processing/geometry/monograph.tex	Geometry of Spherepop 0.4em A Recursive Geometry of Coherence in the RSVP Framework 0.4em With Applications to AGI Safety, Trust, and the Paradox of Precaution	article	standalone	8809
standardgalactic/spherepop	processing/monograph.tex	sources/standardgalactic/spherepop/processing/monograph.tex	Geometry of Spherepop 0.4em A Recursive Geometry of Coherence in the RSVP Framework 0.4em With Applications to AGI Safety, Trust, and the Paradox of Precaution	article	standalone	2588
standardgalactic/spherepop	prototypes/Operational-Mereology.tex	sources/standardgalactic/spherepop/prototypes/Operational-Mereology.tex	From Sets to Parts: Operational Mereology via Event--Sourced Semantics	article	standalone	5243
standardgalactic/spherepop	prototypes/canonicalization.tex	sources/standardgalactic/spherepop/prototypes/canonicalization.tex	: A Canonicalization Utility for Spherepop OS	article	standalone	552
standardgalactic/spherepop	prototypes/docs/computing-with-spherepop.tex	sources/standardgalactic/spherepop/prototypes/docs/computing-with-spherepop.tex	Computing with Spherepop: A Geometric Merge--Collapse Calculus	article	standalone	207
standardgalactic/spherepop	prototypes/docs/spherepop-haskell-tutorial.tex	sources/standardgalactic/spherepop/prototypes/docs/spherepop-haskell-tutorial.tex	Spherepop in Haskell: Core and Parallel Variants	article	standalone	82
standardgalactic/spherepop	prototypes/docs/spherepop-python-tutorial.tex	sources/standardgalactic/spherepop/prototypes/docs/spherepop-python-tutorial.tex	Spherepop in Python: Usage and Development Notes	article	standalone	57
standardgalactic/spherepop	prototypes/docs/spherepop-racket-tutorial.tex	sources/standardgalactic/spherepop/prototypes/docs/spherepop-racket-tutorial.tex	Spherepop in Racket: A Short Tutorial	article	standalone	96
standardgalactic/spherepop	prototypes/roadmap.tex	sources/standardgalactic/spherepop/prototypes/roadmap.tex	A Roadmap for Implementing Utilities in Spherepop Calculus	article	standalone	774
standardgalactic/spherepop	spherepop-foundations.tex	sources/standardgalactic/spherepop/spherepop-foundations.tex	Spherepop Calculus and Amplitwistor Computation: A Geometric--Thermodynamic Foundation for AI	article	standalone	7773
standardgalactic/spherepop	textbook/beyond-parentheses.tex	sources/standardgalactic/spherepop/textbook/beyond-parentheses.tex	Beyond Parentheses: [0.4em] A Geometric Foundation for Concurrent Computation through the Spherepop Calculus [1.2em] Evaluation as the Construction of Irreversible Computational Histories	article	standalone	32096
standardgalactic/spherepop	textbook/dependent-type-theory.tex	sources/standardgalactic/spherepop/textbook/dependent-type-theory.tex	Building a Type Calculus and the Calculus of Constructions in Spherepop A Historical Foundation for Dependent Type Theory	article	standalone	33373
standardgalactic/spherepop	textbook/language_as_generator.tex	sources/standardgalactic/spherepop/textbook/language_as_generator.tex	Language Is Not a Lookup Table [0.5em] On Generativity, Combinatorics, and the Poverty of Phrase-Based Authorship Detection	article	standalone	5726
standardgalactic/spherepop	textbook/negation-before-logic.tex	sources/standardgalactic/spherepop/textbook/negation-before-logic.tex	Negation Before Logic: Inferential Fields, Orientation Reversal, and the Geometry of Admissible Inference	article	standalone	22152
standardgalactic/spherepop	textbook/refusal-structures.tex	sources/standardgalactic/spherepop/textbook/refusal-structures.tex	Types as Refusal Structures Toward a Calculus of Constructions in Spherepop	article	standalone	29416
standardgalactic/spherepop	textbook/repairing-futures.tex	sources/standardgalactic/spherepop/textbook/repairing-futures.tex	Repairing Futures [0.6em] Admissible Continuation, Historical Reconstruction, and Diffusion-Based Physical Simulation	article	standalone	8067
standardgalactic/spherepop	textbook/rotation_admissibility.tex	sources/standardgalactic/spherepop/textbook/rotation_admissibility.tex	Rotation Before Number: Admissibility, Geometry, and the Quotient Structure of Quantum Mechanics	article	standalone	4499
standardgalactic/spherepop	the-autonomy-of-refusal.tex	sources/standardgalactic/spherepop/the-autonomy-of-refusal.tex	The Autonomy of Refusal: Abstraction, Agency, and the Limits of Scalable Intelligence	article	standalone	8772
standardgalactic/spherepop	throwing_the_game_v2.tex	sources/standardgalactic/spherepop/throwing_the_game_v2.tex	Throwing the Game: Refusal, Event-Driven Cognition, and the Survival of Value Beyond Autoregressive Intelligence	article	standalone	12336
standardgalactic/standardgalactic	Scope Memeplexes.tex	sources/standardgalactic/standardgalactic/Scope Memeplexes.tex	Scope Memeplexes: The Enshittification Crisis as an Interface War	article	standalone	9521
standardgalactic/standardgalactic	epistemology/markedness_capability.tex	sources/standardgalactic/standardgalactic/epistemology/markedness_capability.tex	Markedness and Capability: A Theory of Downward Projection	article	standalone	6455
standardgalactic/standardgalactic	epistemology/selection_without_design.tex	sources/standardgalactic/standardgalactic/epistemology/selection_without_design.tex	-1cm Selection Without Design [0.5em] Constraint, Projection, and the Geometry of the Unseen	article	standalone	23531
standardgalactic/standardgalactic	research/macro-economics.tex	sources/standardgalactic/standardgalactic/research/macro-economics.tex	Clickbait Empire: Robin Hanson and the Tension Between Intellectual Openness and Media Spectacle	article	standalone	1013
standardgalactic/standardgalactic	research/structural_ideas.tex	sources/standardgalactic/standardgalactic/research/structural_ideas.tex	On the Formation of Structural Ideas: Constraint Accumulation, Projection, and Convergence Across Domains	article	standalone	8383
standardgalactic/standardgalactic	rsvp-jepa.tex	sources/standardgalactic/standardgalactic/rsvp-jepa.tex	Joint Embedding Predictive Architectures as Amortized Constraint Satisfaction in the Relativistic Scalar--Vector Plenum	article	standalone	6512
standardgalactic/standardgalactic.github.io	critique/Identity Collapse.tex	sources/standardgalactic/standardgalactic.github.io/critique/Identity Collapse.tex	Identity Collapse and the Platforming of Fraud: A Formal and Empirical Critique of Trust Degradation in Facebook-Scale Systems	article	standalone	5685
standardgalactic/syllabus	01_how_ideas_work.tex	sources/standardgalactic/syllabus/01_how_ideas_work.tex	How Ideas Work [6pt] A Book About Rules, Patterns, and Discovery	book	standalone	6916
standardgalactic/syllabus	02_architecture_of_ideas.tex	sources/standardgalactic/syllabus/02_architecture_of_ideas.tex	The Architecture of Ideas [6pt] Constraints, Abstraction, and the Structure of Thinking	book	standalone	10688
standardgalactic/syllabus	03_structural_thinking.tex	sources/standardgalactic/syllabus/03_structural_thinking.tex	Structural Thinking [6pt] A History of Computation and the Geometry of Ideas	book	standalone	18524
standardgalactic/typing-tutor	essay/memeplexes.tex	sources/standardgalactic/typing-tutor/essay/memeplexes.tex	Memeplexes as Collectively Autocatalytic Sets of Theory-Laden Facts — with RSVP embedding, hypergraph extension, and global stability analysis	article	standalone	2282
standardgalactic/userspace	essay.tex	sources/standardgalactic/userspace/essay.tex	The Mereological Space Ontology: Glyphs, Scales, and the Observer in a Layered Part--Whole Universe	article	standalone	10348
8b-is/8b-public-documents	framework/admissibility_principle.tex	sources/8b-is/8b-public-documents/framework/admissibility_principle.tex		article	untitled-document	20076
8b-is/8b-public-documents	framework/ortyx-project/main.tex	sources/8b-is/8b-public-documents/framework/ortyx-project/main.tex		book	untitled-document	495
8b-is/8b-public-documents	framework/phoenix_preregistration.tex	sources/8b-is/8b-public-documents/framework/phoenix_preregistration.tex		article	untitled-document	7557
8b-is/8b-public-documents	sparse-representations/monograph/main.tex	sources/8b-is/8b-public-documents/sparse-representations/monograph/main.tex		book	untitled-document	292
standardgalactic/Centerfuge	principia_ratio_entropica.tex	sources/standardgalactic/Centerfuge/principia_ratio_entropica.tex		article	untitled-document	1229
standardgalactic/Centerfuge	principia_ratio_entropica_vol2.tex	sources/standardgalactic/Centerfuge/principia_ratio_entropica_vol2.tex		article	untitled-document	1139
standardgalactic/Centerfuge	principia_ratio_entropica_vol3.tex	sources/standardgalactic/Centerfuge/principia_ratio_entropica_vol3.tex		article	untitled-document	1143
standardgalactic/Centerfuge	principia_ratio_entropica_vol4.tex	sources/standardgalactic/Centerfuge/principia_ratio_entropica_vol4.tex		article	untitled-document	679
standardgalactic/Centerfuge	principia_ratio_entropica_vol5.tex	sources/standardgalactic/Centerfuge/principia_ratio_entropica_vol5.tex		article	untitled-document	1138
standardgalactic/Centerfuge	principia_ratio_entropica_vol6.tex	sources/standardgalactic/Centerfuge/principia_ratio_entropica_vol6.tex		article	untitled-document	793
standardgalactic/Centerfuge	processing/principia_ratio_entropica.tex	sources/standardgalactic/Centerfuge/processing/principia_ratio_entropica.tex		article	untitled-document	1229
standardgalactic/Centerfuge	processing/principia_ratio_entropica_vol2.tex	sources/standardgalactic/Centerfuge/processing/principia_ratio_entropica_vol2.tex		article	untitled-document	1139
standardgalactic/Centerfuge	processing/principia_ratio_entropica_vol3.tex	sources/standardgalactic/Centerfuge/processing/principia_ratio_entropica_vol3.tex		article	untitled-document	1143
standardgalactic/Centerfuge	processing/principia_ratio_entropica_vol4.tex	sources/standardgalactic/Centerfuge/processing/principia_ratio_entropica_vol4.tex		article	untitled-document	677
standardgalactic/Centerfuge	processing/principia_ratio_entropica_vol5.tex	sources/standardgalactic/Centerfuge/processing/principia_ratio_entropica_vol5.tex		article	untitled-document	1138
standardgalactic/Centerfuge	processing/principia_ratio_entropica_vol6.tex	sources/standardgalactic/Centerfuge/processing/principia_ratio_entropica_vol6.tex		article	untitled-document	793
standardgalactic/Centerfuge	sci-fi/kommunikation.tex	sources/standardgalactic/Centerfuge/sci-fi/kommunikation.tex		article	untitled-document	3426
standardgalactic/HYDRA	hydra.tex	sources/standardgalactic/HYDRA/hydra.tex		book	untitled-document	19473
standardgalactic/HYDRA	hydra_architecture.tex	sources/standardgalactic/HYDRA/hydra_architecture.tex		article	untitled-document	5975
standardgalactic/TARTAN	music/concrete_cracks_analysis.tex	sources/standardgalactic/TARTAN/music/concrete_cracks_analysis.tex		article	untitled-document	5210
standardgalactic/TARTAN	processing/transformational_communication-v2.tex	sources/standardgalactic/TARTAN/processing/transformational_communication-v2.tex		article	untitled-document	8602
standardgalactic/TARTAN	processing/transformational_communication.tex	sources/standardgalactic/TARTAN/processing/transformational_communication.tex		article	untitled-document	5281
standardgalactic/TARTAN	transformational_communication-v2.tex	sources/standardgalactic/TARTAN/transformational_communication-v2.tex		article	untitled-document	8602
standardgalactic/TARTAN	transformational_communication.tex	sources/standardgalactic/TARTAN/transformational_communication.tex		article	untitled-document	5281
standardgalactic/alphabet	biology/closure_of_closures.tex	sources/standardgalactic/alphabet/biology/closure_of_closures.tex		article	untitled-document	5829
standardgalactic/alphabet	constraint-geometry/field-space.tex	sources/standardgalactic/alphabet/constraint-geometry/field-space.tex		article	untitled-document	19748
standardgalactic/alphabet	cosmology/main.tex	sources/standardgalactic/alphabet/cosmology/main.tex		book	untitled-document	93
standardgalactic/alphabet	cosmology/multiscale-constraint-flow.tex	sources/standardgalactic/alphabet/cosmology/multiscale-constraint-flow.tex		book	untitled-document	6609
standardgalactic/alphabet	de-architechtura.tex	sources/standardgalactic/alphabet/de-architechtura.tex		memoir	untitled-document	5172
standardgalactic/alphabet	de-architectura.tex	sources/standardgalactic/alphabet/de-architectura.tex		memoir	untitled-document	5166
standardgalactic/alphabet	manuscripts/introduction/essay.tex	sources/standardgalactic/alphabet/manuscripts/introduction/essay.tex		article	untitled-document	850
standardgalactic/alphabet	physics/cosmology/persistence_of_structure.tex	sources/standardgalactic/alphabet/physics/cosmology/persistence_of_structure.tex		article	untitled-document	7620
standardgalactic/alphabet	processing/geometry_of_closure.tex	sources/standardgalactic/alphabet/processing/geometry_of_closure.tex		book	untitled-document	8687
standardgalactic/alphabet	projects/axioms-for-a-falling-universe.tex	sources/standardgalactic/alphabet/projects/axioms-for-a-falling-universe.tex		article	untitled-document	7864
standardgalactic/alphabet	projects/compiling/axioms-for-a-falling-universe.tex	sources/standardgalactic/alphabet/projects/compiling/axioms-for-a-falling-universe.tex		article	untitled-document	7864
standardgalactic/alphabet	resources/autonomous-systems.tex	sources/standardgalactic/alphabet/resources/autonomous-systems.tex		book	untitled-document	9570
standardgalactic/alphabet	roadmap/collected-works.tex	sources/standardgalactic/alphabet/roadmap/collected-works.tex		book	untitled-document	10923
standardgalactic/alphabet	science/the_refractive_self-v1.tex	sources/standardgalactic/alphabet/science/the_refractive_self-v1.tex		book	untitled-document	25508
standardgalactic/alphabet	science/the_refractive_self-v2.tex	sources/standardgalactic/alphabet/science/the_refractive_self-v2.tex		book	untitled-document	28974
standardgalactic/alphabet	science/the_refractive_self.tex	sources/standardgalactic/alphabet/science/the_refractive_self.tex		book	untitled-document	42023
standardgalactic/alphabet	screenplay/city_of_brutes.tex	sources/standardgalactic/alphabet/screenplay/city_of_brutes.tex		article	untitled-document	35805
standardgalactic/alphabet	screenplay/companion.tex	sources/standardgalactic/alphabet/screenplay/companion.tex		article	untitled-document	21495
standardgalactic/alphabet	screenplay/the_fixed_point/main.tex	sources/standardgalactic/alphabet/screenplay/the_fixed_point/main.tex		book	untitled-document	224
standardgalactic/alphabet	screenplay/the_incoherence/main-v1.tex	sources/standardgalactic/alphabet/screenplay/the_incoherence/main-v1.tex		book	untitled-document	193
standardgalactic/alphabet	screenplay/the_incoherence/main.tex	sources/standardgalactic/alphabet/screenplay/the_incoherence/main.tex		book	untitled-document	196
standardgalactic/antivenom	active-inference/unidimary-numbers.tex	sources/standardgalactic/antivenom/active-inference/unidimary-numbers.tex		article	untitled-document	842
standardgalactic/antivenom	boundaries/synthetic_trajectories.tex	sources/standardgalactic/antivenom/boundaries/synthetic_trajectories.tex		article	untitled-document	11507
standardgalactic/antivenom	boundaries/vanity_publishing.tex	sources/standardgalactic/antivenom/boundaries/vanity_publishing.tex		article	untitled-document	6434
standardgalactic/antivenom	economics/structural_convergence.tex	sources/standardgalactic/antivenom/economics/structural_convergence.tex		article	untitled-document	6106
standardgalactic/antivenom	essay/paracosms-of-the-strange.tex	sources/standardgalactic/antivenom/essay/paracosms-of-the-strange.tex		article	untitled-document	11472
standardgalactic/antivenom	managed_self.tex	sources/standardgalactic/antivenom/managed_self.tex		memoir	untitled-document	16841
standardgalactic/antivenom	philosophy/managed_self.tex	sources/standardgalactic/antivenom/philosophy/managed_self.tex		memoir	untitled-document	16841
standardgalactic/antivenom	projects/survival-is-insufficient.tex	sources/standardgalactic/antivenom/projects/survival-is-insufficient.tex		article	untitled-document	11456
standardgalactic/antivenom	proxy_integrity.tex	sources/standardgalactic/antivenom/proxy_integrity.tex		article	untitled-document	8273
standardgalactic/antivenom	resources/geometry_of_correction.tex	sources/standardgalactic/antivenom/resources/geometry_of_correction.tex		book	untitled-document	26860
standardgalactic/antivenom	resources/processing/geometry_of_correction.tex	sources/standardgalactic/antivenom/resources/processing/geometry_of_correction.tex		book	untitled-document	26860
standardgalactic/antivenom	resources/processing/in_progress/main.tex	sources/standardgalactic/antivenom/resources/processing/in_progress/main.tex		book	untitled-document	67
standardgalactic/antivenom	resources/synthetic_sociality_v2.tex	sources/standardgalactic/antivenom/resources/synthetic_sociality_v2.tex		article	untitled-document	6937
standardgalactic/antivenom	resources/synthetic_sociality_v3-1.tex	sources/standardgalactic/antivenom/resources/synthetic_sociality_v3-1.tex		article	untitled-document	8080
standardgalactic/antivenom	resources/synthetic_sociality_v3-2.tex	sources/standardgalactic/antivenom/resources/synthetic_sociality_v3-2.tex		article	untitled-document	10657
standardgalactic/antivenom	resources/synthetic_sociality_v3-3.tex	sources/standardgalactic/antivenom/resources/synthetic_sociality_v3-3.tex		article	untitled-document	14714
standardgalactic/antivenom	resources/synthetic_sociality_v3.tex	sources/standardgalactic/antivenom/resources/synthetic_sociality_v3.tex		article	untitled-document	8080
standardgalactic/antivenom	sociology/remote_work.tex	sources/standardgalactic/antivenom/sociology/remote_work.tex		article	untitled-document	8595
standardgalactic/arcanum	realization-map.tex	sources/standardgalactic/arcanum/realization-map.tex		article	untitled-document	6208
standardgalactic/arcanum	synthetic-grounding.tex	sources/standardgalactic/arcanum/synthetic-grounding.tex		article	untitled-document	3345
standardgalactic/calculus	Calculus - diagrams.tex	sources/standardgalactic/calculus/Calculus - diagrams.tex		book	untitled-document	9226
standardgalactic/calculus	baseline/admissibility-essay.tex	sources/standardgalactic/calculus/baseline/admissibility-essay.tex		article	untitled-document	10050
standardgalactic/calculus	baseline/constraint_reachability_relaxation.tex	sources/standardgalactic/calculus/baseline/constraint_reachability_relaxation.tex		book	untitled-document	5776
standardgalactic/calculus	baseline/persistent_anomalies.tex	sources/standardgalactic/calculus/baseline/persistent_anomalies.tex		book	untitled-document	13789
standardgalactic/calculus	computation/adjunction_and_irreversibility.tex	sources/standardgalactic/calculus/computation/adjunction_and_irreversibility.tex		memoir	untitled-document	34680
standardgalactic/calculus	computational_worlds.tex	sources/standardgalactic/calculus/computational_worlds.tex		book	untitled-document	19305
standardgalactic/calculus	constraint.tex	sources/standardgalactic/calculus/constraint.tex		book	untitled-document	7281
standardgalactic/calculus	constraint_and_transformation_v2.tex	sources/standardgalactic/calculus/constraint_and_transformation_v2.tex		book	untitled-document	7462
standardgalactic/calculus	constraint_v2.tex	sources/standardgalactic/calculus/constraint_v2.tex		book	untitled-document	28969
standardgalactic/calculus	hierarchical-structure/main.tex	sources/standardgalactic/calculus/hierarchical-structure/main.tex		book	untitled-document	233
standardgalactic/calculus	identity_after_collapse.tex	sources/standardgalactic/calculus/identity_after_collapse.tex		amsbook	untitled-document	23754
standardgalactic/calculus	processing/computational_worlds.tex	sources/standardgalactic/calculus/processing/computational_worlds.tex		book	untitled-document	19305
standardgalactic/kitbash	cosmology/dynamics_of_theory_space.tex	sources/standardgalactic/kitbash/cosmology/dynamics_of_theory_space.tex		book	untitled-document	30154
standardgalactic/kitbash	paperbot/orientation-monograph.tex	sources/standardgalactic/kitbash/paperbot/orientation-monograph.tex		article	untitled-document	1112
standardgalactic/kitbash	processing/mundus_subterraneus.tex	sources/standardgalactic/kitbash/processing/mundus_subterraneus.tex		memoir	untitled-document	14235
standardgalactic/library	monograph/binding_invariant.tex	sources/standardgalactic/library/monograph/binding_invariant.tex		article	untitled-document	7539
standardgalactic/library	monograph/processing/binding_invariant.tex	sources/standardgalactic/library/monograph/processing/binding_invariant.tex		article	untitled-document	7539
standardgalactic/library	research/constraint-closure-v1.tex	sources/standardgalactic/library/research/constraint-closure-v1.tex		article	untitled-document	12107
standardgalactic/library	research/constraint-closure.tex	sources/standardgalactic/library/research/constraint-closure.tex		article	untitled-document	19609
standardgalactic/library	trajectories.tex	sources/standardgalactic/library/trajectories.tex		article	untitled-document	9490
standardgalactic/library	vault/monograph.tex	sources/standardgalactic/library/vault/monograph.tex		book	untitled-document	25830
standardgalactic/library	workspace/admissibility_before_truth.tex	sources/standardgalactic/library/workspace/admissibility_before_truth.tex		article	untitled-document	6588
standardgalactic/library	workspace/conservation_of_ambiguity.tex	sources/standardgalactic/library/workspace/conservation_of_ambiguity.tex		article	untitled-document	21209
standardgalactic/library	workspace/cost_of_knowing.tex	sources/standardgalactic/library/workspace/cost_of_knowing.tex		article	untitled-document	9925
standardgalactic/library	workspace/erasure_is_deformation.tex	sources/standardgalactic/library/workspace/erasure_is_deformation.tex		article	untitled-document	7465
standardgalactic/library	workspace/geometry_of_witnesses.tex	sources/standardgalactic/library/workspace/geometry_of_witnesses.tex		article	untitled-document	13280
standardgalactic/library	workspace/observability_is_restorability.tex	sources/standardgalactic/library/workspace/observability_is_restorability.tex		article	untitled-document	6743
standardgalactic/memory	processing/dip-of-the-horizon.tex	sources/standardgalactic/memory/processing/dip-of-the-horizon.tex		article	untitled-document	99
standardgalactic/memory	selective-continuation.tex	sources/standardgalactic/memory/selective-continuation.tex		article	untitled-document	5577
standardgalactic/research-projects	Aurora/recomposable-fragmentation.tex	sources/standardgalactic/research-projects/Aurora/recomposable-fragmentation.tex		amsart	untitled-document	7075
standardgalactic/research-projects	RSVP-meditations.tex	sources/standardgalactic/research-projects/RSVP-meditations.tex		article	untitled-document	16018
standardgalactic/research-projects	epistemology/morphology-as-computation.tex	sources/standardgalactic/research-projects/epistemology/morphology-as-computation.tex		article	untitled-document	16072
standardgalactic/research-projects	epistemology/processing/morphology-as-computation.tex	sources/standardgalactic/research-projects/epistemology/processing/morphology-as-computation.tex		article	untitled-document	16072
standardgalactic/research-projects	epistemology/recursive-admissibility.tex	sources/standardgalactic/research-projects/epistemology/recursive-admissibility.tex		book	untitled-document	16933
standardgalactic/research-projects	major_projects/RSVP-meditations.tex	sources/standardgalactic/research-projects/major_projects/RSVP-meditations.tex		article	untitled-document	16018
standardgalactic/research-projects	paper/error_as_obstruction.tex	sources/standardgalactic/research-projects/paper/error_as_obstruction.tex		article	untitled-document	6420
standardgalactic/research-projects	paper/ledger-without-value.tex	sources/standardgalactic/research-projects/paper/ledger-without-value.tex		article	untitled-document	5004
standardgalactic/research-projects	philosophy/reconstruction_and_distinction.tex	sources/standardgalactic/research-projects/philosophy/reconstruction_and_distinction.tex		article	untitled-document	22769
standardgalactic/research-projects	photonics/bayesian-photonics.tex	sources/standardgalactic/research-projects/photonics/bayesian-photonics.tex		book	untitled-document	10382
standardgalactic/spherepop	entropy_of_austerity.tex	sources/standardgalactic/spherepop/entropy_of_austerity.tex		article	untitled-document	3397
standardgalactic/spherepop	textbook/economy-of-forgotten-things.tex	sources/standardgalactic/spherepop/textbook/economy-of-forgotten-things.tex		book	untitled-document	31959
standardgalactic/standardgalactic	constraint_trajectory_irreversibility.tex	sources/standardgalactic/standardgalactic/constraint_trajectory_irreversibility.tex		article	untitled-document	14815
standardgalactic/standardgalactic	epistemology/manufacturing_credulity.tex	sources/standardgalactic/standardgalactic/epistemology/manufacturing_credulity.tex		article	untitled-document	6270
standardgalactic/userspace	futurism/labor_singularity.tex	sources/standardgalactic/userspace/futurism/labor_singularity.tex		article	untitled-document	14081
standardgalactic/userspace	labor_singularity.tex	sources/standardgalactic/userspace/labor_singularity.tex		article	untitled-document	14081
