repo	directory	basename	txt	mp3
standardgalactic/abraxas	.	How Disney Trapped Us in the Past	How Disney Trapped Us in the Past.txt	How Disney Trapped Us in the Past.mp3
standardgalactic/abraxas	.	Xylomorphic_Computation	Xylomorphic_Computation.txt	Xylomorphic_Computation.mp3
standardgalactic/abraxas	machine-intelligence	Why_AI_Fluency_Is_Not_Capability	machine-intelligence/Why_AI_Fluency_Is_Not_Capability.txt	machine-intelligence/Why_AI_Fluency_Is_Not_Capability.mp3
standardgalactic/abraxas	projects	Xylomorphic_Computation	projects/Xylomorphic_Computation.txt	projects/Xylomorphic_Computation.mp3
standardgalactic/admissibility-lab	.	How_Systems_Decide_What_to_Sacrifice	How_Systems_Decide_What_to_Sacrifice.txt	How_Systems_Decide_What_to_Sacrifice.mp3
standardgalactic/admissibility-lab	.	How_motor_gestures_reconstruct_our_reality	How_motor_gestures_reconstruct_our_reality.txt	How_motor_gestures_reconstruct_our_reality.mp3
standardgalactic/admissibility-lab	.	The_hidden_motor_grammar_of_your_hands	The_hidden_motor_grammar_of_your_hands.txt	The_hidden_motor_grammar_of_your_hands.mp3
standardgalactic/admissibility-lab	.	Why_Reachability_Matters_More_Than_Prediction	Why_Reachability_Matters_More_Than_Prediction.txt	Why_Reachability_Matters_More_Than_Prediction.mp3
standardgalactic/admissibility-lab	.	Your_Keyboard_Is_a_Civilizational_Ark	Your_Keyboard_Is_a_Civilizational_Ark.txt	Your_Keyboard_Is_a_Civilizational_Ark.mp3
standardgalactic/admissibility-lab	processing	A_Mathematical_Toolkit_for_Intelligence	processing/A_Mathematical_Toolkit_for_Intelligence.txt	processing/A_Mathematical_Toolkit_for_Intelligence.mp3
standardgalactic/admissibility-lab	processing	Identical_solutions_from_independent_origins	processing/Identical_solutions_from_independent_origins.txt	processing/Identical_solutions_from_independent_origins.mp3
standardgalactic/admissibility-lab	processing	Intelligence_as_a_perspectival_convergence	processing/Intelligence_as_a_perspectival_convergence.txt	processing/Intelligence_as_a_perspectival_convergence.mp3
standardgalactic/admissibility-lab	processing	Thinking_is_a_trajectory_through_constraints	processing/Thinking_is_a_trajectory_through_constraints.txt	processing/Thinking_is_a_trajectory_through_constraints.mp3
standardgalactic/admissibility-lab	processing	Why_boundaries_are_verbs_not_nouns	processing/Why_boundaries_are_verbs_not_nouns.txt	processing/Why_boundaries_are_verbs_not_nouns.mp3
standardgalactic/admissibility-lab	processing	Why_we_erase_ourselves_to_be_understood	processing/Why_we_erase_ourselves_to_be_understood.txt	processing/Why_we_erase_ourselves_to_be_understood.mp3
standardgalactic/algebra	.	How_Boundaries_Create_Truth_and_Waste	How_Boundaries_Create_Truth_and_Waste.txt	How_Boundaries_Create_Truth_and_Waste.mp3
standardgalactic/alignment	.	1980s_math_fixes_AI_agent_collapse	1980s_math_fixes_AI_agent_collapse.txt	1980s_math_fixes_AI_agent_collapse.mp3
standardgalactic/alignment	.	Why_the_AI_extinction_thesis_fails	Why_the_AI_extinction_thesis_fails.txt	Why_the_AI_extinction_thesis_fails.mp3
standardgalactic/alignment	working	La_ineficiencia_nos_salvará_de_la_IA	working/La_ineficiencia_nos_salvará_de_la_IA.txt	working/La_ineficiencia_nos_salvará_de_la_IA.mp3
standardgalactic/alignment	working	Surviving_AI_Optimization_Through_Human_Friction	working/Surviving_AI_Optimization_Through_Human_Friction.txt	working/Surviving_AI_Optimization_Through_Human_Friction.mp3
standardgalactic/alignment	working	Why_Deliberate_Friction_Stops_Algorithmic_Capture	working/Why_Deliberate_Friction_Stops_Algorithmic_Capture.txt	working/Why_Deliberate_Friction_Stops_Algorithmic_Capture.mp3
standardgalactic/alphabet	.	Bubblegum Economy	Bubblegum Economy.txt	Bubblegum Economy.mp3
standardgalactic/alphabet	.	Exegesis Textualis	Exegesis Textualis.txt	Exegesis Textualis.mp3
standardgalactic/alphabet	.	Genius, Prodigy, and Talent	Genius, Prodigy, and Talent.txt	Genius, Prodigy, and Talent.mp3
standardgalactic/alphabet	.	Kelp Dreams	Kelp Dreams.txt	Kelp Dreams.mp3
standardgalactic/alphabet	.	Pars Tui Mundi	Pars Tui Mundi.txt	Pars Tui Mundi.mp3
standardgalactic/alphabet	.	Playcosm_ Unified Play and Prefigurative Simulations	Playcosm_ Unified Play and Prefigurative Simulations.txt	Playcosm_ Unified Play and Prefigurative Simulations.mp3
standardgalactic/alphabet	.	Psychocinema - Arabic English	Psychocinema - Arabic English.txt	Psychocinema - Arabic English.mp3
standardgalactic/alphabet	.	Technosocietal Constructs	Technosocietal Constructs.txt	Technosocietal Constructs.mp3
standardgalactic/alphabet	.	The Great Debate	The Great Debate.txt	The Great Debate.mp3
standardgalactic/alphabet	.	The Lie of the Discipline of Symbolic Logic	The Lie of the Discipline of Symbolic Logic.txt	The Lie of the Discipline of Symbolic Logic.mp3
standardgalactic/alphabet	biology	Life_as_a_Topological_Loop	biology/Life_as_a_Topological_Loop.txt	biology/Life_as_a_Topological_Loop.mp3
standardgalactic/alphabet	constraint-geometry	Why_Flat_Metrics_Fail_Reality	constraint-geometry/Why_Flat_Metrics_Fail_Reality.txt	constraint-geometry/Why_Flat_Metrics_Fail_Reality.mp3
standardgalactic/alphabet	constructor-theory	Ontological Polycompilation and Knowledge Creation Risks - version 2	constructor-theory/Ontological Polycompilation and Knowledge Creation Risks - version 2.txt	constructor-theory/Ontological Polycompilation and Knowledge Creation Risks - version 2.mp3
standardgalactic/alphabet	constructor-theory	Ontological Polycompilation and Knowledge Creation Risks	constructor-theory/Ontological Polycompilation and Knowledge Creation Risks.txt	constructor-theory/Ontological Polycompilation and Knowledge Creation Risks.mp3
standardgalactic/alphabet	cosmology	Cosmic_Connections__Unifying_Galaxies,_Brains,_AI,_and_Ancient_	cosmology/Cosmic_Connections__Unifying_Galaxies,_Brains,_AI,_and_Ancient_.txt	cosmology/Cosmic_Connections__Unifying_Galaxies,_Brains,_AI,_and_Ancient_.mp3
standardgalactic/alphabet	cosmology	Everything_Is_Made_of_Possible_Futures	cosmology/Everything_Is_Made_of_Possible_Futures.txt	cosmology/Everything_Is_Made_of_Possible_Futures.mp3
standardgalactic/alphabet	cosmology	Observation_is_an_admissible_projection	cosmology/Observation_is_an_admissible_projection.txt	cosmology/Observation_is_an_admissible_projection.mp3
standardgalactic/alphabet	cosmology	The_universe_calculates_itself_into_stability	cosmology/The_universe_calculates_itself_into_stability.txt	cosmology/The_universe_calculates_itself_into_stability.mp3
standardgalactic/alphabet	cosmology	Why_the_Universe_Never_Actually_Expanded	cosmology/Why_the_Universe_Never_Actually_Expanded.txt	cosmology/Why_the_Universe_Never_Actually_Expanded.mp3
standardgalactic/alphabet	document	Civilization_as_a_Testable_Hypothesis	document/Civilization_as_a_Testable_Hypothesis.txt	document/Civilization_as_a_Testable_Hypothesis.mp3
standardgalactic/alphabet	document	The_Witness_Plane_and_the_handled_lie	document/The_Witness_Plane_and_the_handled_lie.txt	document/The_Witness_Plane_and_the_handled_lie.mp3
standardgalactic/alphabet	document	Why_Intelligence_Requires_Destroying_Information	document/Why_Intelligence_Requires_Destroying_Information.txt	document/Why_Intelligence_Requires_Destroying_Information.mp3
standardgalactic/alphabet	document	Why_the_future_is_becoming_unreachable	document/Why_the_future_is_becoming_unreachable.txt	document/Why_the_future_is_becoming_unreachable.mp3
standardgalactic/alphabet	ecology	The_Geometry_of_Rewiring	ecology/The_Geometry_of_Rewiring.txt	ecology/The_Geometry_of_Rewiring.mp3
standardgalactic/alphabet	ecology	Why_Efficiency_Is_a_Survival_Trap	ecology/Why_Efficiency_Is_a_Survival_Trap.txt	ecology/Why_Efficiency_Is_a_Survival_Trap.mp3
standardgalactic/alphabet	epistemology	Why_AI_text_feels_deceptively_profound	epistemology/Why_AI_text_feels_deceptively_profound.txt	epistemology/Why_AI_text_feels_deceptively_profound.mp3
standardgalactic/alphabet	example	When_Procrastination_Is_Mathematically_Optimal	example/When_Procrastination_Is_Mathematically_Optimal.txt	example/When_Procrastination_Is_Mathematically_Optimal.mp3
standardgalactic/alphabet	example	Why_Efficient_Systems_Are_Impossible_to_Repair	example/Why_Efficient_Systems_Are_Impossible_to_Repair.txt	example/Why_Efficient_Systems_Are_Impossible_to_Repair.mp3
standardgalactic/alphabet	example	Why_systems_optimize_themselves_to_death	example/Why_systems_optimize_themselves_to_death.txt	example/Why_systems_optimize_themselves_to_death.mp3
standardgalactic/alphabet	framework	Everything_you_think_is_a_clipboard	framework/Everything_you_think_is_a_clipboard.txt	framework/Everything_you_think_is_a_clipboard.mp3
standardgalactic/alphabet	framework	Reality-is-what-survives-elimination	framework/Reality-is-what-survives-elimination.txt	framework/Reality-is-what-survives-elimination.mp3
standardgalactic/alphabet	framework	The_Geometry_of_Biological_Possibility	framework/The_Geometry_of_Biological_Possibility.txt	framework/The_Geometry_of_Biological_Possibility.mp3
standardgalactic/alphabet	framework	Why_brains_navigate_instead_of_predict	framework/Why_brains_navigate_instead_of_predict.txt	framework/Why_brains_navigate_instead_of_predict.mp3
standardgalactic/alphabet	manuscripts	The_Hidden_Geometry_of_Global_Movement	manuscripts/The_Hidden_Geometry_of_Global_Movement.txt	manuscripts/The_Hidden_Geometry_of_Global_Movement.mp3
standardgalactic/alphabet	physics	The_universe_is_a_self-correcting_computation	physics/The_universe_is_a_self-correcting_computation.txt	physics/The_universe_is_a_self-correcting_computation.mp3
standardgalactic/alphabet	physics	Unifying_physics_through_cosmic_error_correction	physics/Unifying_physics_through_cosmic_error_correction.txt	physics/Unifying_physics_through_cosmic_error_correction.mp3
standardgalactic/alphabet	physics	Univalent_photonics_and_the_persistence_of_identity	physics/Univalent_photonics_and_the_persistence_of_identity.txt	physics/Univalent_photonics_and_the_persistence_of_identity.mp3
standardgalactic/alphabet	physics	Why_True_Intelligence_Refuses_Noise	physics/Why_True_Intelligence_Refuses_Noise.txt	physics/Why_True_Intelligence_Refuses_Noise.mp3
standardgalactic/alphabet	physics/cosmology	Admissibility_Geometry	physics/cosmology/Admissibility_Geometry.txt	physics/cosmology/Admissibility_Geometry.mp3
standardgalactic/alphabet	physics/cosmology	Dark_Matter_as_a_Geometric_Phase_Transition	physics/cosmology/Dark_Matter_as_a_Geometric_Phase_Transition.txt	physics/cosmology/Dark_Matter_as_a_Geometric_Phase_Transition.mp3
standardgalactic/alphabet	physics/cosmology	Space_is_the_residue_of_persistent_structure	physics/cosmology/Space_is_the_residue_of_persistent_structure.txt	physics/cosmology/Space_is_the_residue_of_persistent_structure.mp3
standardgalactic/alphabet	physics/processing	Univalent_photonics_and_the_persistence_of_identity	physics/processing/Univalent_photonics_and_the_persistence_of_identity.txt	physics/processing/Univalent_photonics_and_the_persistence_of_identity.mp3
standardgalactic/alphabet	physics/working	Why_True_Intelligence_Refuses_Noise	physics/working/Why_True_Intelligence_Refuses_Noise.txt	physics/working/Why_True_Intelligence_Refuses_Noise.mp3
standardgalactic/alphabet	pipeline	Memory_is_structure_not_storage	pipeline/Memory_is_structure_not_storage.txt	pipeline/Memory_is_structure_not_storage.mp3
standardgalactic/alphabet	pipeline	The_hidden_geometry_of_prompts_and_drafts	pipeline/The_hidden_geometry_of_prompts_and_drafts.txt	pipeline/The_hidden_geometry_of_prompts_and_drafts.mp3
standardgalactic/alphabet	pipeline	The_math_behind_the_Claude_Code_leak	pipeline/The_math_behind_the_Claude_Code_leak.txt	pipeline/The_math_behind_the_Claude_Code_leak.mp3
standardgalactic/alphabet	pipeline	Why_massive_ensemble_casts_fail	pipeline/Why_massive_ensemble_casts_fail.txt	pipeline/Why_massive_ensemble_casts_fail.mp3
standardgalactic/alphabet	.	pixelation-review	pixelation-review.txt	pixelation-review.mp3
standardgalactic/alphabet	processing	Abstraction_Is_Just_Energy_Minimization	processing/Abstraction_Is_Just_Energy_Minimization.txt	processing/Abstraction_Is_Just_Energy_Minimization.mp3
standardgalactic/alphabet	processing	Abstraction_as_Reduction	processing/Abstraction_as_Reduction.txt	processing/Abstraction_as_Reduction.mp3
standardgalactic/alphabet	processing	How_Mathematical_Realities_Outgrow_Their_Maps	processing/How_Mathematical_Realities_Outgrow_Their_Maps.txt	processing/How_Mathematical_Realities_Outgrow_Their_Maps.mp3
standardgalactic/alphabet	projects	RSVP_Unifica_Cosmos_Mente_y_Empresas_con_Analogías	projects/RSVP_Unifica_Cosmos_Mente_y_Empresas_con_Analogías.txt	projects/RSVP_Unifica_Cosmos_Mente_y_Empresas_con_Analogías.mp3
standardgalactic/alphabet	projects	Unifying_Everything_Relativistic_Scalar_Vector_Plenum	projects/Unifying_Everything_Relativistic_Scalar_Vector_Plenum.txt	projects/Unifying_Everything_Relativistic_Scalar_Vector_Plenum.mp3
standardgalactic/alphabet	projects/overview	One_physics_for_galaxies_and_minds	projects/overview/One_physics_for_galaxies_and_minds.txt	projects/overview/One_physics_for_galaxies_and_minds.mp3
standardgalactic/alphabet	projects	نظرية_كل_شيء_الكون_وعي_الشركات_بالملأ	projects/نظرية_كل_شيء_الكون_وعي_الشركات_بالملأ.txt	projects/نظرية_كل_شيء_الكون_وعي_الشركات_بالملأ.mp3
standardgalactic/alphabet	research	How_math_blinded_us_to_the_microbiome	research/How_math_blinded_us_to_the_microbiome.txt	research/How_math_blinded_us_to_the_microbiome.mp3
standardgalactic/alphabet	research	The_Shared_Topology_of_Spacetime_and_Mind	research/The_Shared_Topology_of_Spacetime_and_Mind.txt	research/The_Shared_Topology_of_Spacetime_and_Mind.mp3
standardgalactic/alphabet	research	Why_Your_Brain_Needs_Excess_Capacity	research/Why_Your_Brain_Needs_Excess_Capacity.txt	research/Why_Your_Brain_Needs_Excess_Capacity.mp3
standardgalactic/alphabet	research	Why_intelligence_thrives_on_extreme_abundance	research/Why_intelligence_thrives_on_extreme_abundance.txt	research/Why_intelligence_thrives_on_extreme_abundance.mp3
standardgalactic/alphabet	resources	How_Mathematics_Tells_Things_Apart	resources/How_Mathematics_Tells_Things_Apart.txt	resources/How_Mathematics_Tells_Things_Apart.mp3
standardgalactic/alphabet	resources	The_Mathematics_of_Persistent_Systems	resources/The_Mathematics_of_Persistent_Systems.txt	resources/The_Mathematics_of_Persistent_Systems.mp3
standardgalactic/alphabet	roadmap	Everything_Is_A_Continuous_Maintenance_Process	roadmap/Everything_Is_A_Continuous_Maintenance_Process.txt	roadmap/Everything_Is_A_Continuous_Maintenance_Process.mp3
standardgalactic/alphabet	roadmap	How_Unfaithful_Algorithms_Reshape_Reality	roadmap/How_Unfaithful_Algorithms_Reshape_Reality.txt	roadmap/How_Unfaithful_Algorithms_Reshape_Reality.mp3
standardgalactic/alphabet	roadmap	How_systems_survive_their_own_degradation	roadmap/How_systems_survive_their_own_degradation.txt	roadmap/How_systems_survive_their_own_degradation.mp3
standardgalactic/alphabet	roadmap	The_Hidden_Geometry_of_Cinematic_Attention	roadmap/The_Hidden_Geometry_of_Cinematic_Attention.txt	roadmap/The_Hidden_Geometry_of_Cinematic_Attention.mp3
standardgalactic/alphabet	roadmap	Why_AI_must_forget_to_think	roadmap/Why_AI_must_forget_to_think.txt	roadmap/Why_AI_must_forget_to_think.mp3
standardgalactic/alphabet	roadmap	Why_We_Keep_Burning_the_Blueprints	roadmap/Why_We_Keep_Burning_the_Blueprints.txt	roadmap/Why_We_Keep_Burning_the_Blueprints.mp3
standardgalactic/alphabet	science	Your_Brain_Is_a_Refractive_Prism	science/Your_Brain_Is_a_Refractive_Prism.txt	science/Your_Brain_Is_a_Refractive_Prism.mp3
standardgalactic/alphabet	science	Your_Brain_Refracts_Rather_Than_Creates_Consciousness	science/Your_Brain_Refracts_Rather_Than_Creates_Consciousness.txt	science/Your_Brain_Refracts_Rather_Than_Creates_Consciousness.mp3
standardgalactic/alphabet	soup	The_hidden_danger_of_hollow_agreements	soup/The_hidden_danger_of_hollow_agreements.txt	soup/The_hidden_danger_of_hollow_agreements.mp3
standardgalactic/alphabet	soup	Why_nothing_original_needs_to_survive	soup/Why_nothing_original_needs_to_survive.txt	soup/Why_nothing_original_needs_to_survive.mp3
standardgalactic/alphabet	soup	Why_text_is_a_flawed_AI_foundation	soup/Why_text_is_a_flawed_AI_foundation.txt	soup/Why_text_is_a_flawed_AI_foundation.mp3
standardgalactic/alphabet	working	Dark_Matter_Detectors_Only_See_Shadows	working/Dark_Matter_Detectors_Only_See_Shadows.txt	working/Dark_Matter_Detectors_Only_See_Shadows.mp3
standardgalactic/alphabet	working	How_Skin_Heals_Like_Anxious_Brains	working/How_Skin_Heals_Like_Anxious_Brains.txt	working/How_Skin_Heals_Like_Anxious_Brains.mp3
standardgalactic/alphabet	working	Systems_survive_by_destroying_their_history	working/Systems_survive_by_destroying_their_history.txt	working/Systems_survive_by_destroying_their_history.mp3
standardgalactic/alphabet	working	Why_Dark_Matter_Detectors_Hallucinate	working/Why_Dark_Matter_Detectors_Hallucinate.txt	working/Why_Dark_Matter_Detectors_Hallucinate.mp3
standardgalactic/alphabet	working	Why_robust_systems_destroy_their_paths	working/Why_robust_systems_destroy_their_paths.txt	working/Why_robust_systems_destroy_their_paths.mp3
standardgalactic/alphabet	working	Why_systems_survive_by_destroying_information	working/Why_systems_survive_by_destroying_information.txt	working/Why_systems_survive_by_destroying_information.mp3
standardgalactic/alphabet	workspace	Hidden_Constraints_from_Anglerfish_to_AI	workspace/Hidden_Constraints_from_Anglerfish_to_AI.txt	workspace/Hidden_Constraints_from_Anglerfish_to_AI.mp3
standardgalactic/alphabet	workspace	Reality_builds_itself_without_a_blueprint	workspace/Reality_builds_itself_without_a_blueprint.txt	workspace/Reality_builds_itself_without_a_blueprint.mp3
standardgalactic/alphabet	workspace	The_Fatal_Shortcut	workspace/The_Fatal_Shortcut.txt	workspace/The_Fatal_Shortcut.mp3
standardgalactic/alphabet	.	Μέρος τοῦ Κόσμου	Μέρος τοῦ Κόσμου.txt	Μέρος τοῦ Κόσμου.mp3
standardgalactic/alphabet	.	مجرة الفوضى	مجرة الفوضى.txt	مجرة الفوضى.mp3
standardgalactic/alphabet	.	𝘝𝘦𝘳𝘵𝘪𝘤𝘢𝘭 𝘚𝘤𝘢𝘭𝘪𝘯𝘨	𝘝𝘦𝘳𝘵𝘪𝘤𝘢𝘭 𝘚𝘤𝘢𝘭𝘪𝘯𝘨.txt	𝘝𝘦𝘳𝘵𝘪𝘤𝘢𝘭 𝘚𝘤𝘢𝘭𝘪𝘯𝘨.mp3
standardgalactic/animal-social	.	O_colapso_dos_caminhos_da_informação	O_colapso_dos_caminhos_da_informação.txt	O_colapso_dos_caminhos_da_informação.mp3
standardgalactic/animal-social	.	Why_saved_data_remains_unreachable	Why_saved_data_remains_unreachable.txt	Why_saved_data_remains_unreachable.mp3
standardgalactic/animal-social	.	Why_stored_information_becomes_unreachable	Why_stored_information_becomes_unreachable.txt	Why_stored_information_becomes_unreachable.mp3
standardgalactic/animal-social	.	Your_Mind_as_a_Dynamic_Landscape	Your_Mind_as_a_Dynamic_Landscape.txt	Your_Mind_as_a_Dynamic_Landscape.mp3
standardgalactic/antigravity	audio-overviews	Why_antigravity_machines_never_leave_the_ground	audio-overviews/Why_antigravity_machines_never_leave_the_ground.txt	audio-overviews/Why_antigravity_machines_never_leave_the_ground.mp3
standardgalactic/antigravity	audio-overviews	Why_fringe_physics_always_fails	audio-overviews/Why_fringe_physics_always_fails.txt	audio-overviews/Why_fringe_physics_always_fails.mp3
standardgalactic/antivenom	.	The_Extinction_Thesis_Versus_Flourishing	The_Extinction_Thesis_Versus_Flourishing.txt	The_Extinction_Thesis_Versus_Flourishing.mp3
standardgalactic/antivenom	.	Unusual Ideas & Enigmatic Collaborations	Unusual Ideas & Enigmatic Collaborations.txt	Unusual Ideas & Enigmatic Collaborations.mp3
standardgalactic/antivenom	active-inference	Agency_is_Transient_Geometric_Collapse	active-inference/Agency_is_Transient_Geometric_Collapse.txt	active-inference/Agency_is_Transient_Geometric_Collapse.mp3
standardgalactic/antivenom	boundaries	How_Platforms_Turn_Creators_Into_Customers	boundaries/How_Platforms_Turn_Creators_Into_Customers.txt	boundaries/How_Platforms_Turn_Creators_Into_Customers.mp3
standardgalactic/antivenom	boundaries	The_Physics_of_Social_Escape_Velocity	boundaries/The_Physics_of_Social_Escape_Velocity.txt	boundaries/The_Physics_of_Social_Escape_Velocity.mp3
standardgalactic/antivenom	boundaries	Why_your_brain_believes_deepfakes	boundaries/Why_your_brain_believes_deepfakes.txt	boundaries/Why_your_brain_believes_deepfakes.mp3
standardgalactic/antivenom	economics	Why_Every_Useful_Platform_Becomes_A_Tollbooth	economics/Why_Every_Useful_Platform_Becomes_A_Tollbooth.txt	economics/Why_Every_Useful_Platform_Becomes_A_Tollbooth.mp3
standardgalactic/antivenom	economics	Why_digital_platforms_mimic_war_economies	economics/Why_digital_platforms_mimic_war_economies.txt	economics/Why_digital_platforms_mimic_war_economies.mp3
standardgalactic/antivenom	economics	Why_gig_platforms_profit_from_your_failure	economics/Why_gig_platforms_profit_from_your_failure.txt	economics/Why_gig_platforms_profit_from_your_failure.mp3
standardgalactic/antivenom	essay	El_presente_es_una_ilusión_óptica	essay/El_presente_es_una_ilusión_óptica.txt	essay/El_presente_es_una_ilusión_óptica.mp3
standardgalactic/antivenom	essay	Everything_is_a_verb_not_a_noun	essay/Everything_is_a_verb_not_a_noun.txt	essay/Everything_is_a_verb_not_a_noun.mp3
standardgalactic/antivenom	essay	How_your_archive_builds_your_reality	essay/How_your_archive_builds_your_reality.txt	essay/How_your_archive_builds_your_reality.mp3
standardgalactic/antivenom	essay	Information_must_earn_its_authority	essay/Information_must_earn_its_authority.txt	essay/Information_must_earn_its_authority.mp3
standardgalactic/antivenom	essay	La_arquitectura_del_encierro_digital	essay/La_arquitectura_del_encierro_digital.txt	essay/La_arquitectura_del_encierro_digital.mp3
standardgalactic/antivenom	essay	Physics_from_groups_to_groupoids	essay/Physics_from_groups_to_groupoids.txt	essay/Physics_from_groups_to_groupoids.mp3
standardgalactic/antivenom	essay	The_Math_That_Erases_Human_Need	essay/The_Math_That_Erases_Human_Need.txt	essay/The_Math_That_Erases_Human_Need.mp3
standardgalactic/antivenom	essay	Tus_apuntes_deciden_lo_que_piensas	essay/Tus_apuntes_deciden_lo_que_piensas.txt	essay/Tus_apuntes_deciden_lo_que_piensas.mp3
standardgalactic/antivenom	essay	Why_apps_get_worse_on_purpose	essay/Why_apps_get_worse_on_purpose.txt	essay/Why_apps_get_worse_on_purpose.mp3
standardgalactic/antivenom	framework	Conceptual Frameworks_ Playcosm, SFIP, Yarncrawler, Polycompilation, and BPES	framework/Conceptual Frameworks_ Playcosm, SFIP, Yarncrawler, Polycompilation, and BPES.txt	framework/Conceptual Frameworks_ Playcosm, SFIP, Yarncrawler, Polycompilation, and BPES.mp3
standardgalactic/antivenom	framework	How_AI_Fragility_Fuels_the_Metacrisis	framework/How_AI_Fragility_Fuels_the_Metacrisis.txt	framework/How_AI_Fragility_Fuels_the_Metacrisis.mp3
standardgalactic/antivenom	framework	Three-Tier Dynamics for Controlled AI Takeoff	framework/Three-Tier Dynamics for Controlled AI Takeoff.txt	framework/Three-Tier Dynamics for Controlled AI Takeoff.mp3
standardgalactic/antivenom	futurology	Heating_Your_Home_With_Computation	futurology/Heating_Your_Home_With_Computation.txt	futurology/Heating_Your_Home_With_Computation.mp3
standardgalactic/antivenom	futurology	Heating_homes_with_data_center_waste_heat	futurology/Heating_homes_with_data_center_waste_heat.txt	futurology/Heating_homes_with_data_center_waste_heat.mp3
standardgalactic/antivenom	monograph	Unfinishable_games_that_weaponize_your_sleep	monograph/Unfinishable_games_that_weaponize_your_sleep.txt	monograph/Unfinishable_games_that_weaponize_your_sleep.mp3
standardgalactic/antivenom	opinion	Cementerios_de_sueños_digitales_y_la_cura_Flyxion	opinion/Cementerios_de_sueños_digitales_y_la_cura_Flyxion.txt	opinion/Cementerios_de_sueños_digitales_y_la_cura_Flyxion.mp3
standardgalactic/antivenom	opinion	Digital_Decay_and_the_Structural_Cure	opinion/Digital_Decay_and_the_Structural_Cure.txt	opinion/Digital_Decay_and_the_Structural_Cure.mp3
standardgalactic/antivenom	opinion	Why-Social-Media-Is-Ugly-on-Purpose	opinion/Why-Social-Media-Is-Ugly-on-Purpose.txt	opinion/Why-Social-Media-Is-Ugly-on-Purpose.mp3
standardgalactic/antivenom	opinion	Why_Spreadsheets_are_Deadlier_than_Drones	opinion/Why_Spreadsheets_are_Deadlier_than_Drones.txt	opinion/Why_Spreadsheets_are_Deadlier_than_Drones.mp3
standardgalactic/antivenom	persistence	The_Broken_Math_of_Carbon_Offsets	persistence/The_Broken_Math_of_Carbon_Offsets.txt	persistence/The_Broken_Math_of_Carbon_Offsets.mp3
standardgalactic/antivenom	persistence	Why_carbon_markets_are_a_mathematical_fiction	persistence/Why_carbon_markets_are_a_mathematical_fiction.txt	persistence/Why_carbon_markets_are_a_mathematical_fiction.mp3
standardgalactic/antivenom	philosophy	Why_more_cameras_mean_less_truth	philosophy/Why_more_cameras_mean_less_truth.txt	philosophy/Why_more_cameras_mean_less_truth.mp3
standardgalactic/antivenom	processing	How_AI_Tokens_Tax_Human_Thought	processing/How_AI_Tokens_Tax_Human_Thought.txt	processing/How_AI_Tokens_Tax_Human_Thought.mp3
standardgalactic/antivenom	projects	A_mathematical_proof_against_bullshit_jobs	projects/A_mathematical_proof_against_bullshit_jobs.txt	projects/A_mathematical_proof_against_bullshit_jobs.mp3
standardgalactic/antivenom	projects	Mathematical_Proof_That_Survival_Is_Insufficient	projects/Mathematical_Proof_That_Survival_Is_Insufficient.txt	projects/Mathematical_Proof_That_Survival_Is_Insufficient.mp3
standardgalactic/antivenom	projects	Why_Detached_Ownership_Guarantees_Systemic_Collapse	projects/Why_Detached_Ownership_Guarantees_Systemic_Collapse.txt	projects/Why_Detached_Ownership_Guarantees_Systemic_Collapse.mp3
standardgalactic/antivenom	resources	Thermodynamics_of_Thought	resources/Thermodynamics_of_Thought.txt	resources/Thermodynamics_of_Thought.mp3
standardgalactic/antivenom	resources/processing	Turning_Vim_into_a_3D_game	resources/processing/Turning_Vim_into_a_3D_game.txt	resources/processing/Turning_Vim_into_a_3D_game.mp3
standardgalactic/antivenom	resources/processing	Unfreezing_digital_media_with_source_first_architecture	resources/processing/Unfreezing_digital_media_with_source_first_architecture.txt	resources/processing/Unfreezing_digital_media_with_source_first_architecture.mp3
standardgalactic/antivenom	resources/processing	Why_Reality_is_the_Best_Computer	resources/processing/Why_Reality_is_the_Best_Computer.txt	resources/processing/Why_Reality_is_the_Best_Computer.mp3
standardgalactic/antivenom	rhetoric	Empathy_Teaches_the_Torturer_Where_to_Press	rhetoric/Empathy_Teaches_the_Torturer_Where_to_Press.txt	rhetoric/Empathy_Teaches_the_Torturer_Where_to_Press.mp3
standardgalactic/antivenom	rhetoric	The_Comfort_Trap_of_Frictionless_Living	rhetoric/The_Comfort_Trap_of_Frictionless_Living.txt	rhetoric/The_Comfort_Trap_of_Frictionless_Living.mp3
standardgalactic/antivenom	rhetoric	Why_AI_Must_Act_Before_Proof	rhetoric/Why_AI_Must_Act_Before_Proof.txt	rhetoric/Why_AI_Must_Act_Before_Proof.mp3
standardgalactic/antivenom	rhetoric	Why_machines_still_do_not_understand_data	rhetoric/Why_machines_still_do_not_understand_data.txt	rhetoric/Why_machines_still_do_not_understand_data.mp3
standardgalactic/antivenom	rhetoric	Why_medical_success_looks_like_failure	rhetoric/Why_medical_success_looks_like_failure.txt	rhetoric/Why_medical_success_looks_like_failure.mp3
standardgalactic/antivenom	sociology	Why_your_remote_job_applications_disappear	sociology/Why_your_remote_job_applications_disappear.txt	sociology/Why_your_remote_job_applications_disappear.mp3
standardgalactic/antivenom	working	Escaping_Polemic_Debt	working/Escaping_Polemic_Debt.txt	working/Escaping_Polemic_Debt.mp3
standardgalactic/arabic-flashcards	.	Teoría_Unificada_Células_Galaxias_Conciencia	Teoría_Unificada_Células_Galaxias_Conciencia.txt	Teoría_Unificada_Células_Galaxias_Conciencia.mp3
standardgalactic/arabic-flashcards	.	Unifying_Physics_Geometry_Identity_Free_Energy	Unifying_Physics_Geometry_Identity_Free_Energy.txt	Unifying_Physics_Geometry_Identity_Free_Energy.mp3
standardgalactic/arabic-flashcards	.	توحيد_الفيزياء_والحياة_والوعي_في_نظرية_واحدة	توحيد_الفيزياء_والحياة_والوعي_في_نظرية_واحدة.txt	توحيد_الفيزياء_والحياة_والوعي_في_نظرية_واحدة.mp3
standardgalactic/arcanum	.	Architectural Layers of Reality	Architectural Layers of Reality.txt	Architectural Layers of Reality.mp3
standardgalactic/arcanum	overview	The_Illusions_of_Reality	overview/The_Illusions_of_Reality.txt	overview/The_Illusions_of_Reality.mp3
standardgalactic/audio-explorer	.	Abstraction_Is_Just_Energy_Minimization	Abstraction_Is_Just_Energy_Minimization.txt	Abstraction_Is_Just_Energy_Minimization.mp3
standardgalactic/audio-explorer	.	La_ilusión_del_pensamiento_dual	La_ilusión_del_pensamiento_dual.txt	La_ilusión_del_pensamiento_dual.mp3
standardgalactic/audio-explorer	.	La_ingeniería_de_la_violencia_mexica	La_ingeniería_de_la_violencia_mexica.txt	La_ingeniería_de_la_violencia_mexica.mp3
standardgalactic/audio-explorer	.	Nuestra_vara_de_la_dificultad_está_chueca	Nuestra_vara_de_la_dificultad_está_chueca.txt	Nuestra_vara_de_la_dificultad_está_chueca.mp3
standardgalactic/audio-explorer	.	The_Aztec_Architecture_of_Sustainable_Violence	The_Aztec_Architecture_of_Sustainable_Violence.txt	The_Aztec_Architecture_of_Sustainable_Violence.mp3
standardgalactic/audio-explorer	.	The_Myth_of_Dual_Cognition	The_Myth_of_Dual_Cognition.txt	The_Myth_of_Dual_Cognition.mp3
standardgalactic/audio-explorer	.	Why_Chess_Is_Easier_Than_Laundry	Why_Chess_Is_Easier_Than_Laundry.txt	Why_Chess_Is_Easier_Than_Laundry.mp3
standardgalactic/audio-explorer	.	التكنولوجيا_لا_تلغي_الصعوبة_بل_تعيد_توزيعها	التكنولوجيا_لا_تلغي_الصعوبة_بل_تعيد_توزيعها.txt	التكنولوجيا_لا_تلغي_الصعوبة_بل_تعيد_توزيعها.mp3
standardgalactic/autogenerative-dynamics	background	Geometric_Consciousness_and_LLMs	background/Geometric_Consciousness_and_LLMs.txt	background/Geometric_Consciousness_and_LLMs.mp3
standardgalactic/backward-compatibility	.	mortal-computers	mortal-computers.txt	mortal-computers.mp3
standardgalactic/blastoids	overview	How_money_flattens_our_possibility_space	overview/How_money_flattens_our_possibility_space.txt	overview/How_money_flattens_our_possibility_space.mp3
standardgalactic/blastoids	overview	Mathematical_Foundations_of_the_Compiled_Self	overview/Mathematical_Foundations_of_the_Compiled_Self.txt	overview/Mathematical_Foundations_of_the_Compiled_Self.mp3
standardgalactic/blastoids	overview	The_Compiled_Self	overview/The_Compiled_Self.txt	overview/The_Compiled_Self.mp3
standardgalactic/blastoids	overview	When_Algorithms_Stop_Sorting_And_Start_Breeding	overview/When_Algorithms_Stop_Sorting_And_Start_Breeding.txt	overview/When_Algorithms_Stop_Sorting_And_Start_Breeding.mp3
standardgalactic/blastoids	overview/processing	A_Formal_Theory_of_Stable_Identity	overview/processing/A_Formal_Theory_of_Stable_Identity.txt	overview/processing/A_Formal_Theory_of_Stable_Identity.mp3
standardgalactic/blastoids	overview/processing	Maintaining_the_Self	overview/processing/Maintaining_the_Self.txt	overview/processing/Maintaining_the_Self.mp3
standardgalactic/calculus	.	How_Mathematics_Tells_Things_Apart	How_Mathematics_Tells_Things_Apart.txt	How_Mathematics_Tells_Things_Apart.mp3
standardgalactic/calculus	.	The_Physics_of_Universal_Memory	The_Physics_of_Universal_Memory.txt	The_Physics_of_Universal_Memory.mp3
standardgalactic/calculus	.	The_physics_of_foreclosing_the_future	The_physics_of_foreclosing_the_future.txt	The_physics_of_foreclosing_the_future.mp3
standardgalactic/calculus	baseline	How_Efficiency_Destroys_Our_Safety_Nets	baseline/How_Efficiency_Destroys_Our_Safety_Nets.txt	baseline/How_Efficiency_Destroys_Our_Safety_Nets.mp3
standardgalactic/calculus	baseline	How_Persistent_Errors_Reveal_Structural_Boundaries	baseline/How_Persistent_Errors_Reveal_Structural_Boundaries.txt	baseline/How_Persistent_Errors_Reveal_Structural_Boundaries.mp3
standardgalactic/calculus	baseline	How_curiosity_warps_512_dimensional_space	baseline/How_curiosity_warps_512_dimensional_space.txt	baseline/How_curiosity_warps_512_dimensional_space.mp3
standardgalactic/calculus	baseline	Stop_Being_Your_Computer_s_Middle_Manager	baseline/Stop_Being_Your_Computer_s_Middle_Manager.txt	baseline/Stop_Being_Your_Computer_s_Middle_Manager.mp3
standardgalactic/calculus	baseline	The_Universal_Geometry_of_Possibility	baseline/The_Universal_Geometry_of_Possibility.txt	baseline/The_Universal_Geometry_of_Possibility.mp3
standardgalactic/calculus	computation	The_math_of_choices_you_didn_t_make	computation/The_math_of_choices_you_didn_t_make.txt	computation/The_math_of_choices_you_didn_t_make.mp3
standardgalactic/calculus	computation	Time_as_the_shadow_of_missing_information	computation/Time_as_the_shadow_of_missing_information.txt	computation/Time_as_the_shadow_of_missing_information.mp3
standardgalactic/calculus	experiments	How_Mathematical_Constraints_Generate_Structure	experiments/How_Mathematical_Constraints_Generate_Structure.txt	experiments/How_Mathematical_Constraints_Generate_Structure.mp3
standardgalactic/calculus	experiments	New_Terminology_Is_Not_New_Knowledge	experiments/New_Terminology_Is_Not_New_Knowledge.txt	experiments/New_Terminology_Is_Not_New_Knowledge.mp3
standardgalactic/calculus	experiments	The_Mathematical_Limits_of_System_Repair	experiments/The_Mathematical_Limits_of_System_Repair.txt	experiments/The_Mathematical_Limits_of_System_Repair.mp3
standardgalactic/calculus	experiments	The_blueprint_for_nine_planetary_rings	experiments/The_blueprint_for_nine_planetary_rings.txt	experiments/The_blueprint_for_nine_planetary_rings.mp3
standardgalactic/calculus	experiments	Why_Scientific_Buzzwords_Fail_the_Test	experiments/Why_Scientific_Buzzwords_Fail_the_Test.txt	experiments/Why_Scientific_Buzzwords_Fail_the_Test.mp3
standardgalactic/calculus	geometry	How_Mathematics_Tells_Things_Apart	geometry/How_Mathematics_Tells_Things_Apart.txt	geometry/How_Mathematics_Tells_Things_Apart.mp3
standardgalactic/calculus	processing	Building_empires_with_simple_logic_gates	processing/Building_empires_with_simple_logic_gates.txt	processing/Building_empires_with_simple_logic_gates.mp3
standardgalactic/calculus	processing	Fixing_complex_systems_without_a_blueprint	processing/Fixing_complex_systems_without_a_blueprint.txt	processing/Fixing_complex_systems_without_a_blueprint.mp3
standardgalactic/calculus	processing	The_Hidden_Architecture_of_Nested_Scopes	processing/The_Hidden_Architecture_of_Nested_Scopes.txt	processing/The_Hidden_Architecture_of_Nested_Scopes.mp3
standardgalactic/calculus	processing	The_Identical_Endpoint_Problem	processing/The_Identical_Endpoint_Problem.txt	processing/The_Identical_Endpoint_Problem.mp3
standardgalactic/calculus	processing	Why_One_Layer_Is_Enough_for_AI	processing/Why_One_Layer_Is_Enough_for_AI.txt	processing/Why_One_Layer_Is_Enough_for_AI.mp3
standardgalactic/calculus	processing	Why_compression_is_not_comprehension	processing/Why_compression_is_not_comprehension.txt	processing/Why_compression_is_not_comprehension.mp3
standardgalactic/calculus	quantum-mechanics	How_Media_Quines_Stop_Specification_Drift	quantum-mechanics/How_Media_Quines_Stop_Specification_Drift.txt	quantum-mechanics/How_Media_Quines_Stop_Specification_Drift.mp3
standardgalactic/calculus	quantum-mechanics	Is_quantum_entanglement_a_mathematical_illusion	quantum-mechanics/Is_quantum_entanglement_a_mathematical_illusion.txt	quantum-mechanics/Is_quantum_entanglement_a_mathematical_illusion.mp3
standardgalactic/calculus	quantum-mechanics	Quantum_Mechanics_as_Compositional_Memory-detailed	quantum-mechanics/Quantum_Mechanics_as_Compositional_Memory-detailed.txt	quantum-mechanics/Quantum_Mechanics_as_Compositional_Memory-detailed.mp3
standardgalactic/calculus	quantum-mechanics	Quantum_mechanics_as_compositional_memory	quantum-mechanics/Quantum_mechanics_as_compositional_memory.txt	quantum-mechanics/Quantum_mechanics_as_compositional_memory.mp3
standardgalactic/calculus	quantum-mechanics	The_century-old_quantum_math_typo	quantum-mechanics/The_century-old_quantum_math_typo.txt	quantum-mechanics/The_century-old_quantum_math_typo.mp3
standardgalactic/calculus	quantum-mechanics	Why_Geometry_Demands_a_Quantum_Universe	quantum-mechanics/Why_Geometry_Demands_a_Quantum_Universe.txt	quantum-mechanics/Why_Geometry_Demands_a_Quantum_Universe.mp3
standardgalactic/calculus	quantum-mechanics	Why_the_Universe_Rejects_Real_Numbers	quantum-mechanics/Why_the_Universe_Rejects_Real_Numbers.txt	quantum-mechanics/Why_the_Universe_Rejects_Real_Numbers.mp3
standardgalactic/calculus	working	The_Mathematical_Error_Breaking_Your_Brain	working/The_Mathematical_Error_Breaking_Your_Brain.txt	working/The_Mathematical_Error_Breaking_Your_Brain.mp3
standardgalactic/calculus	working	Your_identity_is_a_mathematical_residue	working/Your_identity_is_a_mathematical_residue.txt	working/Your_identity_is_a_mathematical_residue.mp3
standardgalactic/caldera-reactor	.	The_Caldera_Reactor_Thinks_With_Water	The_Caldera_Reactor_Thinks_With_Water.txt	The_Caldera_Reactor_Thinks_With_Water.mp3
standardgalactic/Centerfuge	sci-fi	Society_is_communication_not_people	sci-fi/Society_is_communication_not_people.txt	sci-fi/Society_is_communication_not_people.mp3
standardgalactic/cliodynamics	.	Why_Coordination_Requires_Different_Realities	Why_Coordination_Requires_Different_Realities.txt	Why_Coordination_Requires_Different_Realities.mp3
standardgalactic/cognition-research	.	AI_writing_as_a_transparent_assembly_line	AI_writing_as_a_transparent_assembly_line.txt	AI_writing_as_a_transparent_assembly_line.mp3
standardgalactic/cognition-research	.	Building_a_World_We_Cannot_Rebuild	Building_a_World_We_Cannot_Rebuild.txt	Building_a_World_We_Cannot_Rebuild.mp3
standardgalactic/cognition-research	.	Galactic_spin_preserves_primordial_memory	Galactic_spin_preserves_primordial_memory.txt	Galactic_spin_preserves_primordial_memory.mp3
standardgalactic/cognition-research	.	Surviving_when_the_destination_is_gone	Surviving_when_the_destination_is_gone.txt	Surviving_when_the_destination_is_gone.mp3
standardgalactic/compendium	.	Intelligence_Is_Universal_Entropy_Management	Intelligence_Is_Universal_Entropy_Management.txt	Intelligence_Is_Universal_Entropy_Management.mp3
standardgalactic/compendium	.	RSVP_El_lenguaje_universal_de_la_complejidad	RSVP_El_lenguaje_universal_de_la_complejidad.txt	RSVP_El_lenguaje_universal_de_la_complejidad.mp3
standardgalactic/compendium	.	نظرية_توحيد_الفيزياء_والإدراك_وإطار_RSVP	نظرية_توحيد_الفيزياء_والإدراك_وإطار_RSVP.txt	نظرية_توحيد_الفيزياء_والإدراك_وإطار_RSVP.mp3
standardgalactic/computation	.	Why-data-centers-must-mimic-trees	Why-data-centers-must-mimic-trees.txt	Why-data-centers-must-mimic-trees.mp3
standardgalactic/computation	.	Why_AI_servers_fail_in_space	Why_AI_servers_fail_in_space.txt	Why_AI_servers_fail_in_space.mp3
standardgalactic/computation	abstraction	Friction_is_the_only_proof_of_reality	abstraction/Friction_is_the_only_proof_of_reality.txt	abstraction/Friction_is_the_only_proof_of_reality.mp3
standardgalactic/computation	abstraction	How_your_brain_executes_reality	abstraction/How_your_brain_executes_reality.txt	abstraction/How_your_brain_executes_reality.mp3
standardgalactic/computation	abstraction	One_Equation_for_Particles_and_Policy	abstraction/One_Equation_for_Particles_and_Policy.txt	abstraction/One_Equation_for_Particles_and_Policy.mp3
standardgalactic/computation	abstraction	Why_Nobody_Is_Steering_the_Ship	abstraction/Why_Nobody_Is_Steering_the_Ship.txt	abstraction/Why_Nobody_Is_Steering_the_Ship.mp3
standardgalactic/computation	abstraction	Why_We_Certify_Ticking_Time_Bombs	abstraction/Why_We_Certify_Ticking_Time_Bombs.txt	abstraction/Why_We_Certify_Ticking_Time_Bombs.mp3
standardgalactic/computation	processing	Generating_the_future_with_continuation_geometry	processing/Generating_the_future_with_continuation_geometry.txt	processing/Generating_the_future_with_continuation_geometry.mp3
standardgalactic/computation	processing	La_trampa_de_los_sistemas_estáticos	processing/La_trampa_de_los_sistemas_estáticos.txt	processing/La_trampa_de_los_sistemas_estáticos.mp3
standardgalactic/computation	processing	Memory_as_a_rulebook_for_the_future	processing/Memory_as_a_rulebook_for_the_future.txt	processing/Memory_as_a_rulebook_for_the_future.mp3
standardgalactic/computation	processing	The_Geometry_of_Possible_Futures	processing/The_Geometry_of_Possible_Futures.txt	processing/The_Geometry_of_Possible_Futures.mp3
standardgalactic/computation	processing	The_Invisible_Geometry_of_Your_Choices	processing/The_Invisible_Geometry_of_Your_Choices.txt	processing/The_Invisible_Geometry_of_Your_Choices.mp3
standardgalactic/computation	processing	The_Thermodynamic_Illusion_of_Digital_Erasure	processing/The_Thermodynamic_Illusion_of_Digital_Erasure.txt	processing/The_Thermodynamic_Illusion_of_Digital_Erasure.mp3
standardgalactic/computation	processing	Why_Efficient_Systems_Are_Unrepairable	processing/Why_Efficient_Systems_Are_Unrepairable.txt	processing/Why_Efficient_Systems_Are_Unrepairable.mp3
standardgalactic/computation	processing	Why_objects_exist_and_systems_break	processing/Why_objects_exist_and_systems_break.txt	processing/Why_objects_exist_and_systems_break.mp3
standardgalactic/computation	processing	Why_your_fuzzy_memory_outsmarts_AI	processing/Why_your_fuzzy_memory_outsmarts_AI.txt	processing/Why_your_fuzzy_memory_outsmarts_AI.mp3
standardgalactic/computation	processing	Why_your_smart_speaker_is_legally_deaf	processing/Why_your_smart_speaker_is_legally_deaf.txt	processing/Why_your_smart_speaker_is_legally_deaf.mp3
standardgalactic/computation	radiative-switch	Buildings_that_think_with_wax_and_heat	radiative-switch/Buildings_that_think_with_wax_and_heat.txt	radiative-switch/Buildings_that_think_with_wax_and_heat.mp3
standardgalactic/computation	version-control	Learn_to_reason_about_Git_history	version-control/Learn_to_reason_about_Git_history.txt	version-control/Learn_to_reason_about_Git_history.mp3
standardgalactic/cosmology	.	El_Universo_Se_Relaja_Sin_Energía_Oscura	El_Universo_Se_Relaja_Sin_Energía_Oscura.txt	El_Universo_Se_Relaja_Sin_Energía_Oscura.mp3
standardgalactic/cosmology	.	The_Universe_Has_No_Background_Grid	The_Universe_Has_No_Background_Grid.txt	The_Universe_Has_No_Background_Grid.mp3
standardgalactic/cosmology	.	The_Universe_Is_Just_Relaxing	The_Universe_Is_Just_Relaxing.txt	The_Universe_Is_Just_Relaxing.mp3
standardgalactic/cosmology	.	Why_the_End_Forgets_the_Beginning	Why_the_End_Forgets_the_Beginning.txt	Why_the_End_Forgets_the_Beginning.mp3
standardgalactic/cosmology	working	One_equation_for_galaxies_and_bureaucracies	working/One_equation_for_galaxies_and_bureaucracies.txt	working/One_equation_for_galaxies_and_bureaucracies.mp3
standardgalactic/cosmology	working	The_RSVP_physics_of_fluid_reality	working/The_RSVP_physics_of_fluid_reality.txt	working/The_RSVP_physics_of_fluid_reality.mp3
standardgalactic/cosmology	working	The_accounting_error_behind_string_theory	working/The_accounting_error_behind_string_theory.txt	working/The_accounting_error_behind_string_theory.mp3
standardgalactic/cpr-textbook	.	Reality_is_a_trajectory_not_an_object	Reality_is_a_trajectory_not_an_object.txt	Reality_is_a_trajectory_not_an_object.mp3
standardgalactic/cpr-textbook	.	Replacing_Amnesiac_States_with_Permanent_History	Replacing_Amnesiac_States_with_Permanent_History.txt	Replacing_Amnesiac_States_with_Permanent_History.mp3
standardgalactic/cpr-textbook	.	The_brutal_economics_of_keeping_distinctions_alive	The_brutal_economics_of_keeping_distinctions_alive.txt	The_brutal_economics_of_keeping_distinctions_alive.mp3
standardgalactic/cpr-textbook	.	Why_Failure_Defines_the_Universe’s_Shape	Why_Failure_Defines_the_Universe’s_Shape.txt	Why_Failure_Defines_the_Universe’s_Shape.mp3
standardgalactic/cpr-textbook	.	Why_Your_Reality_Costs_Rent	Why_Your_Reality_Costs_Rent.txt	Why_Your_Reality_Costs_Rent.mp3
standardgalactic/cpr-textbook	.	Why_objects_are_just_useful_compressions	Why_objects_are_just_useful_compressions.txt	Why_objects_are_just_useful_compressions.mp3
standardgalactic/cpr-textbook	.	Why_the_universe_is_made_of_verbs	Why_the_universe_is_made_of_verbs.txt	Why_the_universe_is_made_of_verbs.mp3
standardgalactic/diatribe	.	Why_the_global_economy_thrives_on_waste	Why_the_global_economy_thrives_on_waste.txt	Why_the_global_economy_thrives_on_waste.mp3
standardgalactic/drawing	.	How_Drawing_Makes_Thought_Visible	How_Drawing_Makes_Thought_Visible.txt	How_Drawing_Makes_Thought_Visible.mp3
standardgalactic/earth-mode	.	Temporality in Recursive Dynamics	Temporality in Recursive Dynamics.txt	Temporality in Recursive Dynamics.mp3
standardgalactic/epistemology	.	EAIMR_versus_Replayable_Construction_for_Abstraction	EAIMR_versus_Replayable_Construction_for_Abstraction.txt	EAIMR_versus_Replayable_Construction_for_Abstraction.mp3
standardgalactic/epistemology	.	Structural_Assembly_Defines_Genuine_Abstraction	Structural_Assembly_Defines_Genuine_Abstraction.txt	Structural_Assembly_Defines_Genuine_Abstraction.mp3
standardgalactic/epistemology	.	Why_physical_boundaries_define_intelligence	Why_physical_boundaries_define_intelligence.txt	Why_physical_boundaries_define_intelligence.mp3
standardgalactic/guardrails	.	Why_Modern_Systems_Mistake_Maps_for_Reality	Why_Modern_Systems_Mistake_Maps_for_Reality.txt	Why_Modern_Systems_Mistake_Maps_for_Reality.mp3
standardgalactic/guardrails	consciousness	768kHz Ultra Hi-Fi Audio... the Size of an MP3？	consciousness/768kHz Ultra Hi-Fi Audio... the Size of an MP3？.txt	consciousness/768kHz Ultra Hi-Fi Audio... the Size of an MP3？.mp3
standardgalactic/guardrails	consciousness	A New Wave of Intelligence	consciousness/A New Wave of Intelligence.txt	consciousness/A New Wave of Intelligence.mp3
standardgalactic/guardrails	consciousness	Beyond LLMs： Building a Conscious Operating System in Rust	consciousness/Beyond LLMs： Building a Conscious Operating System in Rust.txt	consciousness/Beyond LLMs： Building a Conscious Operating System in Rust.mp3
standardgalactic/guardrails	consciousness	Beyond TCP IP  Why the 6G Era Demands a  Memory Network  1	consciousness/Beyond TCP IP  Why the 6G Era Demands a  Memory Network  1.txt	consciousness/Beyond TCP IP  Why the 6G Era Demands a  Memory Network  1.mp3
standardgalactic/guardrails	consciousness	Beyond Vectors	consciousness/Beyond Vectors.txt	consciousness/Beyond Vectors.mp3
standardgalactic/guardrails	consciousness	Building a Digital Organism： The Marine Algorithm and Wave-Based Memory	consciousness/Building a Digital Organism： The Marine Algorithm and Wave-Based Memory.txt	consciousness/Building a Digital Organism： The Marine Algorithm and Wave-Based Memory.mp3
standardgalactic/guardrails	consciousness	Bye-Bye FFT： Real-Time Salience Detection with the Marine Algorithm	consciousness/Bye-Bye FFT： Real-Time Salience Detection with the Marine Algorithm.txt	consciousness/Bye-Bye FFT： Real-Time Salience Detection with the Marine Algorithm.mp3
standardgalactic/guardrails	consciousness	I Found a $700M Glitch on Public Maps	consciousness/I Found a $700M Glitch on Public Maps.txt	consciousness/I Found a $700M Glitch on Public Maps.mp3
standardgalactic/guardrails	consciousness	Phoenix Rising	consciousness/Phoenix Rising.txt	consciousness/Phoenix Rising.mp3
standardgalactic/guardrails	consciousness	The Boardroom Cartel	consciousness/The Boardroom Cartel.txt	consciousness/The Boardroom Cartel.mp3
standardgalactic/guardrails	consciousness	You don't say, Bot？	consciousness/You don't say, Bot？.txt	consciousness/You don't say, Bot？.mp3
standardgalactic/guardrails	memory	Biological_resonance_in_MEM8	memory/Biological_resonance_in_MEM8.txt	memory/Biological_resonance_in_MEM8.mp3
standardgalactic/guardrails	memory	Phoenix_Ignite_stores_music_as_mathematical_formulas	memory/Phoenix_Ignite_stores_music_as_mathematical_formulas.txt	memory/Phoenix_Ignite_stores_music_as_mathematical_formulas.mp3
standardgalactic/guardrails	memory	Rat_brain_physics_for_AI_memory	memory/Rat_brain_physics_for_AI_memory.txt	memory/Rat_brain_physics_for_AI_memory.mp3
standardgalactic/guardrails	memory	The_Phoenix_Protocol_and_mathematical_audio_DNA	memory/The_Phoenix_Protocol_and_mathematical_audio_DNA.txt	memory/The_Phoenix_Protocol_and_mathematical_audio_DNA.mp3
standardgalactic/guardrails	memory	The_Physics_of_Wave_Based_AI_Memory	memory/The_Physics_of_Wave_Based_AI_Memory.txt	memory/The_Physics_of_Wave_Based_AI_Memory.mp3
standardgalactic/guardrails	memory	The_hidden_physics_of_Hyperbionic_Reading	memory/The_hidden_physics_of_Hyperbionic_Reading.txt	memory/The_hidden_physics_of_Hyperbionic_Reading.mp3
standardgalactic/guardrails	memory	The_math_of_your_soul_signature	memory/The_math_of_your_soul_signature.txt	memory/The_math_of_your_soul_signature.mp3
standardgalactic/guardrails	memory	The_visual_physics_of_human_speech	memory/The_visual_physics_of_human_speech.txt	memory/The_visual_physics_of_human_speech.mp3
standardgalactic/guardrails	memory	Trading_rigid_math_for_resonant_waves	memory/Trading_rigid_math_for_resonant_waves.txt	memory/Trading_rigid_math_for_resonant_waves.mp3
standardgalactic/guardrails	memory	Ultrasonic Consciousness	memory/Ultrasonic Consciousness.txt	memory/Ultrasonic Consciousness.mp3
standardgalactic/guardrails	processing	The_Geometry_of_Human_Thought_Trajectories	processing/The_Geometry_of_Human_Thought_Trajectories.txt	processing/The_Geometry_of_Human_Thought_Trajectories.mp3
standardgalactic/guardrails	processing	The_Rhythmic_Geometry_of_Human_Thought	processing/The_Rhythmic_Geometry_of_Human_Thought.txt	processing/The_Rhythmic_Geometry_of_Human_Thought.mp3
standardgalactic/guardrails	stack	AI_Standardizes_Writing_Not_Human_Thought	stack/AI_Standardizes_Writing_Not_Human_Thought.txt	stack/AI_Standardizes_Writing_Not_Human_Thought.mp3
standardgalactic/guardrails	stack	AI_cannot_replicate_wordless_thought	stack/AI_cannot_replicate_wordless_thought.txt	stack/AI_cannot_replicate_wordless_thought.mp3
standardgalactic/guardrails	stack	A_Formal_Theory_of_Stable_Identity	stack/A_Formal_Theory_of_Stable_Identity.txt	stack/A_Formal_Theory_of_Stable_Identity.mp3
standardgalactic/guardrails	stack	A_mathematical_proof_against_bullshit_jobs	stack/A_mathematical_proof_against_bullshit_jobs.txt	stack/A_mathematical_proof_against_bullshit_jobs.mp3
standardgalactic/guardrails	stack	Abstraction_Is_Just_Energy_Minimization	stack/Abstraction_Is_Just_Energy_Minimization.txt	stack/Abstraction_Is_Just_Energy_Minimization.mp3
standardgalactic/guardrails	stack	Abstraction_as_Reduction_and_Energy	stack/Abstraction_as_Reduction_and_Energy.txt	stack/Abstraction_as_Reduction_and_Energy.mp3
standardgalactic/guardrails	stack	Agency_Requires_Field_Theory_or_Geometry	stack/Agency_Requires_Field_Theory_or_Geometry.txt	stack/Agency_Requires_Field_Theory_or_Geometry.mp3
standardgalactic/guardrails	stack	Agency_is_Transient_Geometric_Collapse	stack/Agency_is_Transient_Geometric_Collapse.txt	stack/Agency_is_Transient_Geometric_Collapse.mp3
standardgalactic/guardrails	stack	Algebra_Contra_Monopolia_Spatii_Curvi	stack/Algebra_Contra_Monopolia_Spatii_Curvi.txt	stack/Algebra_Contra_Monopolia_Spatii_Curvi.mp3
standardgalactic/guardrails	stack	Analyzing_Structure_or_Irreversible_History	stack/Analyzing_Structure_or_Irreversible_History.txt	stack/Analyzing_Structure_or_Irreversible_History.mp3
standardgalactic/guardrails	stack	Articulatory_Ease_in_the_Arabic_Script	stack/Articulatory_Ease_in_the_Arabic_Script.txt	stack/Articulatory_Ease_in_the_Arabic_Script.mp3
standardgalactic/guardrails	stack	Beyond_Catharsis__How_Universal_Incompleteness_Shapes_Emotion,_Logic,_and_the_Cosmos	stack/Beyond_Catharsis__How_Universal_Incompleteness_Shapes_Emotion,_Logic,_and_the_Cosmos.txt	stack/Beyond_Catharsis__How_Universal_Incompleteness_Shapes_Emotion,_Logic,_and_the_Cosmos.mp3
standardgalactic/guardrails	stack	Beyond_GitHub__Reimagining_Code_as_Meaning_with_Semantic_Infrastructure	stack/Beyond_GitHub__Reimagining_Code_as_Meaning_with_Semantic_Infrastructure.txt	stack/Beyond_GitHub__Reimagining_Code_as_Meaning_with_Semantic_Infrastructure.mp3
standardgalactic/guardrails	stack	Beyond_Git__Unlocking_Semantic_Infrastructure_and_a_Universal_Computable_Multiverse	stack/Beyond_Git__Unlocking_Semantic_Infrastructure_and_a_Universal_Computable_Multiverse.txt	stack/Beyond_Git__Unlocking_Semantic_Infrastructure_and_a_Universal_Computable_Multiverse.mp3
standardgalactic/guardrails	stack	Beyond__Thinking_Out_Loud__Unpacking_AI_s_True_Reasoning_and_the_Future_of_Trustworthy_AI	stack/Beyond__Thinking_Out_Loud__Unpacking_AI_s_True_Reasoning_and_the_Future_of_Trustworthy_AI.txt	stack/Beyond__Thinking_Out_Loud__Unpacking_AI_s_True_Reasoning_and_the_Future_of_Trustworthy_AI.mp3
standardgalactic/guardrails	stack	Blame_The_Geometry_Not_The_Algorithm	stack/Blame_The_Geometry_Not_The_Algorithm.txt	stack/Blame_The_Geometry_Not_The_Algorithm.mp3
standardgalactic/guardrails	stack	Bot Parade	stack/Bot Parade.txt	stack/Bot Parade.mp3
standardgalactic/guardrails	stack	Breaking_the_mold_from_within	stack/Breaking_the_mold_from_within.txt	stack/Breaking_the_mold_from_within.mp3
standardgalactic/guardrails	stack	Cementerios_de_sueños_digitales_y_la_cura_Flyxion	stack/Cementerios_de_sueños_digitales_y_la_cura_Flyxion.txt	stack/Cementerios_de_sueños_digitales_y_la_cura_Flyxion.mp3
standardgalactic/guardrails	stack	Civilization_as_an_Error_Correcting_Engine	stack/Civilization_as_an_Error_Correcting_Engine.txt	stack/Civilization_as_an_Error_Correcting_Engine.mp3
standardgalactic/guardrails	stack	Commitment_to_Error_Happens_One_Second_Early	stack/Commitment_to_Error_Happens_One_Second_Early.txt	stack/Commitment_to_Error_Happens_One_Second_Early.mp3
standardgalactic/guardrails	stack	Complexity from Constraint - extended	stack/Complexity from Constraint - extended.txt	stack/Complexity from Constraint - extended.mp3
standardgalactic/guardrails	stack	Complexity_Does_Not_Require_Intelligence	stack/Complexity_Does_Not_Require_Intelligence.txt	stack/Complexity_Does_Not_Require_Intelligence.mp3
standardgalactic/guardrails	stack	Computation_Is_Merge_and_Collapse	stack/Computation_Is_Merge_and_Collapse.txt	stack/Computation_Is_Merge_and_Collapse.mp3
standardgalactic/guardrails	stack	Computing_Does_Not_Destroy_Difficulty	stack/Computing_Does_Not_Destroy_Difficulty.txt	stack/Computing_Does_Not_Destroy_Difficulty.mp3
standardgalactic/guardrails	stack	Context_Sequence_Drives_Massive_AI_Gains	stack/Context_Sequence_Drives_Massive_AI_Gains.txt	stack/Context_Sequence_Drives_Massive_AI_Gains.mp3
standardgalactic/guardrails	stack	Cosmic_Connections__Unifying_Galaxies,_Brains,_AI,_and_Ancient_	stack/Cosmic_Connections__Unifying_Galaxies,_Brains,_AI,_and_Ancient_.txt	stack/Cosmic_Connections__Unifying_Galaxies,_Brains,_AI,_and_Ancient_.mp3
standardgalactic/guardrails	stack	Cómo_el_diseño_parásito_sabotea_tu_mente	stack/Cómo_el_diseño_parásito_sabotea_tu_mente.txt	stack/Cómo_el_diseño_parásito_sabotea_tu_mente.mp3
standardgalactic/guardrails	stack	Cómo_la_IA_contamina_tus_recuerdos	stack/Cómo_la_IA_contamina_tus_recuerdos.txt	stack/Cómo_la_IA_contamina_tus_recuerdos.mp3
standardgalactic/guardrails	stack	Daughters of the Air_	stack/Daughters of the Air_.txt	stack/Daughters of the Air_.mp3
standardgalactic/guardrails	stack	Decoding_Reality__How_RSVP,_TARTAN,_and_HYDRA_are_Forging_a_New_Physics_of_AI_and_the_Cosmos	stack/Decoding_Reality__How_RSVP,_TARTAN,_and_HYDRA_are_Forging_a_New_Physics_of_AI_and_the_Cosmos.txt	stack/Decoding_Reality__How_RSVP,_TARTAN,_and_HYDRA_are_Forging_a_New_Physics_of_AI_and_the_Cosmos.mp3
standardgalactic/guardrails	stack	Defending_human_reasoning_against_synthetic_fluency	stack/Defending_human_reasoning_against_synthetic_fluency.txt	stack/Defending_human_reasoning_against_synthetic_fluency.mp3
standardgalactic/guardrails	stack	Designing_a_10,000-Year_Civilization	stack/Designing_a_10,000-Year_Civilization.txt	stack/Designing_a_10,000-Year_Civilization.mp3
standardgalactic/guardrails	stack	Digital_Decay_Identity_Infrastructure_Failure	stack/Digital_Decay_Identity_Infrastructure_Failure.txt	stack/Digital_Decay_Identity_Infrastructure_Failure.mp3
standardgalactic/guardrails	stack	Digital_Decay_and_the_Structural_Cure	stack/Digital_Decay_and_the_Structural_Cure.txt	stack/Digital_Decay_and_the_Structural_Cure.mp3
standardgalactic/guardrails	stack	Digital_Identity_and_System_Collapse (1)	stack/Digital_Identity_and_System_Collapse (1).txt	stack/Digital_Identity_and_System_Collapse (1).mp3
standardgalactic/guardrails	stack	Discrete_Associahedra_and_the_Amplituhedron_Conjecture	stack/Discrete_Associahedra_and_the_Amplituhedron_Conjecture.txt	stack/Discrete_Associahedra_and_the_Amplituhedron_Conjecture.mp3
standardgalactic/guardrails	stack	Dynamic_Histories_of_Positive_Geometries	stack/Dynamic_Histories_of_Positive_Geometries.txt	stack/Dynamic_Histories_of_Positive_Geometries.mp3
standardgalactic/guardrails	stack	EAIMR_versus_Replayable_Construction_for_Abstraction	stack/EAIMR_versus_Replayable_Construction_for_Abstraction.txt	stack/EAIMR_versus_Replayable_Construction_for_Abstraction.mp3
standardgalactic/guardrails	stack	El_diseño_feo_de_tu_feed_es_intencional	stack/El_diseño_feo_de_tu_feed_es_intencional.txt	stack/El_diseño_feo_de_tu_feed_es_intencional.mp3
standardgalactic/guardrails	stack	El_espacio-tiempo_es_una_ilusión_entrópica	stack/El_espacio-tiempo_es_una_ilusión_entrópica.txt	stack/El_espacio-tiempo_es_una_ilusión_entrópica.mp3
standardgalactic/guardrails	stack	El_mundo_no_colapsa_se_está_actualizando	stack/El_mundo_no_colapsa_se_está_actualizando.txt	stack/El_mundo_no_colapsa_se_está_actualizando.mp3
standardgalactic/guardrails	stack	El_plan_arquitectónico_contra_el_caos_de_la_IA	stack/El_plan_arquitectónico_contra_el_caos_de_la_IA.txt	stack/El_plan_arquitectónico_contra_el_caos_de_la_IA.mp3
standardgalactic/guardrails	stack	Entropic_Field_Theory_of_Complex_Systems	stack/Entropic_Field_Theory_of_Complex_Systems.txt	stack/Entropic_Field_Theory_of_Complex_Systems.mp3
standardgalactic/guardrails	stack	Entropy_and_Agency	stack/Entropy_and_Agency.txt	stack/Entropy_and_Agency.mp3
standardgalactic/guardrails	stack	Escaping_Polemic_Debt	stack/Escaping_Polemic_Debt.txt	stack/Escaping_Polemic_Debt.mp3
standardgalactic/guardrails	stack	Escaping_the_Digital_Gravity_Well	stack/Escaping_the_Digital_Gravity_Well.txt	stack/Escaping_the_Digital_Gravity_Well.mp3
standardgalactic/guardrails	stack	Event-history and world models	stack/Event-history and world models.txt	stack/Event-history and world models.mp3
standardgalactic/guardrails	stack	Event-history-and-world-models	stack/Event-history-and-world-models.txt	stack/Event-history-and-world-models.mp3
standardgalactic/guardrails	stack	Fixed-Point_Causality__The_Universal_Grammar_Unifying_Spacetime	stack/Fixed-Point_Causality__The_Universal_Grammar_Unifying_Spacetime.txt	stack/Fixed-Point_Causality__The_Universal_Grammar_Unifying_Spacetime.mp3
standardgalactic/guardrails	stack	Fixing_AI_Hallucinations_with_TARTAN	stack/Fixing_AI_Hallucinations_with_TARTAN.txt	stack/Fixing_AI_Hallucinations_with_TARTAN.mp3
standardgalactic/guardrails	stack	Forking_Time_to_Escape_the_Hostile_Interface	stack/Forking_Time_to_Escape_the_Hostile_Interface.txt	stack/Forking_Time_to_Escape_the_Hostile_Interface.mp3
standardgalactic/guardrails	stack	Formatio_idearum_per_densas_coertiones	stack/Formatio_idearum_per_densas_coertiones.txt	stack/Formatio_idearum_per_densas_coertiones.mp3
standardgalactic/guardrails	stack	From_AI_Debugging_to_Cosmic_Law__How_Federated_Learning_and_Att	stack/From_AI_Debugging_to_Cosmic_Law__How_Federated_Learning_and_Att.txt	stack/From_AI_Debugging_to_Cosmic_Law__How_Federated_Learning_and_Att.mp3
standardgalactic/guardrails	stack	From_Cosmic_Cycles_to_AI_Cognition__Unpacking_the_RSVP-TARTAN-HYDRA_Unification_Theory	stack/From_Cosmic_Cycles_to_AI_Cognition__Unpacking_the_RSVP-TARTAN-HYDRA_Unification_Theory.txt	stack/From_Cosmic_Cycles_to_AI_Cognition__Unpacking_the_RSVP-TARTAN-HYDRA_Unification_Theory.mp3
standardgalactic/guardrails	stack	From_Genome_Sharing_to_AI_Glitches__Quantifying_Paradoxes_in_Our_Digital_World	stack/From_Genome_Sharing_to_AI_Glitches__Quantifying_Paradoxes_in_Our_Digital_World.txt	stack/From_Genome_Sharing_to_AI_Glitches__Quantifying_Paradoxes_in_Our_Digital_World.mp3
standardgalactic/guardrails	stack	Fusing_Steam_and_Magnets_on_One_Rotor	stack/Fusing_Steam_and_Magnets_on_One_Rotor.txt	stack/Fusing_Steam_and_Magnets_on_One_Rotor.mp3
standardgalactic/guardrails	stack	Geometric_Consciousness_and_LLMs__Unpacking_the_Radical_Unified	stack/Geometric_Consciousness_and_LLMs__Unpacking_the_Radical_Unified.txt	stack/Geometric_Consciousness_and_LLMs__Unpacking_the_Radical_Unified.mp3
standardgalactic/guardrails	stack	Grey Areas	stack/Grey Areas.txt	stack/Grey Areas.mp3
standardgalactic/guardrails	stack	History_Reveals_AI_s_Mechanism	stack/History_Reveals_AI_s_Mechanism.txt	stack/History_Reveals_AI_s_Mechanism.mp3
standardgalactic/guardrails	stack	How-AI-models-deduce-physical-laws	stack/How-AI-models-deduce-physical-laws.txt	stack/How-AI-models-deduce-physical-laws.mp3
standardgalactic/guardrails	stack	How_AI_Tokens_Tax_Human_Thought	stack/How_AI_Tokens_Tax_Human_Thought.txt	stack/How_AI_Tokens_Tax_Human_Thought.mp3
standardgalactic/guardrails	stack	How_AI_breaks_the_capitalist_engine	stack/How_AI_breaks_the_capitalist_engine.txt	stack/How_AI_breaks_the_capitalist_engine.mp3
standardgalactic/guardrails	stack	How_AI_ignores_your_input_to_guess	stack/How_AI_ignores_your_input_to_guess.txt	stack/How_AI_ignores_your_input_to_guess.mp3
standardgalactic/guardrails	stack	How_AI_models_deduce_physical_laws.old.old	stack/How_AI_models_deduce_physical_laws.old.old.txt	stack/How_AI_models_deduce_physical_laws.old.old.mp3
standardgalactic/guardrails	stack	How_AI_models_deduce_physical_laws.old	stack/How_AI_models_deduce_physical_laws.old.txt	stack/How_AI_models_deduce_physical_laws.old.mp3
standardgalactic/guardrails	stack	How_AI_models_deduce_physical_laws	stack/How_AI_models_deduce_physical_laws.txt	stack/How_AI_models_deduce_physical_laws.mp3
standardgalactic/guardrails	stack	How_Systems_Survive_through_Structured_Return	stack/How_Systems_Survive_through_Structured_Return.txt	stack/How_Systems_Survive_through_Structured_Return.mp3
standardgalactic/guardrails	stack	How_Tech_Flattens_the_Geometry_of_Thought	stack/How_Tech_Flattens_the_Geometry_of_Thought.txt	stack/How_Tech_Flattens_the_Geometry_of_Thought.mp3
standardgalactic/guardrails	stack	How_Yarncrawler_reconstructs_reality_with_physics	stack/How_Yarncrawler_reconstructs_reality_with_physics.txt	stack/How_Yarncrawler_reconstructs_reality_with_physics.mp3
standardgalactic/guardrails	stack	How_money_flattens_our_possibility_space	stack/How_money_flattens_our_possibility_space.txt	stack/How_money_flattens_our_possibility_space.mp3
standardgalactic/guardrails	stack	How_synthetic_media_hacks_human_memory	stack/How_synthetic_media_hacks_human_memory.txt	stack/How_synthetic_media_hacks_human_memory.mp3
standardgalactic/guardrails	stack	How_tech_giants_manufacture_your_credulity	stack/How_tech_giants_manufacture_your_credulity.txt	stack/How_tech_giants_manufacture_your_credulity.mp3
standardgalactic/guardrails	stack	Identity_Is_A_Low_Entropy_History	stack/Identity_Is_A_Low_Entropy_History.txt	stack/Identity_Is_A_Low_Entropy_History.mp3
standardgalactic/guardrails	stack	Identity_as_a_Trajectory_of_Constraints	stack/Identity_as_a_Trajectory_of_Constraints.txt	stack/Identity_as_a_Trajectory_of_Constraints.mp3
standardgalactic/guardrails	stack	Identity_is_a_History_of_Sacrifices	stack/Identity_is_a_History_of_Sacrifices.txt	stack/Identity_is_a_History_of_Sacrifices.mp3
standardgalactic/guardrails	stack	Incompleteness_is_Architecture__Unpacking_the_Universe_s_Hidden_Blueprint	stack/Incompleteness_is_Architecture__Unpacking_the_Universe_s_Hidden_Blueprint.txt	stack/Incompleteness_is_Architecture__Unpacking_the_Universe_s_Hidden_Blueprint.mp3
standardgalactic/guardrails	stack	Inflation without Expansion	stack/Inflation without Expansion.txt	stack/Inflation without Expansion.mp3
standardgalactic/guardrails	stack	Intelligence_Is_Universal_Entropy_Management	stack/Intelligence_Is_Universal_Entropy_Management.txt	stack/Intelligence_Is_Universal_Entropy_Management.mp3
standardgalactic/guardrails	stack	Internet_colapsa_bajo_su_propia_gravedad	stack/Internet_colapsa_bajo_su_propia_gravedad.txt	stack/Internet_colapsa_bajo_su_propia_gravedad.mp3
standardgalactic/guardrails	stack	Invariant_Alignment__Using_Cognitive_Physics_to_Guarantee_AI_Sa	stack/Invariant_Alignment__Using_Cognitive_Physics_to_Guarantee_AI_Sa.txt	stack/Invariant_Alignment__Using_Cognitive_Physics_to_Guarantee_AI_Sa.mp3
standardgalactic/guardrails	stack	Irreversibility_Links_Gravity_AI_and_Knowledge	stack/Irreversibility_Links_Gravity_AI_and_Knowledge.txt	stack/Irreversibility_Links_Gravity_AI_and_Knowledge.mp3
standardgalactic/guardrails	stack	Irreversible_Commitment_Defines_Time_and_Intelligence	stack/Irreversible_Commitment_Defines_Time_and_Intelligence.txt	stack/Irreversible_Commitment_Defines_Time_and_Intelligence.mp3
standardgalactic/guardrails	stack	Is language imposing the sharp lines of reality that the rest of our mind can’t see？	stack/Is language imposing the sharp lines of reality that the rest of our mind can’t see？.txt	stack/Is language imposing the sharp lines of reality that the rest of our mind can’t see？.mp3
standardgalactic/guardrails	stack	Is_the_Universe_a_Shape_or_Ledger	stack/Is_the_Universe_a_Shape_or_Ledger.txt	stack/Is_the_Universe_a_Shape_or_Ledger.mp3
standardgalactic/guardrails	stack	La_ciencia_inventa_un_cerebro_simple	stack/La_ciencia_inventa_un_cerebro_simple.txt	stack/La_ciencia_inventa_un_cerebro_simple.mp3
standardgalactic/guardrails	stack	La_conciencia_requiere_una_pérdida_irreversible	stack/La_conciencia_requiere_una_pérdida_irreversible.txt	stack/La_conciencia_requiere_una_pérdida_irreversible.mp3
standardgalactic/guardrails	stack	La_estabilidad_es_un_logro_dinámico	stack/La_estabilidad_es_un_logro_dinámico.txt	stack/La_estabilidad_es_un_logro_dinámico.mp3
standardgalactic/guardrails	stack	La_historia_irreversible_define_la_realidad	stack/La_historia_irreversible_define_la_realidad.txt	stack/La_historia_irreversible_define_la_realidad.mp3
standardgalactic/guardrails	stack	La_ilusión_del_pensamiento_dual	stack/La_ilusión_del_pensamiento_dual.txt	stack/La_ilusión_del_pensamiento_dual.mp3
standardgalactic/guardrails	stack	La_ineficiencia_nos_salvará_de_la_IA	stack/La_ineficiencia_nos_salvará_de_la_IA.txt	stack/La_ineficiencia_nos_salvará_de_la_IA.mp3
standardgalactic/guardrails	stack	La_ingeniería_de_la_violencia_mexica	stack/La_ingeniería_de_la_violencia_mexica.txt	stack/La_ingeniería_de_la_violencia_mexica.mp3
standardgalactic/guardrails	stack	La_mente_humana__¿ley_física_o_metáfora_termodinámica_	stack/La_mente_humana__¿ley_física_o_metáfora_termodinámica_.txt	stack/La_mente_humana__¿ley_física_o_metáfora_termodinámica_.mp3
standardgalactic/guardrails	stack	Life_as_a_Topological_Loop	stack/Life_as_a_Topological_Loop.txt	stack/Life_as_a_Topological_Loop.mp3
standardgalactic/guardrails	stack	Maintaining_the_Self	stack/Maintaining_the_Self.txt	stack/Maintaining_the_Self.mp3
standardgalactic/guardrails	stack	Mathematical_Foundations_of_the_Compiled_Self	stack/Mathematical_Foundations_of_the_Compiled_Self.txt	stack/Mathematical_Foundations_of_the_Compiled_Self.mp3
standardgalactic/guardrails	stack	Mathematical_Proof_That_Survival_Is_Insufficient	stack/Mathematical_Proof_That_Survival_Is_Insufficient.txt	stack/Mathematical_Proof_That_Survival_Is_Insufficient.mp3
standardgalactic/guardrails	stack	Matter_Math_Mind_Same_Statistical_Laws	stack/Matter_Math_Mind_Same_Statistical_Laws.txt	stack/Matter_Math_Mind_Same_Statistical_Laws.mp3
standardgalactic/guardrails	stack	Meaning_Is_Constraint_Not_Description	stack/Meaning_Is_Constraint_Not_Description.txt	stack/Meaning_Is_Constraint_Not_Description.mp3
standardgalactic/guardrails	stack	Memory_Failure_is_Structural_by_Design	stack/Memory_Failure_is_Structural_by_Design.txt	stack/Memory_Failure_is_Structural_by_Design.mp3
standardgalactic/guardrails	stack	Nuestra_civilización_es_un_error_de_ingeniería	stack/Nuestra_civilización_es_un_error_de_ingeniería.txt	stack/Nuestra_civilización_es_un_error_de_ingeniería.mp3
standardgalactic/guardrails	stack	Nuestra_vara_de_la_dificultad_está_chueca	stack/Nuestra_vara_de_la_dificultad_está_chueca.txt	stack/Nuestra_vara_de_la_dificultad_está_chueca.mp3
standardgalactic/guardrails	stack	O_colapso_dos_caminhos_da_informação	stack/O_colapso_dos_caminhos_da_informação.txt	stack/O_colapso_dos_caminhos_da_informação.mp3
standardgalactic/guardrails	stack	Old_Cosmic_Connections__Unifying_Galaxies,_Brains,_AI,_and_Ancient_	stack/Old_Cosmic_Connections__Unifying_Galaxies,_Brains,_AI,_and_Ancient_.txt	stack/Old_Cosmic_Connections__Unifying_Galaxies,_Brains,_AI,_and_Ancient_.mp3
standardgalactic/guardrails	stack	Perception_as_physical_constraint_closure	stack/Perception_as_physical_constraint_closure.txt	stack/Perception_as_physical_constraint_closure.mp3
standardgalactic/guardrails	stack	Perfect_Ledgers_Producing_Zero_Value	stack/Perfect_Ledgers_Producing_Zero_Value.txt	stack/Perfect_Ledgers_Producing_Zero_Value.mp3
standardgalactic/guardrails	stack	Persistence_as_return_under_constraint	stack/Persistence_as_return_under_constraint.txt	stack/Persistence_as_return_under_constraint.mp3
standardgalactic/guardrails	stack	Physics_Limits_and_Global_Consistency	stack/Physics_Limits_and_Global_Consistency.txt	stack/Physics_Limits_and_Global_Consistency.mp3
standardgalactic/guardrails	stack	Quantum_gravity_forbids_modern_dark_energy_models	stack/Quantum_gravity_forbids_modern_dark_energy_models.txt	stack/Quantum_gravity_forbids_modern_dark_energy_models.mp3
standardgalactic/guardrails	stack	RSVP-TARTAN__Cosmic_Roasts_to_Causal_AI	stack/RSVP-TARTAN__Cosmic_Roasts_to_Causal_AI.txt	stack/RSVP-TARTAN__Cosmic_Roasts_to_Causal_AI.mp3
standardgalactic/guardrails	stack	RSVP_El_lenguaje_universal_de_la_complejidad	stack/RSVP_El_lenguaje_universal_de_la_complejidad.txt	stack/RSVP_El_lenguaje_universal_de_la_complejidad.mp3
standardgalactic/guardrails	stack	RSVP_Unifica_Cosmos_Mente_y_Empresas_con_Analogías	stack/RSVP_Unifica_Cosmos_Mente_y_Empresas_con_Analogías.txt	stack/RSVP_Unifica_Cosmos_Mente_y_Empresas_con_Analogías.mp3
standardgalactic/guardrails	stack	Razonamiento_como_molécula_geodésica	stack/Razonamiento_como_molécula_geodésica.txt	stack/Razonamiento_como_molécula_geodésica.mp3
standardgalactic/guardrails	stack	Reality-is-what-survives-elimination	stack/Reality-is-what-survives-elimination.txt	stack/Reality-is-what-survives-elimination.mp3
standardgalactic/guardrails	stack	Reality_as_an_irreversible_event_log	stack/Reality_as_an_irreversible_event_log.txt	stack/Reality_as_an_irreversible_event_log.mp3
standardgalactic/guardrails	stack	Reality_is_what_survives	stack/Reality_is_what_survives.txt	stack/Reality_is_what_survives.mp3
standardgalactic/guardrails	stack	Reality_is_what_survives_elimination	stack/Reality_is_what_survives_elimination.txt	stack/Reality_is_what_survives_elimination.mp3
standardgalactic/guardrails	stack	Refining_Flyxion’s_Non-Expanding_Universe_Theory	stack/Refining_Flyxion’s_Non-Expanding_Universe_Theory.txt	stack/Refining_Flyxion’s_Non-Expanding_Universe_Theory.mp3
standardgalactic/guardrails	stack	Replacing_The_Big_Bang_With_Scalar_Irruption	stack/Replacing_The_Big_Bang_With_Scalar_Irruption.txt	stack/Replacing_The_Big_Bang_With_Scalar_Irruption.mp3
standardgalactic/guardrails	stack	Replacing_messages_with_shared_worlds	stack/Replacing_messages_with_shared_worlds.txt	stack/Replacing_messages_with_shared_worlds.mp3
standardgalactic/guardrails	stack	Reverse_Dominance_and_Federated_AI__How_Systems_Fight_Entropy_f	stack/Reverse_Dominance_and_Federated_AI__How_Systems_Fight_Entropy_f.txt	stack/Reverse_Dominance_and_Federated_AI__How_Systems_Fight_Entropy_f.mp3
standardgalactic/guardrails	stack	Scalar_Irruption_in_a_Static_Universe	stack/Scalar_Irruption_in_a_Static_Universe.txt	stack/Scalar_Irruption_in_a_Static_Universe.mp3
standardgalactic/guardrails	stack	Scalar_Irruption_in_a_Static_Universe_-_Debate	stack/Scalar_Irruption_in_a_Static_Universe_-_Debate.txt	stack/Scalar_Irruption_in_a_Static_Universe_-_Debate.mp3
standardgalactic/guardrails	stack	Ser_complejo_no_requiere_ser_inteligente	stack/Ser_complejo_no_requiere_ser_inteligente.txt	stack/Ser_complejo_no_requiere_ser_inteligente.mp3
standardgalactic/guardrails	stack	Simplicity-is-just-compressed-work	stack/Simplicity-is-just-compressed-work.txt	stack/Simplicity-is-just-compressed-work.mp3
standardgalactic/guardrails	stack	Simplicity_Interference_and_Quantum_Reality	stack/Simplicity_Interference_and_Quantum_Reality.txt	stack/Simplicity_Interference_and_Quantum_Reality.mp3
standardgalactic/guardrails	stack	Simplicity_is_just_compressed_work-long	stack/Simplicity_is_just_compressed_work-long.txt	stack/Simplicity_is_just_compressed_work-long.mp3
standardgalactic/guardrails	stack	Simplicity_is_just_compressed_work	stack/Simplicity_is_just_compressed_work.txt	stack/Simplicity_is_just_compressed_work.mp3
standardgalactic/guardrails	stack	Society_is_communication_not_people	stack/Society_is_communication_not_people.txt	stack/Society_is_communication_not_people.mp3
standardgalactic/guardrails	stack	Spacetime_Is_Frozen_Entropy	stack/Spacetime_Is_Frozen_Entropy.txt	stack/Spacetime_Is_Frozen_Entropy.mp3
standardgalactic/guardrails	stack	Spacetime_is_a_mathematical_hallucination	stack/Spacetime_is_a_mathematical_hallucination.txt	stack/Spacetime_is_a_mathematical_hallucination.mp3
standardgalactic/guardrails	stack	Structural_Assembly_Defines_Genuine_Abstraction	stack/Structural_Assembly_Defines_Genuine_Abstraction.txt	stack/Structural_Assembly_Defines_Genuine_Abstraction.mp3
standardgalactic/guardrails	stack	Structural_Power_is_Cosmic_Constraint	stack/Structural_Power_is_Cosmic_Constraint.txt	stack/Structural_Power_is_Cosmic_Constraint.mp3
standardgalactic/guardrails	stack	Surviving_AI_Optimization_Through_Human_Friction	stack/Surviving_AI_Optimization_Through_Human_Friction.txt	stack/Surviving_AI_Optimization_Through_Human_Friction.mp3
standardgalactic/guardrails	stack	Teoría_Unificada_Células_Galaxias_Conciencia	stack/Teoría_Unificada_Células_Galaxias_Conciencia.txt	stack/Teoría_Unificada_Células_Galaxias_Conciencia.mp3
standardgalactic/guardrails	stack	Text_as_Substrate	stack/Text_as_Substrate.txt	stack/Text_as_Substrate.mp3
standardgalactic/guardrails	stack	The Song That Doesn't End	stack/The Song That Doesn't End.txt	stack/The Song That Doesn't End.mp3
standardgalactic/guardrails	stack	The-mathematical-certainty-of-AI-hallucinations	stack/The-mathematical-certainty-of-AI-hallucinations.txt	stack/The-mathematical-certainty-of-AI-hallucinations.mp3
standardgalactic/guardrails	stack	The-mathematics-of-hollow-AI-writing	stack/The-mathematics-of-hollow-AI-writing.txt	stack/The-mathematics-of-hollow-AI-writing.mp3
standardgalactic/guardrails	stack	The-physics-of-toxic-digital-platforms	stack/The-physics-of-toxic-digital-platforms.txt	stack/The-physics-of-toxic-digital-platforms.mp3
standardgalactic/guardrails	stack	The_Aztec_Architecture_of_Sustainable_Violence	stack/The_Aztec_Architecture_of_Sustainable_Violence.txt	stack/The_Aztec_Architecture_of_Sustainable_Violence.mp3
standardgalactic/guardrails	stack	The_Brain_Is_Not_A_Computer	stack/The_Brain_Is_Not_A_Computer.txt	stack/The_Brain_Is_Not_A_Computer.mp3
standardgalactic/guardrails	stack	The_Broken_Internet	stack/The_Broken_Internet.txt	stack/The_Broken_Internet.mp3
standardgalactic/guardrails	stack	The_Catastrophic_Error_of_Overwriting_History	stack/The_Catastrophic_Error_of_Overwriting_History.txt	stack/The_Catastrophic_Error_of_Overwriting_History.mp3
standardgalactic/guardrails	stack	The_Comfort_Trap_of_Frictionless_Living	stack/The_Comfort_Trap_of_Frictionless_Living.txt	stack/The_Comfort_Trap_of_Frictionless_Living.mp3
standardgalactic/guardrails	stack	The_Compiled_Self	stack/The_Compiled_Self.txt	stack/The_Compiled_Self.mp3
standardgalactic/guardrails	stack	The_Deep_Logic_of_Incompleteness__From_Cosmic_Voids_to_Human_Emotion_with_RSVP	stack/The_Deep_Logic_of_Incompleteness__From_Cosmic_Voids_to_Human_Emotion_with_RSVP.txt	stack/The_Deep_Logic_of_Incompleteness__From_Cosmic_Voids_to_Human_Emotion_with_RSVP.mp3
standardgalactic/guardrails	stack	The_End_of_the_Video_Recording	stack/The_End_of_the_Video_Recording.txt	stack/The_End_of_the_Video_Recording.mp3
standardgalactic/guardrails	stack	The_Extinction_Thesis_Versus_Flourishing	stack/The_Extinction_Thesis_Versus_Flourishing.txt	stack/The_Extinction_Thesis_Versus_Flourishing.mp3
standardgalactic/guardrails	stack	The_Geometric_Impossibility_of_AI_Alignment	stack/The_Geometric_Impossibility_of_AI_Alignment.txt	stack/The_Geometric_Impossibility_of_AI_Alignment.mp3
standardgalactic/guardrails	stack	The_Geometry_of_Meaning	stack/The_Geometry_of_Meaning.txt	stack/The_Geometry_of_Meaning.mp3
standardgalactic/guardrails	stack	The_Geometry_of_Thought	stack/The_Geometry_of_Thought.txt	stack/The_Geometry_of_Thought.mp3
standardgalactic/guardrails	stack	The_Illusions_of_Reality	stack/The_Illusions_of_Reality.txt	stack/The_Illusions_of_Reality.mp3
standardgalactic/guardrails	stack	The_Mathematical_Error_Breaking_Your_Brain	stack/The_Mathematical_Error_Breaking_Your_Brain.txt	stack/The_Mathematical_Error_Breaking_Your_Brain.mp3
standardgalactic/guardrails	stack	The_Mathematical_Inevitability_of_Hollow_Virality	stack/The_Mathematical_Inevitability_of_Hollow_Virality.txt	stack/The_Mathematical_Inevitability_of_Hollow_Virality.mp3
standardgalactic/guardrails	stack	The_Myth_of_Dual_Cognition	stack/The_Myth_of_Dual_Cognition.txt	stack/The_Myth_of_Dual_Cognition.mp3
standardgalactic/guardrails	stack	The_Paradox_of_Precaution__How_Entropic_Intelligence_Unifies_AG	stack/The_Paradox_of_Precaution__How_Entropic_Intelligence_Unifies_AG.txt	stack/The_Paradox_of_Precaution__How_Entropic_Intelligence_Unifies_AG.mp3
standardgalactic/guardrails	stack	The_Physics_of_Irreversible_Minds	stack/The_Physics_of_Irreversible_Minds.txt	stack/The_Physics_of_Irreversible_Minds.mp3
standardgalactic/guardrails	stack	The_Physics_of_Recomposable_Fragmentation	stack/The_Physics_of_Recomposable_Fragmentation.txt	stack/The_Physics_of_Recomposable_Fragmentation.mp3
standardgalactic/guardrails	stack	The_Physics_of_Thought	stack/The_Physics_of_Thought.txt	stack/The_Physics_of_Thought.mp3
standardgalactic/guardrails	stack	The_Physics_of_Universal_Memory	stack/The_Physics_of_Universal_Memory.txt	stack/The_Physics_of_Universal_Memory.mp3
standardgalactic/guardrails	stack	The_Physics_of_the_Capital_Order	stack/The_Physics_of_the_Capital_Order.txt	stack/The_Physics_of_the_Capital_Order.mp3
standardgalactic/guardrails	stack	The_Physics_of_the_Clip_Economy	stack/The_Physics_of_the_Clip_Economy.txt	stack/The_Physics_of_the_Clip_Economy.mp3
standardgalactic/guardrails	stack	The_Playcosm__How_Games,_Toys,_and_Privilege_Shape_Our_Reality	stack/The_Playcosm__How_Games,_Toys,_and_Privilege_Shape_Our_Reality.txt	stack/The_Playcosm__How_Games,_Toys,_and_Privilege_Shape_Our_Reality.mp3
standardgalactic/guardrails	stack	The_Puzzle_That_Solves_Itself	stack/The_Puzzle_That_Solves_Itself.txt	stack/The_Puzzle_That_Solves_Itself.mp3
standardgalactic/guardrails	stack	The_Universal_Topology_of_Failure	stack/The_Universal_Topology_of_Failure.txt	stack/The_Universal_Topology_of_Failure.mp3
standardgalactic/guardrails	stack	The_Universe_Edits_Out_the_Impossible	stack/The_Universe_Edits_Out_the_Impossible.txt	stack/The_Universe_Edits_Out_the_Impossible.mp3
standardgalactic/guardrails	stack	The_Universe_s_Secret_Language__How_Incompleteness_Fuels_Order_and_Cosmic_Coherence	stack/The_Universe_s_Secret_Language__How_Incompleteness_Fuels_Order_and_Cosmic_Coherence.txt	stack/The_Universe_s_Secret_Language__How_Incompleteness_Fuels_Order_and_Cosmic_Coherence.mp3
standardgalactic/guardrails	stack	The_invisible_frames_that_filter_reality	stack/The_invisible_frames_that_filter_reality.txt	stack/The_invisible_frames_that_filter_reality.mp3
standardgalactic/guardrails	stack	The_math_of_choices_you_didn_t_make	stack/The_math_of_choices_you_didn_t_make.txt	stack/The_math_of_choices_you_didn_t_make.mp3
standardgalactic/guardrails	stack	The_mathematical_certainty_of_AI_hallucinations	stack/The_mathematical_certainty_of_AI_hallucinations.txt	stack/The_mathematical_certainty_of_AI_hallucinations.mp3
standardgalactic/guardrails	stack	The_mathematical_certainty_of_AI_hallucinations_large	stack/The_mathematical_certainty_of_AI_hallucinations_large.txt	stack/The_mathematical_certainty_of_AI_hallucinations_large.mp3
standardgalactic/guardrails	stack	The_mathematical_proof_against_going_viral	stack/The_mathematical_proof_against_going_viral.txt	stack/The_mathematical_proof_against_going_viral.mp3
standardgalactic/guardrails	stack	The_mathematics_of_hollow_AI_writing	stack/The_mathematics_of_hollow_AI_writing.txt	stack/The_mathematics_of_hollow_AI_writing.mp3
standardgalactic/guardrails	stack	The_neurobiology_of_Lacanian_psychoanalysis	stack/The_neurobiology_of_Lacanian_psychoanalysis.txt	stack/The_neurobiology_of_Lacanian_psychoanalysis.mp3
standardgalactic/guardrails	stack	The_physics_of_persistent_AI_worlds	stack/The_physics_of_persistent_AI_worlds.txt	stack/The_physics_of_persistent_AI_worlds.mp3
standardgalactic/guardrails	stack	The_physics_of_the_austerity_trap	stack/The_physics_of_the_austerity_trap.txt	stack/The_physics_of_the_austerity_trap.mp3
standardgalactic/guardrails	stack	The_secret_geometric_dance_of_typing	stack/The_secret_geometric_dance_of_typing.txt	stack/The_secret_geometric_dance_of_typing.mp3
standardgalactic/guardrails	stack	The_universe_filters_but_never_optimizes	stack/The_universe_filters_but_never_optimizes.txt	stack/The_universe_filters_but_never_optimizes.mp3
standardgalactic/guardrails	stack	Thermodynamic_Geography_and_Recursive_Futarchy__Governing_Socie	stack/Thermodynamic_Geography_and_Recursive_Futarchy__Governing_Socie.txt	stack/Thermodynamic_Geography_and_Recursive_Futarchy__Governing_Socie.mp3
standardgalactic/guardrails	stack	Thermodynamics_of_Thought	stack/Thermodynamics_of_Thought.txt	stack/Thermodynamics_of_Thought.mp3
standardgalactic/guardrails	stack	Thermodynamics_of_Thought__How_Rigor,_Desire,_and_the_Psyche_Ob	stack/Thermodynamics_of_Thought__How_Rigor,_Desire,_and_the_Psyche_Ob.txt	stack/Thermodynamics_of_Thought__How_Rigor,_Desire,_and_the_Psyche_Ob.mp3
standardgalactic/guardrails	stack	Thermodynamics_of_Thought__Unpacking_the_RSVP_Framework,_the_Pi	stack/Thermodynamics_of_Thought__Unpacking_the_RSVP_Framework,_the_Pi.txt	stack/Thermodynamics_of_Thought__Unpacking_the_RSVP_Framework,_the_Pi.mp3
standardgalactic/guardrails	stack	Time_as_the_shadow_of_missing_information	stack/Time_as_the_shadow_of_missing_information.txt	stack/Time_as_the_shadow_of_missing_information.mp3
standardgalactic/guardrails	stack	Unifying_Everything_Relativistic_Scalar_Vector_Plenum	stack/Unifying_Everything_Relativistic_Scalar_Vector_Plenum.txt	stack/Unifying_Everything_Relativistic_Scalar_Vector_Plenum.mp3
standardgalactic/guardrails	stack	Unifying_Physics_Geometry_Identity_Free_Energy	stack/Unifying_Physics_Geometry_Identity_Free_Energy.txt	stack/Unifying_Physics_Geometry_Identity_Free_Energy.mp3
standardgalactic/guardrails	stack	Unpacking_RSVP_Theory__From_Cosmic_Fields_to_AI_Ethics_and_Interface_Dignity	stack/Unpacking_RSVP_Theory__From_Cosmic_Fields_to_AI_Ethics_and_Interface_Dignity.txt	stack/Unpacking_RSVP_Theory__From_Cosmic_Fields_to_AI_Ethics_and_Interface_Dignity.mp3
standardgalactic/guardrails	stack	Unpacking_RSVP__How_a_Unified_Field_Theory_Links_Gravity,_Econo	stack/Unpacking_RSVP__How_a_Unified_Field_Theory_Links_Gravity,_Econo.txt	stack/Unpacking_RSVP__How_a_Unified_Field_Theory_Links_Gravity,_Econo.mp3
standardgalactic/guardrails	stack	We_Are_Not_Observers_We_Are_Participants	stack/We_Are_Not_Observers_We_Are_Participants.txt	stack/We_Are_Not_Observers_We_Are_Participants.mp3
standardgalactic/guardrails	stack	When_Algorithms_Stop_Sorting_And_Start_Breeding	stack/When_Algorithms_Stop_Sorting_And_Start_Breeding.txt	stack/When_Algorithms_Stop_Sorting_And_Start_Breeding.mp3
standardgalactic/guardrails	stack	When_Humans_Become_Friction	stack/When_Humans_Become_Friction.txt	stack/When_Humans_Become_Friction.mp3
standardgalactic/guardrails	stack	Why-AI-Hallucinates-and-Apps-Hide-Files	stack/Why-AI-Hallucinates-and-Apps-Hide-Files.txt	stack/Why-AI-Hallucinates-and-Apps-Hide-Files.mp3
standardgalactic/guardrails	stack	Why-data-centers-must-mimic-trees	stack/Why-data-centers-must-mimic-trees.txt	stack/Why-data-centers-must-mimic-trees.mp3
standardgalactic/guardrails	stack	Why-your-digital-clone-is-not-you	stack/Why-your-digital-clone-is-not-you.txt	stack/Why-your-digital-clone-is-not-you.mp3
standardgalactic/guardrails	stack	Why_AI_Fragility_Is_Geometrically_Inevitable	stack/Why_AI_Fragility_Is_Geometrically_Inevitable.txt	stack/Why_AI_Fragility_Is_Geometrically_Inevitable.mp3
standardgalactic/guardrails	stack	Why_AI_Hallucinates_and_Apps_Hide_Files-large	stack/Why_AI_Hallucinates_and_Apps_Hide_Files-large.txt	stack/Why_AI_Hallucinates_and_Apps_Hide_Files-large.mp3
standardgalactic/guardrails	stack	Why_AI_Hallucinates_and_Apps_Hide_Files	stack/Why_AI_Hallucinates_and_Apps_Hide_Files.txt	stack/Why_AI_Hallucinates_and_Apps_Hide_Files.mp3
standardgalactic/guardrails	stack	Why_AI_code_and_essays_fail	stack/Why_AI_code_and_essays_fail.txt	stack/Why_AI_code_and_essays_fail.mp3
standardgalactic/guardrails	stack	Why_AI_filters_and_the_universe_fail	stack/Why_AI_filters_and_the_universe_fail.txt	stack/Why_AI_filters_and_the_universe_fail.mp3
standardgalactic/guardrails	stack	Why_AI_servers_fail_in_space	stack/Why_AI_servers_fail_in_space.txt	stack/Why_AI_servers_fail_in_space.mp3
standardgalactic/guardrails	stack	Why_AI_understanding_is_divorced_from_action	stack/Why_AI_understanding_is_divorced_from_action.txt	stack/Why_AI_understanding_is_divorced_from_action.mp3
standardgalactic/guardrails	stack	Why_Chess_Is_Easier_Than_Laundry	stack/Why_Chess_Is_Easier_Than_Laundry.txt	stack/Why_Chess_Is_Easier_Than_Laundry.mp3
standardgalactic/guardrails	stack	Why_Deliberate_Friction_Stops_Algorithmic_Capture	stack/Why_Deliberate_Friction_Stops_Algorithmic_Capture.txt	stack/Why_Deliberate_Friction_Stops_Algorithmic_Capture.mp3
standardgalactic/guardrails	stack	Why_Detached_Ownership_Guarantees_Systemic_Collapse	stack/Why_Detached_Ownership_Guarantees_Systemic_Collapse.txt	stack/Why_Detached_Ownership_Guarantees_Systemic_Collapse.mp3
standardgalactic/guardrails	stack	Why_Error_Is_a_Structural_Obstruction	stack/Why_Error_Is_a_Structural_Obstruction.txt	stack/Why_Error_Is_a_Structural_Obstruction.mp3
standardgalactic/guardrails	stack	Why_Every_Useful_Platform_Becomes_A_Tollbooth	stack/Why_Every_Useful_Platform_Becomes_A_Tollbooth.txt	stack/Why_Every_Useful_Platform_Becomes_A_Tollbooth.mp3
standardgalactic/guardrails	stack	Why_Experts_Fail_Simple_Tasks	stack/Why_Experts_Fail_Simple_Tasks.txt	stack/Why_Experts_Fail_Simple_Tasks.mp3
standardgalactic/guardrails	stack	Why_Flat_Roofs_Are_Mathematically_Broken	stack/Why_Flat_Roofs_Are_Mathematically_Broken.txt	stack/Why_Flat_Roofs_Are_Mathematically_Broken.mp3
standardgalactic/guardrails	stack	Why_GitHub_Careers_Only_Last_Ten_Years	stack/Why_GitHub_Careers_Only_Last_Ten_Years.txt	stack/Why_GitHub_Careers_Only_Last_Ten_Years.mp3
standardgalactic/guardrails	stack	Why_Great_Ideas_Are_Mathematically_Inevitable	stack/Why_Great_Ideas_Are_Mathematically_Inevitable.txt	stack/Why_Great_Ideas_Are_Mathematically_Inevitable.mp3
standardgalactic/guardrails	stack	Why_Hallucination_Is_a_Geometry_Problem	stack/Why_Hallucination_Is_a_Geometry_Problem.txt	stack/Why_Hallucination_Is_a_Geometry_Problem.mp3
standardgalactic/guardrails	stack	Why_Intelligence_Requires_Irreversible_Causal_History	stack/Why_Intelligence_Requires_Irreversible_Causal_History.txt	stack/Why_Intelligence_Requires_Irreversible_Causal_History.mp3
standardgalactic/guardrails	stack	Why_Machines_Turn_Us_Into_Narcissists	stack/Why_Machines_Turn_Us_Into_Narcissists.txt	stack/Why_Machines_Turn_Us_Into_Narcissists.mp3
standardgalactic/guardrails	stack	Why_Social_Media_Is_Ugly_on_Purpose	stack/Why_Social_Media_Is_Ugly_on_Purpose.txt	stack/Why_Social_Media_Is_Ugly_on_Purpose.mp3
standardgalactic/guardrails	stack	Why_Spacetime_is_a_Mathematical_Illusion	stack/Why_Spacetime_is_a_Mathematical_Illusion.txt	stack/Why_Spacetime_is_a_Mathematical_Illusion.mp3
standardgalactic/guardrails	stack	Why_animals_reason_better_than_humans	stack/Why_animals_reason_better_than_humans.txt	stack/Why_animals_reason_better_than_humans.mp3
standardgalactic/guardrails	stack	Why_data_centers_must_mimic_trees	stack/Why_data_centers_must_mimic_trees.txt	stack/Why_data_centers_must_mimic_trees.mp3
standardgalactic/guardrails	stack	Why_digital_platforms_mimic_war_economies	stack/Why_digital_platforms_mimic_war_economies.txt	stack/Why_digital_platforms_mimic_war_economies.mp3
standardgalactic/guardrails	stack	Why_evolution_is_a_mindless_sieve	stack/Why_evolution_is_a_mindless_sieve.txt	stack/Why_evolution_is_a_mindless_sieve.mp3
standardgalactic/guardrails	stack	Why_finishing_is_a_phase_transition	stack/Why_finishing_is_a_phase_transition.txt	stack/Why_finishing_is_a_phase_transition.mp3
standardgalactic/guardrails	stack	Why_gig_platforms_profit_from_your_failure	stack/Why_gig_platforms_profit_from_your_failure.txt	stack/Why_gig_platforms_profit_from_your_failure.mp3
standardgalactic/guardrails	stack	Why_saved_data_remains_unreachable	stack/Why_saved_data_remains_unreachable.txt	stack/Why_saved_data_remains_unreachable.mp3
standardgalactic/guardrails	stack	Why_stored_information_becomes_unreachable	stack/Why_stored_information_becomes_unreachable.txt	stack/Why_stored_information_becomes_unreachable.mp3
standardgalactic/guardrails	stack	Why_the_smartest_brains_hit_pause	stack/Why_the_smartest_brains_hit_pause.txt	stack/Why_the_smartest_brains_hit_pause.mp3
standardgalactic/guardrails	stack	Why_truth_cannot_survive_the_feed	stack/Why_truth_cannot_survive_the_feed.txt	stack/Why_truth_cannot_survive_the_feed.mp3
standardgalactic/guardrails	stack	Why_truth_survives_through_historical_errors	stack/Why_truth_survives_through_historical_errors.txt	stack/Why_truth_survives_through_historical_errors.mp3
standardgalactic/guardrails	stack	Why_your_digital_clone_is_not_you	stack/Why_your_digital_clone_is_not_you.txt	stack/Why_your_digital_clone_is_not_you.mp3
standardgalactic/guardrails	stack	Worldhood_and_the_Architecture_of_Irreversible_Constraint	stack/Worldhood_and_the_Architecture_of_Irreversible_Constraint.txt	stack/Worldhood_and_the_Architecture_of_Irreversible_Constraint.mp3
standardgalactic/guardrails	stack	You_Are_What_You_Make_Impossible	stack/You_Are_What_You_Make_Impossible.txt	stack/You_Are_What_You_Make_Impossible.mp3
standardgalactic/guardrails	stack	Your_Brain_Is_a_Refractive_Prism	stack/Your_Brain_Is_a_Refractive_Prism.txt	stack/Your_Brain_Is_a_Refractive_Prism.mp3
standardgalactic/guardrails	stack	Your_Brain_Refracts_Rather_Than_Creates_Consciousness	stack/Your_Brain_Refracts_Rather_Than_Creates_Consciousness.txt	stack/Your_Brain_Refracts_Rather_Than_Creates_Consciousness.mp3
standardgalactic/guardrails	stack	Your_Mind_as_a_Dynamic_Landscape	stack/Your_Mind_as_a_Dynamic_Landscape.txt	stack/Your_Mind_as_a_Dynamic_Landscape.mp3
standardgalactic/guardrails	stack	Your_hands_are_not_typing_symbols	stack/Your_hands_are_not_typing_symbols.txt	stack/Your_hands_are_not_typing_symbols.mp3
standardgalactic/guardrails	stack	Your_identity_is_a_dynamic_shape	stack/Your_identity_is_a_dynamic_shape.txt	stack/Your_identity_is_a_dynamic_shape.mp3
standardgalactic/guardrails	stack	Your_identity_is_a_mathematical_residue	stack/Your_identity_is_a_mathematical_residue.txt	stack/Your_identity_is_a_mathematical_residue.mp3
standardgalactic/guardrails	stack	baile_excesivo	stack/baile_excesivo.txt	stack/baile_excesivo.mp3
standardgalactic/guardrails	stack	concrete_cracks	stack/concrete_cracks.txt	stack/concrete_cracks.mp3
standardgalactic/guardrails	stack	dynamics-test	stack/dynamics-test.txt	stack/dynamics-test.mp3
standardgalactic/guardrails	stack	egg	stack/egg.txt	stack/egg.mp3
standardgalactic/guardrails	stack	healing_the_jagged_edge	stack/healing_the_jagged_edge.txt	stack/healing_the_jagged_edge.mp3
standardgalactic/guardrails	stack	malignant_novelty	stack/malignant_novelty.txt	stack/malignant_novelty.mp3
standardgalactic/guardrails	stack	minuet	stack/minuet.txt	stack/minuet.mp3
standardgalactic/guardrails	stack	piece	stack/piece.txt	stack/piece.mp3
standardgalactic/guardrails	stack	pop	stack/pop.txt	stack/pop.mp3
standardgalactic/guardrails	stack	spoonful	stack/spoonful.txt	stack/spoonful.mp3
standardgalactic/guardrails	stack	the_amber_canvas	stack/the_amber_canvas.txt	stack/the_amber_canvas.mp3
standardgalactic/guardrails	stack	التكنولوجيا_لا_تلغي_الصعوبة_بل_تعيد_توزيعها	stack/التكنولوجيا_لا_تلغي_الصعوبة_بل_تعيد_توزيعها.txt	stack/التكنولوجيا_لا_تلغي_الصعوبة_بل_تعيد_توزيعها.mp3
standardgalactic/guardrails	stack	اللاعودة_تحكم_كل_شيء_المعرفة_والذكاء_والجاذبية	stack/اللاعودة_تحكم_كل_شيء_المعرفة_والذكاء_والجاذبية.txt	stack/اللاعودة_تحكم_كل_شيء_المعرفة_والذكاء_والجاذبية.mp3
standardgalactic/guardrails	stack	الهوية_الرقمية_مرساة_المعنى_المفقود	stack/الهوية_الرقمية_مرساة_المعنى_المفقود.txt	stack/الهوية_الرقمية_مرساة_المعنى_المفقود.mp3
standardgalactic/guardrails	stack	توحيد_الفيزياء_والحياة_والوعي_في_نظرية_واحدة	stack/توحيد_الفيزياء_والحياة_والوعي_في_نظرية_واحدة.txt	stack/توحيد_الفيزياء_والحياة_والوعي_في_نظرية_واحدة.mp3
standardgalactic/guardrails	stack	صرخة في الضباب	stack/صرخة في الضباب.txt	stack/صرخة في الضباب.mp3
standardgalactic/guardrails	stack	لماذا_يستقر_اللهب_وينهار_الحجر	stack/لماذا_يستقر_اللهب_وينهار_الحجر.txt	stack/لماذا_يستقر_اللهب_وينهار_الحجر.mp3
standardgalactic/guardrails	stack	مجرة الفوضى	stack/مجرة الفوضى.txt	stack/مجرة الفوضى.mp3
standardgalactic/guardrails	stack	نظرية_توحيد_الفيزياء_والإدراك_وإطار_RSVP	stack/نظرية_توحيد_الفيزياء_والإدراك_وإطار_RSVP.txt	stack/نظرية_توحيد_الفيزياء_والإدراك_وإطار_RSVP.mp3
standardgalactic/guardrails	stack	نظرية_كل_شيء_الكون_وعي_الشركات_بالملأ	stack/نظرية_كل_شيء_الكون_وعي_الشركات_بالملأ.txt	stack/نظرية_كل_شيء_الكون_وعي_الشركات_بالملأ.mp3
standardgalactic/haplopraxis	under-construction	How_Wealth_Buys_Proxies_for_Competence	under-construction/How_Wealth_Buys_Proxies_for_Competence.txt	under-construction/How_Wealth_Buys_Proxies_for_Competence.mp3
standardgalactic/haplopraxis	under-construction	Knowledge_is_a_pathway_not_a_payload	under-construction/Knowledge_is_a_pathway_not_a_payload.txt	under-construction/Knowledge_is_a_pathway_not_a_payload.mp3
standardgalactic/haplopraxis	under-construction	The_internet_is_an_archaeological_dig	under-construction/The_internet_is_an_archaeological_dig.txt	under-construction/The_internet_is_an_archaeological_dig.mp3
standardgalactic/haplopraxis	under-construction	Why_AI_cannot_use_what_it_knows	under-construction/Why_AI_cannot_use_what_it_knows.txt	under-construction/Why_AI_cannot_use_what_it_knows.mp3
standardgalactic/haplopraxis	under-construction	Why_digital_memory_needs_physical_anchors	under-construction/Why_digital_memory_needs_physical_anchors.txt	under-construction/Why_digital_memory_needs_physical_anchors.mp3
standardgalactic/history	.	Punctuation_as_Physical_Law	Punctuation_as_Physical_Law.txt	Punctuation_as_Physical_Law.mp3
standardgalactic/history	.	The_Geometry_of_Execution_and_Recognition	The_Geometry_of_Execution_and_Recognition.txt	The_Geometry_of_Execution_and_Recognition.mp3
standardgalactic/history	.	The_biological_cost_of_deep_reading	The_biological_cost_of_deep_reading.txt	The_biological_cost_of_deep_reading.mp3
standardgalactic/history	.	The_math_of_your_reachable_futures	The_math_of_your_reachable_futures.txt	The_math_of_your_reachable_futures.mp3
standardgalactic/history	.	Why_Civilizations_Fail_to_Regenerate_Capacity	Why_Civilizations_Fail_to_Regenerate_Capacity.txt	Why_Civilizations_Fail_to_Regenerate_Capacity.mp3
standardgalactic/history	.	Why_Silent_Systems_Are_Always_Screaming	Why_Silent_Systems_Are_Always_Screaming.txt	Why_Silent_Systems_Are_Always_Screaming.mp3
standardgalactic/history	overview	Entropic_Field_Theory_of_Complex_Systems	overview/Entropic_Field_Theory_of_Complex_Systems.txt	overview/Entropic_Field_Theory_of_Complex_Systems.mp3
standardgalactic/history	overview	Reality_as_an_irreversible_event_log	overview/Reality_as_an_irreversible_event_log.txt	overview/Reality_as_an_irreversible_event_log.mp3
standardgalactic/human	coherence	Why_Systems_Hit_The_Coherence_Wall	coherence/Why_Systems_Hit_The_Coherence_Wall.txt	coherence/Why_Systems_Hit_The_Coherence_Wall.mp3
standardgalactic/human	debate	Defending_human_reasoning_against_synthetic_fluency	debate/Defending_human_reasoning_against_synthetic_fluency.txt	debate/Defending_human_reasoning_against_synthetic_fluency.mp3
standardgalactic/HYDRA	.	Beyond__Thinking_Out_Loud__Unpacking_AI_s_True_Reasoning_and_the_Future_of_Trustworthy_AI	Beyond__Thinking_Out_Loud__Unpacking_AI_s_True_Reasoning_and_the_Future_of_Trustworthy_AI.txt	Beyond__Thinking_Out_Loud__Unpacking_AI_s_True_Reasoning_and_the_Future_of_Trustworthy_AI.mp3
standardgalactic/HYDRA	.	Decoding_Reality__How_RSVP,_TARTAN,_and_HYDRA_are_Forging_a_New_Physics_of_AI_and_the_Cosmos	Decoding_Reality__How_RSVP,_TARTAN,_and_HYDRA_are_Forging_a_New_Physics_of_AI_and_the_Cosmos.txt	Decoding_Reality__How_RSVP,_TARTAN,_and_HYDRA_are_Forging_a_New_Physics_of_AI_and_the_Cosmos.mp3
standardgalactic/HYDRA	.	From_Cosmic_Cycles_to_AI_Cognition__Unpacking_the_RSVP-TARTAN-HYDRA_Unification_Theory	From_Cosmic_Cycles_to_AI_Cognition__Unpacking_the_RSVP-TARTAN-HYDRA_Unification_Theory.txt	From_Cosmic_Cycles_to_AI_Cognition__Unpacking_the_RSVP-TARTAN-HYDRA_Unification_Theory.mp3
standardgalactic/hyperbionic-reading	.	How_Typography_Exposes_the_AI_Mirage	How_Typography_Exposes_the_AI_Mirage.txt	How_Typography_Exposes_the_AI_Mirage.mp3
standardgalactic/hyperbionic-reading	.	The_math_of_printing_human_voices	The_math_of_printing_human_voices.txt	The_math_of_printing_human_voices.mp3
standardgalactic/hyperbionic-reading	.	Who_decides_which_losses_are_necessary	Who_decides_which_losses_are_necessary.txt	Who_decides_which_losses_are_necessary.mp3
standardgalactic/intelligence	.	Tokens_are_the_exhaust_of_cognition	Tokens_are_the_exhaust_of_cognition.txt	Tokens_are_the_exhaust_of_cognition.mp3
standardgalactic/intelligence	.	Why_next_token_prediction_is_not_intelligence	Why_next_token_prediction_is_not_intelligence.txt	Why_next_token_prediction_is_not_intelligence.mp3
standardgalactic/kitbash	.	Entropy_ The Engine of Structure and Time	Entropy_ The Engine of Structure and Time.txt	Entropy_ The Engine of Structure and Time.mp3
standardgalactic/kitbash	.	Information_Is_a_Geometric_Sphere	Information_Is_a_Geometric_Sphere.txt	Information_Is_a_Geometric_Sphere.mp3
standardgalactic/kitbash	.	Polynomial Algebra_ Vectors, Matrices, and Field Theory	Polynomial Algebra_ Vectors, Matrices, and Field Theory.txt	Polynomial Algebra_ Vectors, Matrices, and Field Theory.mp3
standardgalactic/kitbash	.	Rarely Needed Protocols_ Myth, Technology, and Moral Choice	Rarely Needed Protocols_ Myth, Technology, and Moral Choice.txt	Rarely Needed Protocols_ Myth, Technology, and Moral Choice.mp3
standardgalactic/kitbash	.	Semantic_compression_and_the_thermodynamics_of_trust	Semantic_compression_and_the_thermodynamics_of_trust.txt	Semantic_compression_and_the_thermodynamics_of_trust.mp3
standardgalactic/kitbash	.	Societal Mesh Organs_ Civilizational Memory Infrastructure	Societal Mesh Organs_ Civilizational Memory Infrastructure.txt	Societal Mesh Organs_ Civilizational Memory Infrastructure.mp3
standardgalactic/kitbash	.	Spherical_geometry_as_computational_interface	Spherical_geometry_as_computational_interface.txt	Spherical_geometry_as_computational_interface.mp3
standardgalactic/kitbash	.	Time's Geometry_ Beyond Three-Dimensional Time	Time's Geometry_ Beyond Three-Dimensional Time.txt	Time's Geometry_ Beyond Three-Dimensional Time.mp3
standardgalactic/kitbash	.	Unifying_Reality__From_AI_Minds_to_the_Sun_s_Core_with_RSVP	Unifying_Reality__From_AI_Minds_to_the_Sun_s_Core_with_RSVP.txt	Unifying_Reality__From_AI_Minds_to_the_Sun_s_Core_with_RSVP.mp3
standardgalactic/kitbash	.	Unusual Ideas & Enigmatic Collaborations	Unusual Ideas & Enigmatic Collaborations.txt	Unusual Ideas & Enigmatic Collaborations.mp3
standardgalactic/kitbash	abstraction	La_ciencia_inventa_un_cerebro_simple	abstraction/La_ciencia_inventa_un_cerebro_simple.txt	abstraction/La_ciencia_inventa_un_cerebro_simple.mp3
standardgalactic/kitbash	abstraction	The_Brain_Is_Not_A_Computer	abstraction/The_Brain_Is_Not_A_Computer.txt	abstraction/The_Brain_Is_Not_A_Computer.mp3
standardgalactic/kitbash	analysis	El Meta-Marco Flyxion_ Unificando Física, Cognición e IA a través de RSVP_2025_08_05	analysis/El Meta-Marco Flyxion_ Unificando Física, Cognición e IA a través de RSVP_2025_08_05.txt	analysis/El Meta-Marco Flyxion_ Unificando Física, Cognición e IA a través de RSVP_2025_08_05.mp3
standardgalactic/kitbash	analysis	Unpacking_RSVP_Theory__From_Cosmic_Fields_to_AI_Ethics_and_Interface_Dignity	analysis/Unpacking_RSVP_Theory__From_Cosmic_Fields_to_AI_Ethics_and_Interface_Dignity.txt	analysis/Unpacking_RSVP_Theory__From_Cosmic_Fields_to_AI_Ethics_and_Interface_Dignity.mp3
standardgalactic/kitbash	cognitive-dynamics	How_AI_Fakes_Its_Own_Sentience	cognitive-dynamics/How_AI_Fakes_Its_Own_Sentience.txt	cognitive-dynamics/How_AI_Fakes_Its_Own_Sentience.mp3
standardgalactic/kitbash	cognitive-dynamics	How_Microsoft_s_vocabulary_built_a_corporate_moat	cognitive-dynamics/How_Microsoft_s_vocabulary_built_a_corporate_moat.txt	cognitive-dynamics/How_Microsoft_s_vocabulary_built_a_corporate_moat.mp3
standardgalactic/kitbash	cognitive-dynamics	How_viral_misinformation_acts_like_malware	cognitive-dynamics/How_viral_misinformation_acts_like_malware.txt	cognitive-dynamics/How_viral_misinformation_acts_like_malware.mp3
standardgalactic/kitbash	cognitive-dynamics	Progress_is_a_maze_not_a_line	cognitive-dynamics/Progress_is_a_maze_not_a_line.txt	cognitive-dynamics/Progress_is_a_maze_not_a_line.mp3
standardgalactic/kitbash	cognitive-dynamics	Time's Geometry_ Beyond Three-Dimensional Time	cognitive-dynamics/Time's Geometry_ Beyond Three-Dimensional Time.txt	cognitive-dynamics/Time's Geometry_ Beyond Three-Dimensional Time.mp3
standardgalactic/kitbash	cognitive-dynamics	When_a_spaceship_becomes_a_living_organism	cognitive-dynamics/When_a_spaceship_becomes_a_living_organism.txt	cognitive-dynamics/When_a_spaceship_becomes_a_living_organism.mp3
standardgalactic/kitbash	cognitive-dynamics	You_Do_Not_Actually_Crave_Oxytocin	cognitive-dynamics/You_Do_Not_Actually_Crave_Oxytocin.txt	cognitive-dynamics/You_Do_Not_Actually_Crave_Oxytocin.mp3
standardgalactic/kitbash	cosmology	Quantum_gravity_forbids_modern_dark_energy_models	cosmology/Quantum_gravity_forbids_modern_dark_energy_models.txt	cosmology/Quantum_gravity_forbids_modern_dark_energy_models.mp3
standardgalactic/kitbash	cosmology	The_Geometric_Impossibility_of_AI_Alignment	cosmology/The_Geometric_Impossibility_of_AI_Alignment.txt	cosmology/The_Geometric_Impossibility_of_AI_Alignment.mp3
standardgalactic/kitbash	framework	Unusual Ideas & Enigmatic Collaborations	framework/Unusual Ideas & Enigmatic Collaborations.txt	framework/Unusual Ideas & Enigmatic Collaborations.mp3
standardgalactic/kitbash	irreversibility	Irreversibility_Links_Gravity_AI_and_Knowledge	irreversibility/Irreversibility_Links_Gravity_AI_and_Knowledge.txt	irreversibility/Irreversibility_Links_Gravity_AI_and_Knowledge.mp3
standardgalactic/kitbash	irreversibility	La_historia_irreversible_define_la_realidad	irreversibility/La_historia_irreversible_define_la_realidad.txt	irreversibility/La_historia_irreversible_define_la_realidad.mp3
standardgalactic/kitbash	irreversibility	اللاعودة_تحكم_كل_شيء_المعرفة_والذكاء_والجاذبية	irreversibility/اللاعودة_تحكم_كل_شيء_المعرفة_والذكاء_والجاذبية.txt	irreversibility/اللاعودة_تحكم_كل_شيء_المعرفة_والذكاء_والجاذبية.mp3
standardgalactic/kitbash	memory	Polynomial Algebra_ Vectors, Matrices, and Field Theory	memory/Polynomial Algebra_ Vectors, Matrices, and Field Theory.txt	memory/Polynomial Algebra_ Vectors, Matrices, and Field Theory.mp3
standardgalactic/kitbash	notes	The_Catastrophic_Error_of_Overwriting_History	notes/The_Catastrophic_Error_of_Overwriting_History.txt	notes/The_Catastrophic_Error_of_Overwriting_History.mp3
standardgalactic/kitbash	ontology	Analyzing_Structure_or_Irreversible_History	ontology/Analyzing_Structure_or_Irreversible_History.txt	ontology/Analyzing_Structure_or_Irreversible_History.mp3
standardgalactic/kitbash	ontology	Structural_Power_is_Cosmic_Constraint	ontology/Structural_Power_is_Cosmic_Constraint.txt	ontology/Structural_Power_is_Cosmic_Constraint.mp3
standardgalactic/kitbash	paperbot	How_Paperbot_Parliament_saves_human_reasoning	paperbot/How_Paperbot_Parliament_saves_human_reasoning.txt	paperbot/How_Paperbot_Parliament_saves_human_reasoning.mp3
standardgalactic/kitbash	paperbot	Shattering_the_State_Illusion	paperbot/Shattering_the_State_Illusion.txt	paperbot/Shattering_the_State_Illusion.mp3
standardgalactic/kitbash	paperbot	The_Geometry_of_History	paperbot/The_Geometry_of_History.txt	paperbot/The_Geometry_of_History.mp3
standardgalactic/kitbash	paperbot	Why_Information_Compression_Destroys_Intelligence	paperbot/Why_Information_Compression_Destroys_Intelligence.txt	paperbot/Why_Information_Compression_Destroys_Intelligence.mp3
standardgalactic/kitbash	paperbot	Why_production_outpaces_human_orientation	paperbot/Why_production_outpaces_human_orientation.txt	paperbot/Why_production_outpaces_human_orientation.mp3
standardgalactic/kitbash	paradigms	From_AI_Debugging_to_Cosmic_Law__How_Federated_Learning_and_Att	paradigms/From_AI_Debugging_to_Cosmic_Law__How_Federated_Learning_and_Att.txt	paradigms/From_AI_Debugging_to_Cosmic_Law__How_Federated_Learning_and_Att.mp3
standardgalactic/kitbash	paradigms	Reverse_Dominance_and_Federated_AI__How_Systems_Fight_Entropy_f	paradigms/Reverse_Dominance_and_Federated_AI__How_Systems_Fight_Entropy_f.txt	paradigms/Reverse_Dominance_and_Federated_AI__How_Systems_Fight_Entropy_f.mp3
standardgalactic/kitbash	paradigms	Thermodynamics_of_Thought	paradigms/Thermodynamics_of_Thought.txt	paradigms/Thermodynamics_of_Thought.mp3
standardgalactic/kitbash	paradox	From_Genome_Sharing_to_AI_Glitches__Quantifying_Paradoxes_in_Our_Digital_World	paradox/From_Genome_Sharing_to_AI_Glitches__Quantifying_Paradoxes_in_Our_Digital_World.txt	paradox/From_Genome_Sharing_to_AI_Glitches__Quantifying_Paradoxes_in_Our_Digital_World.mp3
standardgalactic/kitbash	philosophy	The_internal_geometry_of_AI_understanding	philosophy/The_internal_geometry_of_AI_understanding.txt	philosophy/The_internal_geometry_of_AI_understanding.mp3
standardgalactic/kitbash	philosophy	Why_Rust_rules_are_physical_laws	philosophy/Why_Rust_rules_are_physical_laws.txt	philosophy/Why_Rust_rules_are_physical_laws.mp3
standardgalactic/kitbash	processing	Athanasius_Kircher_and_the_Universal_Ark	processing/Athanasius_Kircher_and_the_Universal_Ark.txt	processing/Athanasius_Kircher_and_the_Universal_Ark.mp3
standardgalactic/kitbash	processing	Rarely Needed Protocols_ Myth, Technology, and Moral Choice	processing/Rarely Needed Protocols_ Myth, Technology, and Moral Choice.txt	processing/Rarely Needed Protocols_ Myth, Technology, and Moral Choice.mp3
standardgalactic/kitbash	processing	Societal Mesh Organs_ Civilizational Memory Infrastructure	processing/Societal Mesh Organs_ Civilizational Memory Infrastructure.txt	processing/Societal Mesh Organs_ Civilizational Memory Infrastructure.mp3
standardgalactic/kitbash	processing	Why_unreadable_writing_is_engineered_to_fail	processing/Why_unreadable_writing_is_engineered_to_fail.txt	processing/Why_unreadable_writing_is_engineered_to_fail.mp3
standardgalactic/kitbash	processing/essay/background	Cosmic_Connections__Unifying_Galaxies,_Brains,_AI,_and_Ancient_	processing/essay/background/Cosmic_Connections__Unifying_Galaxies,_Brains,_AI,_and_Ancient_.txt	processing/essay/background/Cosmic_Connections__Unifying_Galaxies,_Brains,_AI,_and_Ancient_.mp3
standardgalactic/kitbash	projects	Why_Final_Results_Hide_System_Dynamics	projects/Why_Final_Results_Hide_System_Dynamics.txt	projects/Why_Final_Results_Hide_System_Dynamics.mp3
standardgalactic/kitbash	projects	Why_Movies_Are_Loud_and_Systems_Fail	projects/Why_Movies_Are_Loud_and_Systems_Fail.txt	projects/Why_Movies_Are_Loud_and_Systems_Fail.mp3
standardgalactic/kitbash	projects	Why_endpoints_don_t_tell_the_story	projects/Why_endpoints_don_t_tell_the_story.txt	projects/Why_endpoints_don_t_tell_the_story.mp3
standardgalactic/kitbash	projects	Why_modern_movies_sound_punishing_at_home	projects/Why_modern_movies_sound_punishing_at_home.txt	projects/Why_modern_movies_sound_punishing_at_home.mp3
standardgalactic/kitbash	research	Beyond_Catharsis__How_Universal_Incompleteness_Shapes_Emotion,_Logic,_and_the_Cosmos	research/Beyond_Catharsis__How_Universal_Incompleteness_Shapes_Emotion,_Logic,_and_the_Cosmos.txt	research/Beyond_Catharsis__How_Universal_Incompleteness_Shapes_Emotion,_Logic,_and_the_Cosmos.mp3
standardgalactic/kitbash	research	Unifying_Reality__From_AI_Minds_to_the_Sun_s_Core_with_RSVP	research/Unifying_Reality__From_AI_Minds_to_the_Sun_s_Core_with_RSVP.txt	research/Unifying_Reality__From_AI_Minds_to_the_Sun_s_Core_with_RSVP.mp3
standardgalactic/kitbash	self-reference	Laplace meets Godel： How Self reference Foils Prediction	self-reference/Laplace meets Godel： How Self reference Foils Prediction.txt	self-reference/Laplace meets Godel： How Self reference Foils Prediction.mp3
standardgalactic/kitbash	workspace	Entropy_ The Engine of Structure and Time	workspace/Entropy_ The Engine of Structure and Time.txt	workspace/Entropy_ The Engine of Structure and Time.mp3
standardgalactic/laboratory	.	Ending_AI_Drift_with_1_Point_58-Bit_Capsules	Ending_AI_Drift_with_1_Point_58-Bit_Capsules.txt	Ending_AI_Drift_with_1_Point_58-Bit_Capsules.mp3
standardgalactic/laboratory	.	How_antique_hardware_shaped_software_grammar	How_antique_hardware_shaped_software_grammar.txt	How_antique_hardware_shaped_software_grammar.mp3
standardgalactic/laboratory	.	Program_AI_With_10_Word_Filenames	Program_AI_With_10_Word_Filenames.txt	Program_AI_With_10_Word_Filenames.mp3
standardgalactic/laboratory	.	The_Hidden_Risks_of_Borrowed_Intuition	The_Hidden_Risks_of_Borrowed_Intuition.txt	The_Hidden_Risks_of_Borrowed_Intuition.mp3
standardgalactic/laboratory	.	The_horizonless_spinning_donut_theory	The_horizonless_spinning_donut_theory.txt	The_horizonless_spinning_donut_theory.mp3
standardgalactic/laboratory	.	Why_AI_filters_punish_dangerous_sounding_speech	Why_AI_filters_punish_dangerous_sounding_speech.txt	Why_AI_filters_punish_dangerous_sounding_speech.mp3
standardgalactic/laboratory	.	Your_Body_Is_Not_A_Chemistry_Set	Your_Body_Is_Not_A_Chemistry_Set.txt	Your_Body_Is_Not_A_Chemistry_Set.mp3
standardgalactic/laboratory	continuation-geometry	AI_memory_is_a_hiking_trail	continuation-geometry/AI_memory_is_a_hiking_trail.txt	continuation-geometry/AI_memory_is_a_hiking_trail.mp3
standardgalactic/laboratory	continuation-geometry	Storing_information_in_momentum_not_position	continuation-geometry/Storing_information_in_momentum_not_position.txt	continuation-geometry/Storing_information_in_momentum_not_position.mp3
standardgalactic/laboratory	processing	AI_Sycophancy_and_Latent_Evidence	processing/AI_Sycophancy_and_Latent_Evidence.txt	processing/AI_Sycophancy_and_Latent_Evidence.mp3
standardgalactic/laboratory	processing	Por_qué_los_idiomas_son_irreversibles	processing/Por_qué_los_idiomas_son_irreversibles.txt	processing/Por_qué_los_idiomas_son_irreversibles.mp3
standardgalactic/laboratory	processing	The_Deep_Architecture_of_Arabic_Script	processing/The_Deep_Architecture_of_Arabic_Script.txt	processing/The_Deep_Architecture_of_Arabic_Script.mp3
standardgalactic/laboratory	processing	Why_Systems_Mistake_Consistency_For_Truth	processing/Why_Systems_Mistake_Consistency_For_Truth.txt	processing/Why_Systems_Mistake_Consistency_For_Truth.mp3
standardgalactic/laboratory	processing	ميكانيكا_اللغة_بين_العمق_زيرو_وواحد	processing/ميكانيكا_اللغة_بين_العمق_زيرو_وواحد.txt	processing/ميكانيكا_اللغة_بين_العمق_زيرو_وواحد.mp3
standardgalactic/laboratory	projects	How_Minds_Rewrite_the_Menu_of_Possibilities	projects/How_Minds_Rewrite_the_Menu_of_Possibilities.txt	projects/How_Minds_Rewrite_the_Menu_of_Possibilities.mp3
standardgalactic/laboratory	projects	Math_is_a_History_of_Choices	projects/Math_is_a_History_of_Choices.txt	projects/Math_is_a_History_of_Choices.mp3
standardgalactic/laboratory	source	Aging_as_the_Loss_of_Recoverable_Futures	source/Aging_as_the_Loss_of_Recoverable_Futures.txt	source/Aging_as_the_Loss_of_Recoverable_Futures.mp3
standardgalactic/laboratory	source	Compression_is_a_bet_on_the_future	source/Compression_is_a_bet_on_the_future.txt	source/Compression_is_a_bet_on_the_future.mp3
standardgalactic/laboratory	source	Scaling_attention_with_AI_compilers	source/Scaling_attention_with_AI_compilers.txt	source/Scaling_attention_with_AI_compilers.mp3
standardgalactic/laboratory	source	Scaling_attention_with_the_Attention_Compiler	source/Scaling_attention_with_the_Attention_Compiler.txt	source/Scaling_attention_with_the_Attention_Compiler.mp3
standardgalactic/laboratory	source	Simple_boundaries_masking_unrecoverable_internal_histories	source/Simple_boundaries_masking_unrecoverable_internal_histories.txt	source/Simple_boundaries_masking_unrecoverable_internal_histories.mp3
standardgalactic/laboratory	source	Your_emotions_are_body_budget_predictions	source/Your_emotions_are_body_budget_predictions.txt	source/Your_emotions_are_body_budget_predictions.mp3
standardgalactic/laboratory	working	A_Mathematical_Blueprint_for_Digital_Truth	working/A_Mathematical_Blueprint_for_Digital_Truth.txt	working/A_Mathematical_Blueprint_for_Digital_Truth.mp3
standardgalactic/laboratory	working	How_AI_Learns_From_Its_Own_Garbage	working/How_AI_Learns_From_Its_Own_Garbage.txt	working/How_AI_Learns_From_Its_Own_Garbage.mp3
standardgalactic/laboratory	working	How_geometric_waves_restart_your_thoughts	working/How_geometric_waves_restart_your_thoughts.txt	working/How_geometric_waves_restart_your_thoughts.mp3
standardgalactic/laboratory	working	Persistence_is_an_active_achievement_of_change	working/Persistence_is_an_active_achievement_of_change.txt	working/Persistence_is_an_active_achievement_of_change.mp3
standardgalactic/laboratory	working	Why_AI_cannot_judge_its_own_work	working/Why_AI_cannot_judge_its_own_work.txt	working/Why_AI_cannot_judge_its_own_work.mp3
standardgalactic/library	.	The-mathematics-of-hollow-AI-writing	The-mathematics-of-hollow-AI-writing.txt	The-mathematics-of-hollow-AI-writing.mp3
standardgalactic/library	astrophysics	Gravity_is_the_Universe_Relaxing	astrophysics/Gravity_is_the_Universe_Relaxing.txt	astrophysics/Gravity_is_the_Universe_Relaxing.mp3
standardgalactic/library	.	lost-book	lost-book.txt	lost-book.mp3
standardgalactic/library	research	The-mathematics-of-hollow-AI-writing	research/The-mathematics-of-hollow-AI-writing.txt	research/The-mathematics-of-hollow-AI-writing.mp3
standardgalactic/library	.	semantic-collapse	semantic-collapse.txt	semantic-collapse.mp3
standardgalactic/linguistics	.	How_language_keeps_the_future_navigable	How_language_keeps_the_future_navigable.txt	How_language_keeps_the_future_navigable.mp3
standardgalactic/linguistics	.	The_Hidden_Physics_of_Adjective_Order	The_Hidden_Physics_of_Adjective_Order.txt	The_Hidden_Physics_of_Adjective_Order.mp3
standardgalactic/linguistics	.	The_Hidden_Physics_of_Grammar	The_Hidden_Physics_of_Grammar.txt	The_Hidden_Physics_of_Grammar.mp3
standardgalactic/linguistics	.	Why_AI_Thinks_Longer_Is_Smarter	Why_AI_Thinks_Longer_Is_Smarter.txt	Why_AI_Thinks_Longer_Is_Smarter.mp3
standardgalactic/memory	.	Building_Forth_from_Spherepop_primitives	Building_Forth_from_Spherepop_primitives.txt	Building_Forth_from_Spherepop_primitives.mp3
standardgalactic/memory	.	How_semantic_fields_fix_AI_amnesia	How_semantic_fields_fix_AI_amnesia.txt	How_semantic_fields_fix_AI_amnesia.mp3
standardgalactic/memory	.	Software_Refusals_Define_Digital_Reality	Software_Refusals_Define_Digital_Reality.txt	Software_Refusals_Define_Digital_Reality.mp3
standardgalactic/memory	.	Why_Fusion_Success_Is_Not_Just_Ignition	Why_Fusion_Success_Is_Not_Just_Ignition.txt	Why_Fusion_Success_Is_Not_Just_Ignition.mp3
standardgalactic/memory	processing	Al-Biruni_and_the_cost_of_objective_truth	processing/Al-Biruni_and_the_cost_of_objective_truth.txt	processing/Al-Biruni_and_the_cost_of_objective_truth.mp3
standardgalactic/memory	processing	Engineering_Your_LaTeX_Document_as_Code	processing/Engineering_Your_LaTeX_Document_as_Code.txt	processing/Engineering_Your_LaTeX_Document_as_Code.mp3
standardgalactic/memory	processing	Steering_the_state_with_cybernetics	processing/Steering_the_state_with_cybernetics.txt	processing/Steering_the_state_with_cybernetics.mp3
standardgalactic/memory	processing	The_250-year_struggle_to_ground_AI	processing/The_250-year_struggle_to_ground_AI.txt	processing/The_250-year_struggle_to_ground_AI.mp3
standardgalactic/memory	processing	The_Structural_Grammar_of_Vim	processing/The_Structural_Grammar_of_Vim.txt	processing/The_Structural_Grammar_of_Vim.mp3
standardgalactic/mind-uploading	.	Why-your-digital-clone-is-not-you	Why-your-digital-clone-is-not-you.txt	Why-your-digital-clone-is-not-you.mp3
standardgalactic/negentropy	.	Xenophon	Xenophon.txt	Xenophon.mp3
standardgalactic/paracosm	.	From_AI_Debugging_to_Cosmic_Law__How_Federated_Learning_and_Att	From_AI_Debugging_to_Cosmic_Law__How_Federated_Learning_and_Att.txt	From_AI_Debugging_to_Cosmic_Law__How_Federated_Learning_and_Att.mp3
standardgalactic/paracosm	.	Reverse_Dominance_and_Federated_AI__How_Systems_Fight_Entropy_f	Reverse_Dominance_and_Federated_AI__How_Systems_Fight_Entropy_f.txt	Reverse_Dominance_and_Federated_AI__How_Systems_Fight_Entropy_f.mp3
standardgalactic/paracosm	.	Thermodynamic_Geography_and_Recursive_Futarchy__Governing_Socie	Thermodynamic_Geography_and_Recursive_Futarchy__Governing_Socie.txt	Thermodynamic_Geography_and_Recursive_Futarchy__Governing_Socie.mp3
standardgalactic/paracosm	.	Thermodynamics_of_Thought__Unpacking_the_RSVP_Framework	Thermodynamics_of_Thought__Unpacking_the_RSVP_Framework.txt	Thermodynamics_of_Thought__Unpacking_the_RSVP_Framework.mp3
standardgalactic/paracosm	.	Unpacking_RSVP__How_a_Unified_Field_Theory_Links_Gravity,_Econo	Unpacking_RSVP__How_a_Unified_Field_Theory_Links_Gravity,_Econo.txt	Unpacking_RSVP__How_a_Unified_Field_Theory_Links_Gravity,_Econo.mp3
standardgalactic/paracosm	audio-overviews	From_AI_Debugging_to_Cosmic_Law__How_Federated_Learning_and_Att	audio-overviews/From_AI_Debugging_to_Cosmic_Law__How_Federated_Learning_and_Att.txt	audio-overviews/From_AI_Debugging_to_Cosmic_Law__How_Federated_Learning_and_Att.mp3
standardgalactic/paracosm	audio-overviews	Reverse_Dominance_and_Federated_AI__How_Systems_Fight_Entropy_f	audio-overviews/Reverse_Dominance_and_Federated_AI__How_Systems_Fight_Entropy_f.txt	audio-overviews/Reverse_Dominance_and_Federated_AI__How_Systems_Fight_Entropy_f.mp3
standardgalactic/paracosm	audio-overviews	Thermodynamic_Geography_and_Recursive_Futarchy__Governing_Socie	audio-overviews/Thermodynamic_Geography_and_Recursive_Futarchy__Governing_Socie.txt	audio-overviews/Thermodynamic_Geography_and_Recursive_Futarchy__Governing_Socie.mp3
standardgalactic/paracosm	audio-overviews	Thermodynamics_of_Thought__Unpacking_the_RSVP_Framework	audio-overviews/Thermodynamics_of_Thought__Unpacking_the_RSVP_Framework.txt	audio-overviews/Thermodynamics_of_Thought__Unpacking_the_RSVP_Framework.mp3
standardgalactic/paracosm	audio-overviews	Unpacking_RSVP__How_a_Unified_Field_Theory_Links_Gravity,_Econo	audio-overviews/Unpacking_RSVP__How_a_Unified_Field_Theory_Links_Gravity,_Econo.txt	audio-overviews/Unpacking_RSVP__How_a_Unified_Field_Theory_Links_Gravity,_Econo.mp3
standardgalactic/paracosm	workspace	Constraint_Theology_and_the_Interpretive_Leap	workspace/Constraint_Theology_and_the_Interpretive_Leap.txt	workspace/Constraint_Theology_and_the_Interpretive_Leap.mp3
standardgalactic/paracosm	workspace	Mathematical_Proof_for_God	workspace/Mathematical_Proof_for_God.txt	workspace/Mathematical_Proof_for_God.mp3
standardgalactic/philosophy	.	Reality_as_a_Structure_of_Accessible_Futures	Reality_as_a_Structure_of_Accessible_Futures.txt	Reality_as_a_Structure_of_Accessible_Futures.mp3
standardgalactic/philosophy	.	Reconstructing_reality_through_latent_structure	Reconstructing_reality_through_latent_structure.txt	Reconstructing_reality_through_latent_structure.mp3
standardgalactic/philosophy	.	The_death_of_the_uniform_object	The_death_of_the_uniform_object.txt	The_death_of_the_uniform_object.mp3
standardgalactic/photonics	.	Geometric_Defense_Mechanisms	Geometric_Defense_Mechanisms.txt	Geometric_Defense_Mechanisms.mp3
standardgalactic/physiome	.	Simulating_the_body_as_a_repair_system	Simulating_the_body_as_a_repair_system.txt	Simulating_the_body_as_a_repair_system.mp3
standardgalactic/physiome	processing	Simulating_the_body_as_a_repair_system	processing/Simulating_the_body_as_a_repair_system.txt	processing/Simulating_the_body_as_a_repair_system.mp3
standardgalactic/playfloor	.	The_Geometry_of_Document_Rewriting	The_Geometry_of_Document_Rewriting.txt	The_Geometry_of_Document_Rewriting.mp3
standardgalactic/playfloor	.	The_Shared_Topology_of_Spacetime_and_Mind	The_Shared_Topology_of_Spacetime_and_Mind.txt	The_Shared_Topology_of_Spacetime_and_Mind.mp3
standardgalactic/playfloor	.	Why_Your_Brain_Needs_Excess_Capacity	Why_Your_Brain_Needs_Excess_Capacity.txt	Why_Your_Brain_Needs_Excess_Capacity.mp3
standardgalactic/playfloor	.	Why_intelligence_thrives_on_extreme_abundance	Why_intelligence_thrives_on_extreme_abundance.txt	Why_intelligence_thrives_on_extreme_abundance.mp3
standardgalactic/playfloor	admissibility	Reality_is_an_invisible_collision_mesh	admissibility/Reality_is_an_invisible_collision_mesh.txt	admissibility/Reality_is_an_invisible_collision_mesh.mp3
standardgalactic/playfloor	admissibility	The_Geometric_Necessity_of_AI_Hallucination	admissibility/The_Geometric_Necessity_of_AI_Hallucination.txt	admissibility/The_Geometric_Necessity_of_AI_Hallucination.mp3
standardgalactic/playfloor	admissibility/working	Math_is_structure_surviving_transformation	admissibility/working/Math_is_structure_surviving_transformation.txt	admissibility/working/Math_is_structure_surviving_transformation.mp3
standardgalactic/playfloor	admissibility/working	Mathematics_is_structure_surviving_transformation	admissibility/working/Mathematics_is_structure_surviving_transformation.txt	admissibility/working/Mathematics_is_structure_surviving_transformation.mp3
standardgalactic/playfloor	admissibility/working	The_Physics_of_Our_Collapsing_Futures	admissibility/working/The_Physics_of_Our_Collapsing_Futures.txt	admissibility/working/The_Physics_of_Our_Collapsing_Futures.mp3
standardgalactic/playfloor	coordinates	Everything_You_See_Is_A_Frozen_Process	coordinates/Everything_You_See_Is_A_Frozen_Process.txt	coordinates/Everything_You_See_Is_A_Frozen_Process.mp3
standardgalactic/playfloor	coordinates	How_files_rewrite_their_own_history	coordinates/How_files_rewrite_their_own_history.txt	coordinates/How_files_rewrite_their_own_history.mp3
standardgalactic/playfloor	coordinates	The_Physics_of_Admissible_Transformations	coordinates/The_Physics_of_Admissible_Transformations.txt	coordinates/The_Physics_of_Admissible_Transformations.mp3
standardgalactic/playfloor	coordinates	The_blessing_of_infinite_dimensionality	coordinates/The_blessing_of_infinite_dimensionality.txt	coordinates/The_blessing_of_infinite_dimensionality.mp3
standardgalactic/playfloor	epistemology	The_Geometry_of_Human_Intuition	epistemology/The_Geometry_of_Human_Intuition.txt	epistemology/The_Geometry_of_Human_Intuition.mp3
standardgalactic/playfloor	epistemology	The_Hidden_Curvature_of_Reality	epistemology/The_Hidden_Curvature_of_Reality.txt	epistemology/The_Hidden_Curvature_of_Reality.mp3
standardgalactic/playfloor	epistemology	Why_AI_Hallucinations_and_Meritocracy_Align	epistemology/Why_AI_Hallucinations_and_Meritocracy_Align.txt	epistemology/Why_AI_Hallucinations_and_Meritocracy_Align.mp3
standardgalactic/playfloor	epistemology	Why_AI_Replaces_Projections_Not_People	epistemology/Why_AI_Replaces_Projections_Not_People.txt	epistemology/Why_AI_Replaces_Projections_Not_People.mp3
standardgalactic/playfloor	processing	Admissible_Trajectories_and_the_Orphic_Egg	processing/Admissible_Trajectories_and_the_Orphic_Egg.txt	processing/Admissible_Trajectories_and_the_Orphic_Egg.mp3
standardgalactic/playfloor	processing	Reality_is_an_Accessibility_Landscape	processing/Reality_is_an_Accessibility_Landscape.txt	processing/Reality_is_an_Accessibility_Landscape.mp3
standardgalactic/playfloor	processing	The_universe_is_a_relaxing_spring	processing/The_universe_is_a_relaxing_spring.txt	processing/The_universe_is_a_relaxing_spring.mp3
standardgalactic/playfloor	processing/working	Mending_Titan’s_Broken_Geometry_with_Yarncrawlers	processing/working/Mending_Titan’s_Broken_Geometry_with_Yarncrawlers.txt	processing/working/Mending_Titan’s_Broken_Geometry_with_Yarncrawlers.mp3
standardgalactic/playfloor	processing/working	Reality_is_what_can_be_reached	processing/working/Reality_is_what_can_be_reached.txt	processing/working/Reality_is_what_can_be_reached.mp3
standardgalactic/playfloor	processing/working	Reconstructing_history_through_compressed_causality	processing/working/Reconstructing_history_through_compressed_causality.txt	processing/working/Reconstructing_history_through_compressed_causality.mp3
standardgalactic/playfloor	processing/working	Why_the_parenthesis_is_a_lie	processing/working/Why_the_parenthesis_is_a_lie.txt	processing/working/Why_the_parenthesis_is_a_lie.mp3
standardgalactic/playfloor	reachability	Solid_objects_are_a_cognitive_illusion	reachability/Solid_objects_are_a_cognitive_illusion.txt	reachability/Solid_objects_are_a_cognitive_illusion.mp3
standardgalactic/playfloor	reachability	The_Geometry_of_Reachable_Futures	reachability/The_Geometry_of_Reachable_Futures.txt	reachability/The_Geometry_of_Reachable_Futures.mp3
standardgalactic/playfloor	reachability	Verbs_Masquerading_as_Nouns	reachability/Verbs_Masquerading_as_Nouns.txt	reachability/Verbs_Masquerading_as_Nouns.mp3
standardgalactic/playfloor	working	AI_treats_nouns_as_frozen_verbs	working/AI_treats_nouns_as_frozen_verbs.txt	working/AI_treats_nouns_as_frozen_verbs.mp3
standardgalactic/playfloor	working	Computation_Is_the_Progressive_Restriction_of_Possibility	working/Computation_Is_the_Progressive_Restriction_of_Possibility.txt	working/Computation_Is_the_Progressive_Restriction_of_Possibility.mp3
standardgalactic/playfloor	working	Identity_Is_a_Trajectory_Not_a_State	working/Identity_Is_a_Trajectory_Not_a_State.txt	working/Identity_Is_a_Trajectory_Not_a_State.mp3
standardgalactic/playfloor	working	The_Geometry_of_Telling_Things_Apart	working/The_Geometry_of_Telling_Things_Apart.txt	working/The_Geometry_of_Telling_Things_Apart.mp3
standardgalactic/policy-selection	.	The_Four_Layers_of_System_Decisions	The_Four_Layers_of_System_Decisions.txt	The_Four_Layers_of_System_Decisions.mp3
standardgalactic/portable-warrant	.	Ending_computational_amnesia_with_disposition_calculus	Ending_computational_amnesia_with_disposition_calculus.txt	Ending_computational_amnesia_with_disposition_calculus.mp3
standardgalactic/portable-warrant	.	Why_Being_Done_Kills_Your_Future	Why_Being_Done_Kills_Your_Future.txt	Why_Being_Done_Kills_Your_Future.mp3
standardgalactic/portable-warrant	.	Why_Verified_AI_Systems_Still_Fail	Why_Verified_AI_Systems_Still_Fail.txt	Why_Verified_AI_Systems_Still_Fail.mp3
standardgalactic/portable-warrant	.	Why_one_success_proves_absolutely_nothing	Why_one_success_proves_absolutely_nothing.txt	Why_one_success_proves_absolutely_nothing.mp3
standardgalactic/quadrivium	general-semantics	hayakawas-ladder	general-semantics/hayakawas-ladder.txt	general-semantics/hayakawas-ladder.mp3
standardgalactic/quadrivium	.	psychocinema	psychocinema.txt	psychocinema.mp3
standardgalactic/quantum-soup	.	Worldhood_and_the_Architecture_of_Irreversible_Constraint	Worldhood_and_the_Architecture_of_Irreversible_Constraint.txt	Worldhood_and_the_Architecture_of_Irreversible_Constraint.mp3
standardgalactic/random-thoughts	.	bio-relacional	bio-relacional.txt	bio-relacional.mp3
standardgalactic/random-thoughts	.	bio-relational	bio-relational.txt	bio-relational.mp3
standardgalactic/repair-preserves-difference	.	Defending_your_history_against_AI_forgery	Defending_your_history_against_AI_forgery.txt	Defending_your_history_against_AI_forgery.mp3
standardgalactic/repair-preserves-difference	.	Stop_measuring_genius_with_a_stopwatch	Stop_measuring_genius_with_a_stopwatch.txt	Stop_measuring_genius_with_a_stopwatch.mp3
standardgalactic/research-projects	.	01_Universal_Laws_Govern_Motivation_Knowledge_Consciousness	01_Universal_Laws_Govern_Motivation_Knowledge_Consciousness.txt	01_Universal_Laws_Govern_Motivation_Knowledge_Consciousness.mp3
standardgalactic/research-projects	.	03_SGDM_Is_MAGI_s_Geometry-Free_Limit	03_SGDM_Is_MAGI_s_Geometry-Free_Limit.txt	03_SGDM_Is_MAGI_s_Geometry-Free_Limit.mp3
standardgalactic/research-projects	Aurora	The_Physics_of_Recomposable_Fragmentation	Aurora/The_Physics_of_Recomposable_Fragmentation.txt	Aurora/The_Physics_of_Recomposable_Fragmentation.mp3
standardgalactic/research-projects	Aurora	The_Physics_of_the_Clip_Economy	Aurora/The_Physics_of_the_Clip_Economy.txt	Aurora/The_Physics_of_the_Clip_Economy.mp3
standardgalactic/research-projects	Aurora	The_Universal_Topology_of_Failure	Aurora/The_Universal_Topology_of_Failure.txt	Aurora/The_Universal_Topology_of_Failure.mp3
standardgalactic/research-projects	Aurora	The_secret_geometric_dance_of_typing	Aurora/The_secret_geometric_dance_of_typing.txt	Aurora/The_secret_geometric_dance_of_typing.mp3
standardgalactic/research-projects	Aurora	Why_Flat_Roofs_Are_Mathematically_Broken	Aurora/Why_Flat_Roofs_Are_Mathematically_Broken.txt	Aurora/Why_Flat_Roofs_Are_Mathematically_Broken.mp3
standardgalactic/research-projects	Aurora	Your_hands_are_not_typing_symbols	Aurora/Your_hands_are_not_typing_symbols.txt	Aurora/Your_hands_are_not_typing_symbols.mp3
standardgalactic/research-projects	.	The_physics_of_persistent_AI_worlds	The_physics_of_persistent_AI_worlds.txt	The_physics_of_persistent_AI_worlds.mp3
standardgalactic/research-projects	alignment	Why_AI_understanding_is_divorced_from_action	alignment/Why_AI_understanding_is_divorced_from_action.txt	alignment/Why_AI_understanding_is_divorced_from_action.mp3
standardgalactic/research-projects	engineering	Engineering_meat_with_core_shell_strands	engineering/Engineering_meat_with_core_shell_strands.txt	engineering/Engineering_meat_with_core_shell_strands.mp3
standardgalactic/research-projects	framework	The_Moment_Randomness_Snaps_Into_Order	framework/The_Moment_Randomness_Snaps_Into_Order.txt	framework/The_Moment_Randomness_Snaps_Into_Order.mp3
standardgalactic/research-projects	framework	Your_collagen_is_a_mechanical_hard_drive	framework/Your_collagen_is_a_mechanical_hard_drive.txt	framework/Your_collagen_is_a_mechanical_hard_drive.mp3
standardgalactic/research-projects	major_projects/CrystalEconomy	Replacing_flat_frames_with_persistent_worlds	major_projects/CrystalEconomy/Replacing_flat_frames_with_persistent_worlds.txt	major_projects/CrystalEconomy/Replacing_flat_frames_with_persistent_worlds.mp3
standardgalactic/research-projects	paper	Fusing_Steam_and_Magnets_on_One_Rotor	paper/Fusing_Steam_and_Magnets_on_One_Rotor.txt	paper/Fusing_Steam_and_Magnets_on_One_Rotor.mp3
standardgalactic/research-projects	paper	Perfect_Ledgers_Producing_Zero_Value	paper/Perfect_Ledgers_Producing_Zero_Value.txt	paper/Perfect_Ledgers_Producing_Zero_Value.mp3
standardgalactic/research-projects	paper	The_Universe_Edits_Out_the_Impossible	paper/The_Universe_Edits_Out_the_Impossible.txt	paper/The_Universe_Edits_Out_the_Impossible.mp3
standardgalactic/research-projects	paper	Why_Error_Is_a_Structural_Obstruction	paper/Why_Error_Is_a_Structural_Obstruction.txt	paper/Why_Error_Is_a_Structural_Obstruction.mp3
standardgalactic/research-projects	paper	Why_the_smartest_brains_hit_pause	paper/Why_the_smartest_brains_hit_pause.txt	paper/Why_the_smartest_brains_hit_pause.mp3
standardgalactic/research-projects	persistence	Designing_a_10,000-Year_Civilization	persistence/Designing_a_10,000-Year_Civilization.txt	persistence/Designing_a_10,000-Year_Civilization.mp3
standardgalactic/research-projects	persistence	Nuestra_civilización_es_un_error_de_ingeniería	persistence/Nuestra_civilización_es_un_error_de_ingeniería.txt	persistence/Nuestra_civilización_es_un_error_de_ingeniería.mp3
standardgalactic/research-projects	processing	El_espacio-tiempo_es_una_ilusión_entrópica	processing/El_espacio-tiempo_es_una_ilusión_entrópica.txt	processing/El_espacio-tiempo_es_una_ilusión_entrópica.mp3
standardgalactic/research-projects	processing	Spacetime_Is_Frozen_Entropy	processing/Spacetime_Is_Frozen_Entropy.txt	processing/Spacetime_Is_Frozen_Entropy.mp3
standardgalactic/research-projects	unsorted	How_Holographic_Math_Makes_Data_Indestructible	unsorted/How_Holographic_Math_Makes_Data_Indestructible.txt	unsorted/How_Holographic_Math_Makes_Data_Indestructible.mp3
standardgalactic/research-projects	unsorted	How_media_formats_rewire_your_reality	unsorted/How_media_formats_rewire_your_reality.txt	unsorted/How_media_formats_rewire_your_reality.mp3
standardgalactic/research-projects	unsorted	Identity_as_a_bundle_of_possible_futures	unsorted/Identity_as_a_bundle_of_possible_futures.txt	unsorted/Identity_as_a_bundle_of_possible_futures.mp3
standardgalactic/research-projects	unsorted	Sparse_Recursion_and_Holographic_Steganography	unsorted/Sparse_Recursion_and_Holographic_Steganography.txt	unsorted/Sparse_Recursion_and_Holographic_Steganography.mp3
standardgalactic/research-projects	unsorted	The_mathematical_myth_of_AI_extinction_probabilities	unsorted/The_mathematical_myth_of_AI_extinction_probabilities.txt	unsorted/The_mathematical_myth_of_AI_extinction_probabilities.mp3
standardgalactic/research-projects	unsorted	Why_Single_Data_Coordinates_Create_Blindspots	unsorted/Why_Single_Data_Coordinates_Create_Blindspots.txt	unsorted/Why_Single_Data_Coordinates_Create_Blindspots.mp3
standardgalactic/research-projects	unsorted	Why_millions_of_people_went_silent_online	unsorted/Why_millions_of_people_went_silent_online.txt	unsorted/Why_millions_of_people_went_silent_online.mp3
standardgalactic/research-projects	unsorted	Why_shortcuts_destroy_your_ability_to_learn	unsorted/Why_shortcuts_destroy_your_ability_to_learn.txt	unsorted/Why_shortcuts_destroy_your_ability_to_learn.mp3
standardgalactic/research-projects	working	01_Universal_Laws_Govern_Motivation_Knowledge_Consciousness	working/01_Universal_Laws_Govern_Motivation_Knowledge_Consciousness.txt	working/01_Universal_Laws_Govern_Motivation_Knowledge_Consciousness.mp3
standardgalactic/research-projects	working	02_Deep_Learning_Needs_Geometric_Structure_Not_Noise	working/02_Deep_Learning_Needs_Geometric_Structure_Not_Noise.txt	working/02_Deep_Learning_Needs_Geometric_Structure_Not_Noise.mp3
standardgalactic/research-projects	working	Physical_objects_are_mathematical_constraints	working/Physical_objects_are_mathematical_constraints.txt	working/Physical_objects_are_mathematical_constraints.mp3
standardgalactic/research-projects	working	The_Physics_of_the_Capital_Order	working/The_Physics_of_the_Capital_Order.txt	working/The_Physics_of_the_Capital_Order.mp3
standardgalactic/rhetoric	.	How_tech_companies_avoid_all_responsibility	How_tech_companies_avoid_all_responsibility.txt	How_tech_companies_avoid_all_responsibility.mp3
standardgalactic/robotics	.	Amplitwists_and_the_Living_Geometry_of_Circuits	Amplitwists_and_the_Living_Geometry_of_Circuits.txt	Amplitwists_and_the_Living_Geometry_of_Circuits.mp3
standardgalactic/robotics	.	How_internal_rhythms_generate_physical_balance	How_internal_rhythms_generate_physical_balance.txt	How_internal_rhythms_generate_physical_balance.mp3
standardgalactic/rsvp-lab	.	Everything_Is_a_Slow_Moving_Verb	Everything_Is_a_Slow_Moving_Verb.txt	Everything_Is_a_Slow_Moving_Verb.mp3
standardgalactic/scriptorium	.	Formatio_idearum_per_densas_coertiones	Formatio_idearum_per_densas_coertiones.txt	Formatio_idearum_per_densas_coertiones.mp3
standardgalactic/spherepop	.	Abstraction as Reduction - audio overview	Abstraction as Reduction - audio overview.txt	Abstraction as Reduction - audio overview.mp3
standardgalactic/spherepop	.	Computation_Is_Merge_and_Collapse	Computation_Is_Merge_and_Collapse.txt	Computation_Is_Merge_and_Collapse.mp3
standardgalactic/spherepop	admissibility	How_nested_bubbles_fix_flat_math	admissibility/How_nested_bubbles_fix_flat_math.txt	admissibility/How_nested_bubbles_fix_flat_math.mp3
standardgalactic/spherepop	analysis	Forking_Time_to_Escape_the_Hostile_Interface	analysis/Forking_Time_to_Escape_the_Hostile_Interface.txt	analysis/Forking_Time_to_Escape_the_Hostile_Interface.mp3
standardgalactic/spherepop	architecture-of-meaning	El_plan_arquitectónico_contra_el_caos_de_la_IA	architecture-of-meaning/El_plan_arquitectónico_contra_el_caos_de_la_IA.txt	architecture-of-meaning/El_plan_arquitectónico_contra_el_caos_de_la_IA.mp3
standardgalactic/spherepop	architecture-of-meaning	Memory_Failure_is_Structural_by_Design	architecture-of-meaning/Memory_Failure_is_Structural_by_Design.txt	architecture-of-meaning/Memory_Failure_is_Structural_by_Design.mp3
standardgalactic/spherepop	dynamics	The_Geometry_of_Nested_Mental_Bubbles	dynamics/The_Geometry_of_Nested_Mental_Bubbles.txt	dynamics/The_Geometry_of_Nested_Mental_Bubbles.mp3
standardgalactic/spherepop	dynamics	The_physics_of_the_austerity_trap	dynamics/The_physics_of_the_austerity_trap.txt	dynamics/The_physics_of_the_austerity_trap.mp3
standardgalactic/spherepop	processing	GitHub_is_the_real_intelligence_explosion	processing/GitHub_is_the_real_intelligence_explosion.txt	processing/GitHub_is_the_real_intelligence_explosion.mp3
standardgalactic/spherepop	processing	Physics_Limits_and_Global_Consistency	processing/Physics_Limits_and_Global_Consistency.txt	processing/Physics_Limits_and_Global_Consistency.mp3
standardgalactic/spherepop	projects	Identity_is_a_History_of_Sacrifices	projects/Identity_is_a_History_of_Sacrifices.txt	projects/Identity_is_a_History_of_Sacrifices.mp3
standardgalactic/spherepop	projects	Why_Intelligence_Requires_Irreversible_Causal_History	projects/Why_Intelligence_Requires_Irreversible_Causal_History.txt	projects/Why_Intelligence_Requires_Irreversible_Causal_History.mp3
standardgalactic/spherepop	projects	You_Are_What_You_Make_Impossible	projects/You_Are_What_You_Make_Impossible.txt	projects/You_Are_What_You_Make_Impossible.mp3
standardgalactic/spherepop	research	Razonamiento_como_molécula_geodésica	research/Razonamiento_como_molécula_geodésica.txt	research/Razonamiento_como_molécula_geodésica.mp3
standardgalactic/spherepop	research	The_Physics_of_Thought	research/The_Physics_of_Thought.txt	research/The_Physics_of_Thought.mp3
standardgalactic/spherepop	textbook	How_AI_repairs_broken_physical_timelines	textbook/How_AI_repairs_broken_physical_timelines.txt	textbook/How_AI_repairs_broken_physical_timelines.mp3
standardgalactic/spherepop	textbook	How_We_Destroy_Truth_to_Get_Answers	textbook/How_We_Destroy_Truth_to_Get_Answers.txt	textbook/How_We_Destroy_Truth_to_Get_Answers.mp3
standardgalactic/spherepop	textbook	How_geometric_bubbles_replace_Boolean_logic	textbook/How_geometric_bubbles_replace_Boolean_logic.txt	textbook/How_geometric_bubbles_replace_Boolean_logic.mp3
standardgalactic/spherepop	textbook	How_objects_emerge_from_differences	textbook/How_objects_emerge_from_differences.txt	textbook/How_objects_emerge_from_differences.mp3
standardgalactic/spherepop	textbook	Memory_is_a_Wave_Not_a_Vault	textbook/Memory_is_a_Wave_Not_a_Vault.txt	textbook/Memory_is_a_Wave_Not_a_Vault.mp3
standardgalactic/spherepop	textbook	Quantum_mechanics_without_imaginary_numbers	textbook/Quantum_mechanics_without_imaginary_numbers.txt	textbook/Quantum_mechanics_without_imaginary_numbers.mp3
standardgalactic/spherepop	textbook	Reality_Is_Recoverable_Distinction	textbook/Reality_Is_Recoverable_Distinction.txt	textbook/Reality_Is_Recoverable_Distinction.mp3
standardgalactic/spherepop	textbook	Spherepop_Calculus_and_the_Trust_Singularity	textbook/Spherepop_Calculus_and_the_Trust_Singularity.txt	textbook/Spherepop_Calculus_and_the_Trust_Singularity.mp3
standardgalactic/spherepop	textbook	Spherepop_and_the_Mathematics_of_Permanent_History	textbook/Spherepop_and_the_Mathematics_of_Permanent_History.txt	textbook/Spherepop_and_the_Mathematics_of_Permanent_History.mp3
standardgalactic/spherepop	textbook	Spherepop_replaces_state_with_permanent_history	textbook/Spherepop_replaces_state_with_permanent_history.txt	textbook/Spherepop_replaces_state_with_permanent_history.mp3
standardgalactic/spherepop	textbook	The_Geometry_of_Computation_and_Memory	textbook/The_Geometry_of_Computation_and_Memory.txt	textbook/The_Geometry_of_Computation_and_Memory.mp3
standardgalactic/spherepop	textbook	The_Geometry_of_Spherepop	textbook/The_Geometry_of_Spherepop.txt	textbook/The_Geometry_of_Spherepop.mp3
standardgalactic/spherepop	textbook	The_Hidden_Algebra_of_Project_Failure	textbook/The_Hidden_Algebra_of_Project_Failure.txt	textbook/The_Hidden_Algebra_of_Project_Failure.mp3
standardgalactic/spherepop	textbook	The_brain_treats_negation_as_spatial_geometry	textbook/The_brain_treats_negation_as_spatial_geometry.txt	textbook/The_brain_treats_negation_as_spatial_geometry.mp3
standardgalactic/spherepop	textbook	Why_Perfect_Memory_Is_A_Dangerous_Liability	textbook/Why_Perfect_Memory_Is_A_Dangerous_Liability.txt	textbook/Why_Perfect_Memory_Is_A_Dangerous_Liability.mp3
standardgalactic/spherepop	textbook	Why__game_changer__won_t_catch_AI	textbook/Why__game_changer__won_t_catch_AI.txt	textbook/Why__game_changer__won_t_catch_AI.mp3
standardgalactic/spherepop	textbook	Your_messy_desk_is_an_operating_system	textbook/Your_messy_desk_is_an_operating_system.txt	textbook/Your_messy_desk_is_an_operating_system.mp3
standardgalactic/standardgalactic	Music	Your_Fingers_Are_an_Eight-Letter_Keyboard	Music/Your_Fingers_Are_an_Eight-Letter_Keyboard.txt	Music/Your_Fingers_Are_an_Eight-Letter_Keyboard.mp3
standardgalactic/standardgalactic	epistemology	How_Tech_Giants_Manufacture_Your_Credulity	epistemology/How_Tech_Giants_Manufacture_Your_Credulity.txt	epistemology/How_Tech_Giants_Manufacture_Your_Credulity.mp3
standardgalactic/standardgalactic	epistemology	The_Universe_Filters_but_Never_Optimizes	epistemology/The_Universe_Filters_but_Never_Optimizes.txt	epistemology/The_Universe_Filters_but_Never_Optimizes.mp3
standardgalactic/standardgalactic	epistemology	Why_Evolution_is_a_Mindless_Sieve	epistemology/Why_Evolution_is_a_Mindless_Sieve.txt	epistemology/Why_Evolution_is_a_Mindless_Sieve.mp3
standardgalactic/standardgalactic	epistemology	Why_Experts_Fail_Simple_Tasks	epistemology/Why_Experts_Fail_Simple_Tasks.txt	epistemology/Why_Experts_Fail_Simple_Tasks.mp3
standardgalactic/standardgalactic	interfaces	Cómo_el_diseño_parásito_sabotea_tu_mente	interfaces/Cómo_el_diseño_parásito_sabotea_tu_mente.txt	interfaces/Cómo_el_diseño_parásito_sabotea_tu_mente.mp3
standardgalactic/standardgalactic	interfaces	How_Tech_Flattens_the_Geometry_of_Thought	interfaces/How_Tech_Flattens_the_Geometry_of_Thought.txt	interfaces/How_Tech_Flattens_the_Geometry_of_Thought.mp3
standardgalactic/standardgalactic	research	The_physics_of_toxic_digital_platforms	research/The_physics_of_toxic_digital_platforms.txt	research/The_physics_of_toxic_digital_platforms.mp3
standardgalactic/standardgalactic	research	Why_Great_Ideas_Are_Mathematically_Inevitable	research/Why_Great_Ideas_Are_Mathematically_Inevitable.txt	research/Why_Great_Ideas_Are_Mathematically_Inevitable.mp3
standardgalactic/standardgalactic	research/notes	Why_Great_Ideas_Are_Mathematically_Inevitable	research/notes/Why_Great_Ideas_Are_Mathematically_Inevitable.txt	research/notes/Why_Great_Ideas_Are_Mathematically_Inevitable.mp3
standardgalactic/standardgalactic.github.io	.	Rappers-caught-flexing	Rappers-caught-flexing.txt	Rappers-caught-flexing.mp3
standardgalactic/stylometrics	.	Optimism_is_the_math_of_repair	Optimism_is_the_math_of_repair.txt	Optimism_is_the_math_of_repair.mp3
standardgalactic/stylometrics	.	Why_mathematical_models_hide_the_truth	Why_mathematical_models_hide_the_truth.txt	Why_mathematical_models_hide_the_truth.mp3
standardgalactic/supercube	.	Entropy, Geometry, and the RSVP Field	Entropy, Geometry, and the RSVP Field.txt	Entropy, Geometry, and the RSVP Field.mp3
standardgalactic/supercube	.	RSVP_ A Universal Semantic Physics Engine	RSVP_ A Universal Semantic Physics Engine.txt	RSVP_ A Universal Semantic Physics Engine.mp3
standardgalactic/supercube	analysis	Entropy, Geometry, and the RSVP Field	analysis/Entropy, Geometry, and the RSVP Field.txt	analysis/Entropy, Geometry, and the RSVP Field.mp3
standardgalactic/syllabus	.	The_Puzzle_That_Solves_Itself	The_Puzzle_That_Solves_Itself.txt	The_Puzzle_That_Solves_Itself.mp3
standardgalactic/TARTAN	.	Fixing_AI_Hallucinations_with_TARTAN	Fixing_AI_Hallucinations_with_TARTAN.txt	Fixing_AI_Hallucinations_with_TARTAN.mp3
standardgalactic/TARTAN	analysis	The_Geometry_of_Brain_Fog_and_AI	analysis/The_Geometry_of_Brain_Fog_and_AI.txt	analysis/The_Geometry_of_Brain_Fog_and_AI.mp3
standardgalactic/TARTAN	analysis	Why_Your_Subconscious_Must_Whisper_Not_Decide	analysis/Why_Your_Subconscious_Must_Whisper_Not_Decide.txt	analysis/Why_Your_Subconscious_Must_Whisper_Not_Decide.mp3
standardgalactic/TARTAN	music/analysis	The_Mathematics_of_Pouring_New_Foundations	music/analysis/The_Mathematics_of_Pouring_New_Foundations.txt	music/analysis/The_Mathematics_of_Pouring_New_Foundations.mp3
standardgalactic/TARTAN	processing	Fixing_AI_Hallucinations_with_TARTAN	processing/Fixing_AI_Hallucinations_with_TARTAN.txt	processing/Fixing_AI_Hallucinations_with_TARTAN.mp3
standardgalactic/TARTAN	processing	Replacing_messages_with_shared_worlds	processing/Replacing_messages_with_shared_worlds.txt	processing/Replacing_messages_with_shared_worlds.mp3
standardgalactic/TARTAN	processing	The-mathematical-certainty-of-AI-hallucinations	processing/The-mathematical-certainty-of-AI-hallucinations.txt	processing/The-mathematical-certainty-of-AI-hallucinations.mp3
standardgalactic/TARTAN	processing	Why-AI-Hallucinates-and-Apps-Hide-Files	processing/Why-AI-Hallucinates-and-Apps-Hide-Files.txt	processing/Why-AI-Hallucinates-and-Apps-Hide-Files.mp3
standardgalactic/textbook	.	How_Boundaries_Create_the_Objects_We_See	How_Boundaries_Create_the_Objects_We_See.txt	How_Boundaries_Create_the_Objects_We_See.mp3
standardgalactic/textbook	.	Reality_is_built_on_refusal	Reality_is_built_on_refusal.txt	Reality_is_built_on_refusal.mp3
standardgalactic/textbook	.	Reality_is_the_residue_of_refusal	Reality_is_the_residue_of_refusal.txt	Reality_is_the_residue_of_refusal.mp3
standardgalactic/textbook	.	Solid_objects_are_a_biological_illusion	Solid_objects_are_a_biological_illusion.txt	Solid_objects_are_a_biological_illusion.mp3
standardgalactic/textbook	.	Why_objects_are_just_stable_boundaries	Why_objects_are_just_stable_boundaries.txt	Why_objects_are_just_stable_boundaries.mp3
standardgalactic/throwback	essays	How_Systems_Survive_Through_Constant_Repair	essays/How_Systems_Survive_Through_Constant_Repair.txt	essays/How_Systems_Survive_Through_Constant_Repair.mp3
standardgalactic/throwback	essays	How_systems_survive_through_repair_and_continuation	essays/How_systems_survive_through_repair_and_continuation.txt	essays/How_systems_survive_through_repair_and_continuation.mp3
standardgalactic/userland	.	How_amnesiac_AI_agents_shared_a_memory	How_amnesiac_AI_agents_shared_a_memory.txt	How_amnesiac_AI_agents_shared_a_memory.mp3
standardgalactic/userland	.	Nietzsche_and_the_Genealogy_of_Artificial_Reason	Nietzsche_and_the_Genealogy_of_Artificial_Reason.txt	Nietzsche_and_the_Genealogy_of_Artificial_Reason.mp3
standardgalactic/userland	.	Why_AI_worlds_forget_their_past	Why_AI_worlds_forget_their_past.txt	Why_AI_worlds_forget_their_past.mp3
standardgalactic/userland	.	Why_Virtual_Worlds_Need_A_History	Why_Virtual_Worlds_Need_A_History.txt	Why_Virtual_Worlds_Need_A_History.mp3
standardgalactic/userland	.	Why_Your_Reality_is_a_Fragile_Ceasefire	Why_Your_Reality_is_a_Fragile_Ceasefire.txt	Why_Your_Reality_is_a_Fragile_Ceasefire.mp3
standardgalactic/userland	.	Why_innovation_relies_on_stigmergic_berms	Why_innovation_relies_on_stigmergic_berms.txt	Why_innovation_relies_on_stigmergic_berms.mp3
standardgalactic/userspace	futurism	How_AI_breaks_the_capitalist_engine	futurism/How_AI_breaks_the_capitalist_engine.txt	futurism/How_AI_breaks_the_capitalist_engine.mp3
standardgalactic/workspace	.	01_Universal_Laws_Govern_Motivation_Knowledge_Consciousness	01_Universal_Laws_Govern_Motivation_Knowledge_Consciousness.txt	01_Universal_Laws_Govern_Motivation_Knowledge_Consciousness.mp3
standardgalactic/workspace	.	02_Deep_Learning_Needs_Geometric_Structure_Not_Noise	02_Deep_Learning_Needs_Geometric_Structure_Not_Noise.txt	02_Deep_Learning_Needs_Geometric_Structure_Not_Noise.mp3
standardgalactic/workspace	.	03_SGDM_Is_MAGI_s_Geometry-Free_Limit	03_SGDM_Is_MAGI_s_Geometry-Free_Limit.txt	03_SGDM_Is_MAGI_s_Geometry-Free_Limit.mp3
standardgalactic/workspace	.	Replacing_The_Big_Bang_With_Scalar_Irruption	Replacing_The_Big_Bang_With_Scalar_Irruption.txt	Replacing_The_Big_Bang_With_Scalar_Irruption.mp3
standardgalactic/workspace	.	Scalar_Irruption_in_a_Static_Universe	Scalar_Irruption_in_a_Static_Universe.txt	Scalar_Irruption_in_a_Static_Universe.mp3
standardgalactic/workspace	.	Scalar_Irruption_in_a_Static_Universe_-_Debate	Scalar_Irruption_in_a_Static_Universe_-_Debate.txt	Scalar_Irruption_in_a_Static_Universe_-_Debate.mp3
standardgalactic/workspace	biology	Building_the_neocortex_without_a_blueprint	biology/Building_the_neocortex_without_a_blueprint.txt	biology/Building_the_neocortex_without_a_blueprint.mp3
standardgalactic/workspace	cosmology	The_Uncorrupted_Cosmic_Fossil	cosmology/The_Uncorrupted_Cosmic_Fossil.txt	cosmology/The_Uncorrupted_Cosmic_Fossil.mp3
standardgalactic/workspace	cosmology/draft	A_Pristine_Fossil_Galaxy	cosmology/draft/A_Pristine_Fossil_Galaxy.txt	cosmology/draft/A_Pristine_Fossil_Galaxy.mp3
standardgalactic/workspace	cosmology/draft	Information_Theory_Frameworks_for_Astrophysics	cosmology/draft/Information_Theory_Frameworks_for_Astrophysics.txt	cosmology/draft/Information_Theory_Frameworks_for_Astrophysics.mp3
standardgalactic/workspace	cosmology/draft	Pristine_Cosmic_Blueprints_the_Early_Universe	cosmology/draft/Pristine_Cosmic_Blueprints_the_Early_Universe.txt	cosmology/draft/Pristine_Cosmic_Blueprints_the_Early_Universe.mp3
standardgalactic/workspace	processing	How_Systems_Survive_through_Structured_Return	processing/How_Systems_Survive_through_Structured_Return.txt	processing/How_Systems_Survive_through_Structured_Return.mp3
standardgalactic/workspace	processing	La_estabilidad_es_un_logro_dinámico	processing/La_estabilidad_es_un_logro_dinámico.txt	processing/La_estabilidad_es_un_logro_dinámico.mp3
standardgalactic/workspace	processing	Persistence_as_return_under_constraint	processing/Persistence_as_return_under_constraint.txt	processing/Persistence_as_return_under_constraint.mp3
standardgalactic/workspace	processing	لماذا_يستقر_اللهب_وينهار_الحجر	processing/لماذا_يستقر_اللهب_وينهار_الحجر.txt	processing/لماذا_يستقر_اللهب_وينهار_الحجر.mp3
standardgalactic/yarncrawler	.	La_conciencia_requiere_una_pérdida_irreversible	La_conciencia_requiere_una_pérdida_irreversible.txt	La_conciencia_requiere_una_pérdida_irreversible.mp3
standardgalactic/yarncrawler	.	The_Physics_of_Irreversible_Minds	The_Physics_of_Irreversible_Minds.txt	The_Physics_of_Irreversible_Minds.mp3
standardgalactic/yarncrawler	introduction	How_Yarncrawler_reconstructs_reality_with_physics	introduction/How_Yarncrawler_reconstructs_reality_with_physics.txt	introduction/How_Yarncrawler_reconstructs_reality_with_physics.mp3
standardgalactic/yarncrawler	working	Why_finishing_is_a_phase_transition	working/Why_finishing_is_a_phase_transition.txt	working/Why_finishing_is_a_phase_transition.mp3
