untitled-document	8b-is/8b-public-documents	framework/ortyx-project/main.tex		book	495	9af65daa39ebc38ff23d986bc0badf40eea6a1274497c24f3c81920c5c06d3e8	https://github.com/8b-is/8b-public-documents/blob/78286d3febef167ab9df11e0aa329a1827f405f4/framework/ortyx-project/main.tex	documentclass present but no title found
fragment	8b-is/8b-public-documents	sparse-representations/monograph/frontmatter/titlepage.tex			29	bc461917d697e7e1fbf6ccf56e05c28f7d2222bb4a46c447f773ae7995c2faa7	https://github.com/8b-is/8b-public-documents/blob/78286d3febef167ab9df11e0aa329a1827f405f4/sparse-representations/monograph/frontmatter/titlepage.tex	no title and no documentclass
fragment	8b-is/8b-public-documents	sparse-representations/monograph/frontmatter/prefatory.tex			279	1b2a0d3b853248b26c2ddf4b35c7277c97a7401c3a962c8ce274d7ad71a32e70	https://github.com/8b-is/8b-public-documents/blob/78286d3febef167ab9df11e0aa329a1827f405f4/sparse-representations/monograph/frontmatter/prefatory.tex	no title and no documentclass
untitled-document	8b-is/8b-public-documents	sparse-representations/monograph/main.tex		book	292	2e9ba32412ccaf98f6b1fbc1e229f228a17cfd5e9bea43fc137c74dfcf96b4e9	https://github.com/8b-is/8b-public-documents/blob/78286d3febef167ab9df11e0aa329a1827f405f4/sparse-representations/monograph/main.tex	documentclass present but no title found
standalone	8b-is/8b-public-documents	semantic_state.tex	The Semantic State: MEMNET, Institutional Routing, and the Governance of Meaning	article	29173	a18e3fa3a83d48358ed1fdbc3e4d990a190d88c185480020a7241f60954c4cba	https://github.com/8b-is/8b-public-documents/blob/78286d3febef167ab9df11e0aa329a1827f405f4/semantic_state.tex	
fragment	8b-is/8b-public-documents	framework/ortyx-project/preamble/packages.tex			120	19101e4ea2b85e10d119166c5b8c5b2d874f436f4a0c5a7eae63e1990a293ef5	https://github.com/8b-is/8b-public-documents/blob/78286d3febef167ab9df11e0aa329a1827f405f4/framework/ortyx-project/preamble/packages.tex	no title and no documentclass
draft	8b-is/8b-public-documents	working/kes-cheatsheet.tex		article	1635	6c8f635933d2c14f22c55fe0bf7395df958fe2a3f0386ca3059769b0be99edf0	https://github.com/8b-is/8b-public-documents/blob/78286d3febef167ab9df11e0aa329a1827f405f4/working/kes-cheatsheet.tex	draft/placeholder language or path
draft	8b-is/8b-public-documents	working/gesture_review.tex	From Classifier to Inverse Engine: Gesture Recognition as Latent Embodied Semantic Reconstruction	article	17567	44dde57dab6840eb21b4f0eabb6e05bd9e6eb17031430581e53545af8e33bed5	https://github.com/8b-is/8b-public-documents/blob/78286d3febef167ab9df11e0aa329a1827f405f4/working/gesture_review.tex	draft/placeholder language or path
draft	8b-is/8b-public-documents	cinematic-reconstruction.tex	Cinematic Reconstruction [4pt] A Framework for Video Generation, Compression, and Diagnosis via Persistent World State	article	23261	0be05022f60fe950f920042d1bc7a53af033a5a30581795014dbbff910ef4f64	https://github.com/8b-is/8b-public-documents/blob/78286d3febef167ab9df11e0aa329a1827f405f4/cinematic-reconstruction.tex	draft/placeholder language or path
draft	8b-is/8b-public-documents	working/silicon_cartography.tex	Silicon Cartography Constraint-First Programming for Spatial Chips	article	11804	02eecafcf071b65beab053c5e128fe8d00cf2f564d6cf645ff8c21de9786d9c0	https://github.com/8b-is/8b-public-documents/blob/78286d3febef167ab9df11e0aa329a1827f405f4/working/silicon_cartography.tex	draft/placeholder language or path
chapter	8b-is/8b-public-documents	framework/ortyx-project/parts/part3/ch14.tex			1651	244f828fd9f623aeba6f1ac61cd231ecb397c9d4236fca0144cb88a2cc43a37c	https://github.com/8b-is/8b-public-documents/blob/78286d3febef167ab9df11e0aa329a1827f405f4/framework/ortyx-project/parts/part3/ch14.tex	chapter/section path or fragment without document title
standalone	8b-is/8b-public-documents	processing/semantic_state.tex	The Semantic State: MEMNET, Institutional Routing, and the Governance of Meaning	article	29173	a18e3fa3a83d48358ed1fdbc3e4d990a190d88c185480020a7241f60954c4cba	https://github.com/8b-is/8b-public-documents/blob/78286d3febef167ab9df11e0aa329a1827f405f4/processing/semantic_state.tex	
fragment	8b-is/8b-public-documents	framework/ortyx-project/frontmatter/preface.tex			1662	5c3223e79941f9cbd07d1cbbd679fde4d15c12f94ec9d477ecc19a89f2a80de0	https://github.com/8b-is/8b-public-documents/blob/78286d3febef167ab9df11e0aa329a1827f405f4/framework/ortyx-project/frontmatter/preface.tex	no title and no documentclass
draft	8b-is/8b-public-documents	working/formalism-interface.tex		article	6791	79a10238f961a4b04de25101d78f71b8ffaa5ae997e69551bfaf2e83dd3a5bbd	https://github.com/8b-is/8b-public-documents/blob/78286d3febef167ab9df11e0aa329a1827f405f4/working/formalism-interface.tex	draft/placeholder language or path
draft	8b-is/8b-public-documents	working/propagative_reality.tex	Process, Projection, and Propagative Reality: Whiteheadian Occasions, RSVP Fields, and the Geometry of Recursive Stabilization	article	8461	558286b3315d72b410303cbd6bc3ac923bf5e897556bc6e2dbf4e68c672e5e71	https://github.com/8b-is/8b-public-documents/blob/78286d3febef167ab9df11e0aa329a1827f405f4/working/propagative_reality.tex	draft/placeholder language or path
chapter	8b-is/8b-public-documents	framework/ortyx-project/parts/part4/ch16.tex			991	15d9606d036fac60f648cf120adc378ac1231d72a31923960de20474ce5c1e8f	https://github.com/8b-is/8b-public-documents/blob/78286d3febef167ab9df11e0aa329a1827f405f4/framework/ortyx-project/parts/part4/ch16.tex	chapter/section path or fragment without document title
chapter	8b-is/8b-public-documents	framework/ortyx-project/parts/part3/ch15.tex			989	5fe3b668529e8a520a218d2526a8ceaff43e071232962453fb4bec51c11529ad	https://github.com/8b-is/8b-public-documents/blob/78286d3febef167ab9df11e0aa329a1827f405f4/framework/ortyx-project/parts/part3/ch15.tex	chapter/section path or fragment without document title
untitled-document	8b-is/8b-public-documents	framework/phoenix_preregistration.tex		article	7557	21cb9827eebc0d161c0c83d32a4a4716d5d03eb76b0f27ca3e4fd48e80b9642f	https://github.com/8b-is/8b-public-documents/blob/78286d3febef167ab9df11e0aa329a1827f405f4/framework/phoenix_preregistration.tex	documentclass present but no title found
chapter	8b-is/8b-public-documents	framework/ortyx-project/parts/part5/ch23.tex			1168	95896ad11bddacb888ddd1e9606a0aba9b66b678770978517eba7addf2c6f2d0	https://github.com/8b-is/8b-public-documents/blob/78286d3febef167ab9df11e0aa329a1827f405f4/framework/ortyx-project/parts/part5/ch23.tex	chapter/section path or fragment without document title
chapter	8b-is/8b-public-documents	framework/ortyx-project/parts/part4/ch18.tex			1246	9d46d2dde3c7e7c5eefd291a82cd6e063577a882a4761b3e77a061e7adbb12e5	https://github.com/8b-is/8b-public-documents/blob/78286d3febef167ab9df11e0aa329a1827f405f4/framework/ortyx-project/parts/part4/ch18.tex	chapter/section path or fragment without document title
chapter	8b-is/8b-public-documents	framework/ortyx-project/parts/part4/ch20.tex			1210	dd0887247dd07cab07b55b58c33a2ddd3bdebd7e094a0ae9e75ae24bb6fbbbb1	https://github.com/8b-is/8b-public-documents/blob/78286d3febef167ab9df11e0aa329a1827f405f4/framework/ortyx-project/parts/part4/ch20.tex	chapter/section path or fragment without document title
chapter	8b-is/8b-public-documents	framework/ortyx-project/parts/part4/ch17.tex			1315	d219041e899580f5cff9105fcff44e957f8adb09cd7ab61786006049eca5448e	https://github.com/8b-is/8b-public-documents/blob/78286d3febef167ab9df11e0aa329a1827f405f4/framework/ortyx-project/parts/part4/ch17.tex	chapter/section path or fragment without document title
chapter	8b-is/8b-public-documents	framework/ortyx-project/parts/part5/ch21.tex			1419	4c5dd06994206af40b13264c4bd04f30aba6a576bbe19101a475b14436f73995	https://github.com/8b-is/8b-public-documents/blob/78286d3febef167ab9df11e0aa329a1827f405f4/framework/ortyx-project/parts/part5/ch21.tex	chapter/section path or fragment without document title
untitled-document	8b-is/8b-public-documents	framework/admissibility_principle.tex		article	20076	db3ac7a49e48da828b8f4849de8ef83d38741c85715e74dd44fd648bd9e8996f	https://github.com/8b-is/8b-public-documents/blob/78286d3febef167ab9df11e0aa329a1827f405f4/framework/admissibility_principle.tex	documentclass present but no title found
chapter	8b-is/8b-public-documents	framework/ortyx-project/parts/part1/ch03.tex			1703	1bb07b9ea31b22e3997cd5d88769c144ebe69d72c9a913a84d71419fa52e9a4f	https://github.com/8b-is/8b-public-documents/blob/78286d3febef167ab9df11e0aa329a1827f405f4/framework/ortyx-project/parts/part1/ch03.tex	chapter/section path or fragment without document title
chapter	8b-is/8b-public-documents	framework/ortyx-project/parts/part5/ch22.tex			1768	799c59293383d6a87c7031e5b7a174b471f089c0565ba2a7cf136f60beb83b74	https://github.com/8b-is/8b-public-documents/blob/78286d3febef167ab9df11e0aa329a1827f405f4/framework/ortyx-project/parts/part5/ch22.tex	chapter/section path or fragment without document title
chapter	8b-is/8b-public-documents	framework/ortyx-project/parts/part3/ch13.tex			1681	1b76c9b13ad859e5716ed90dd3a26b3c95122193c580992625c8f36ff7f2f956	https://github.com/8b-is/8b-public-documents/blob/78286d3febef167ab9df11e0aa329a1827f405f4/framework/ortyx-project/parts/part3/ch13.tex	chapter/section path or fragment without document title
chapter	8b-is/8b-public-documents	framework/ortyx-project/parts/part2/ch09.tex			1962	333899c5691cfcee0c395df2b63e595348dea794487f3488874d8272c484d220	https://github.com/8b-is/8b-public-documents/blob/78286d3febef167ab9df11e0aa329a1827f405f4/framework/ortyx-project/parts/part2/ch09.tex	chapter/section path or fragment without document title
chapter	8b-is/8b-public-documents	framework/ortyx-project/parts/part2/ch08.tex			1975	cd74adc328b29fc6f4825bb55155ade579a3802f1dd11d8256812ac62bd7a372	https://github.com/8b-is/8b-public-documents/blob/78286d3febef167ab9df11e0aa329a1827f405f4/framework/ortyx-project/parts/part2/ch08.tex	chapter/section path or fragment without document title
chapter	8b-is/8b-public-documents	framework/ortyx-project/parts/part3/ch12.tex			1889	26bebe36413471e5002d1a3c10b58b460e630cb71a6ae8571e3c9652250996a6	https://github.com/8b-is/8b-public-documents/blob/78286d3febef167ab9df11e0aa329a1827f405f4/framework/ortyx-project/parts/part3/ch12.tex	chapter/section path or fragment without document title
chapter	8b-is/8b-public-documents	framework/ortyx-project/parts/part2/ch07.tex			2213	88f2feaf9b10e6502e5c3d36f493729d19ced3f8e748080d06cd5a4cee633c39	https://github.com/8b-is/8b-public-documents/blob/78286d3febef167ab9df11e0aa329a1827f405f4/framework/ortyx-project/parts/part2/ch07.tex	chapter/section path or fragment without document title
chapter	8b-is/8b-public-documents	framework/ortyx-project/parts/part1/ch05.tex			2431	f95dae1512990a011973546605185e95b993850ddcba69c8edf0d347d928984c	https://github.com/8b-is/8b-public-documents/blob/78286d3febef167ab9df11e0aa329a1827f405f4/framework/ortyx-project/parts/part1/ch05.tex	chapter/section path or fragment without document title
chapter	8b-is/8b-public-documents	framework/ortyx-project/parts/part2/ch06.tex			2756	084c3d75ee674336e34e53c8ddaa9238512bf5f070ef7f43873e1bd0934404a5	https://github.com/8b-is/8b-public-documents/blob/78286d3febef167ab9df11e0aa329a1827f405f4/framework/ortyx-project/parts/part2/ch06.tex	chapter/section path or fragment without document title
chapter	8b-is/8b-public-documents	framework/ortyx-project/parts/part3/ch11.tex			2459	75cb84857860ff651e7909ab7abff63bdd55df8c51b881e0d0c30b00e712efde	https://github.com/8b-is/8b-public-documents/blob/78286d3febef167ab9df11e0aa329a1827f405f4/framework/ortyx-project/parts/part3/ch11.tex	chapter/section path or fragment without document title
chapter	8b-is/8b-public-documents	framework/ortyx-project/parts/part5/ch24.tex			2770	d1f0807dbe46dc31e9d04f2f5b78171b31c22cb8c6190072381b27c7904cc33d	https://github.com/8b-is/8b-public-documents/blob/78286d3febef167ab9df11e0aa329a1827f405f4/framework/ortyx-project/parts/part5/ch24.tex	chapter/section path or fragment without document title
chapter	8b-is/8b-public-documents	framework/ortyx-project/parts/part1/ch02.tex			2972	95d5cb5c3f2fc4e401940f175f896fd671d28d6295f1f5ff66e349fbfe2f3b5c	https://github.com/8b-is/8b-public-documents/blob/78286d3febef167ab9df11e0aa329a1827f405f4/framework/ortyx-project/parts/part1/ch02.tex	chapter/section path or fragment without document title
chapter	8b-is/8b-public-documents	framework/ortyx-project/parts/part1/ch04.tex			3013	6f017c2347203a2a297306d68d1d684697bbc163fd2788860b8c0f33cdd17080	https://github.com/8b-is/8b-public-documents/blob/78286d3febef167ab9df11e0aa329a1827f405f4/framework/ortyx-project/parts/part1/ch04.tex	chapter/section path or fragment without document title
chapter	8b-is/8b-public-documents	framework/ortyx-project/parts/part1/ch01.tex			3385	135e80490a4097812942b07a36c5570e6a0852f320d115331767ec8d1b222d26	https://github.com/8b-is/8b-public-documents/blob/78286d3febef167ab9df11e0aa329a1827f405f4/framework/ortyx-project/parts/part1/ch01.tex	chapter/section path or fragment without document title
chapter	8b-is/8b-public-documents	framework/ortyx-project/parts/part4/ch19.tex			3613	107fff72b21ae23e2d5d39a0c0e15094ec671d24d82e626e2daafea74424ece9	https://github.com/8b-is/8b-public-documents/blob/78286d3febef167ab9df11e0aa329a1827f405f4/framework/ortyx-project/parts/part4/ch19.tex	chapter/section path or fragment without document title
fragment	8b-is/8b-public-documents	sparse-representations/monograph/frontmatter/methodological.tex			800	478b2480f35057d3cf2cfc7f5105d4e65c82d869618fb14ea98210e7e5d2f2cc	https://github.com/8b-is/8b-public-documents/blob/78286d3febef167ab9df11e0aa329a1827f405f4/sparse-representations/monograph/frontmatter/methodological.tex	no title and no documentclass
chapter	8b-is/8b-public-documents	sparse-representations/monograph/chapters/ch01_distributed_manifold.tex			1295	0f85387574fecf310f4d1e29f06739b5b877d6a872152e42b7ab0eecb8e903c1	https://github.com/8b-is/8b-public-documents/blob/78286d3febef167ab9df11e0aa329a1827f405f4/sparse-representations/monograph/chapters/ch01_distributed_manifold.tex	chapter/section path or fragment without document title
standalone	8b-is/claimshift	verification-inheritance-transformation.tex	Verification Inheritance Under Transformation Robust Commitments, Claim Correspondence, and Epistemic Validity in Mathematical Documents	article	3348	4e742b3f5e8d5810fb999e7c95900c308e4113c74fc28f9515a7da3548af4b55	https://github.com/8b-is/claimshift/blob/98b0b84d0435c58ac9ffb2b3c5f261cabd80df34/verification-inheritance-transformation.tex	
standalone	8b-is/claimshift	manifest-protocol-verification-inheritance.tex	A Manifest Protocol for Verification Inheritance Locators, Claim Graphs, and Policy-Qualified Trust for Transformed Scholarly Artifacts	article	3695	59d8537148cf3eae709169d8c8d4cd99b3b66dd7570fb8df8d36f799a661628c	https://github.com/8b-is/claimshift/blob/98b0b84d0435c58ac9ffb2b3c5f261cabd80df34/manifest-protocol-verification-inheritance.tex	
standalone	8b-is/claimshift	processing/verification-inheritance-transformation.tex	Verification Inheritance Under Transformation Robust Commitments, Claim Correspondence, and Epistemic Validity in Mathematical Documents	article	3348	4e742b3f5e8d5810fb999e7c95900c308e4113c74fc28f9515a7da3548af4b55	https://github.com/8b-is/claimshift/blob/98b0b84d0435c58ac9ffb2b3c5f261cabd80df34/processing/verification-inheritance-transformation.tex	
standalone	8b-is/claimshift	processing/manifest-protocol-verification-inheritance.tex	A Manifest Protocol for Verification Inheritance Locators, Claim Graphs, and Policy-Qualified Trust for Transformed Scholarly Artifacts	article	3695	59d8537148cf3eae709169d8c8d4cd99b3b66dd7570fb8df8d36f799a661628c	https://github.com/8b-is/claimshift/blob/98b0b84d0435c58ac9ffb2b3c5f261cabd80df34/processing/manifest-protocol-verification-inheritance.tex	
standalone	peterlodri-sec/vim-philosophy	essays/thinking-in-vim/main.tex	Thinking in Vim [0.3em] A Structural Reference to Modal Editing	book	101	ea98b26e5948ffa38902fc9495b4b62ba8350b7c1305423d179892313791aed3	https://github.com/peterlodri-sec/vim-philosophy/blob/2721d895756cae3d73b7608c7eba407bb1867035/essays/thinking-in-vim/main.tex	
draft	peterlodri-sec/vim-philosophy	papers/beyond-optimal-foraging/beyond-optimal-foraging.tex	Beyond Optimal Foraging	article	12	042ab1f88622095c79649fa0ef0345969beffa05771d5640a57b5e98381f9b3a	https://github.com/peterlodri-sec/vim-philosophy/blob/2721d895756cae3d73b7608c7eba407bb1867035/papers/beyond-optimal-foraging/beyond-optimal-foraging.tex	draft/placeholder language or path
standalone	peterlodri-sec/vim-philosophy	beyond-optimal-foraging.tex	Beyond Optimal Foraging: Representation Repair and the Structural Consequences of AI-Augmented Research	article	6125	bb2d8592e64a9458fa62b224740fb521da5ed510181e182d3a13ae7c7345dd5b	https://github.com/peterlodri-sec/vim-philosophy/blob/2721d895756cae3d73b7608c7eba407bb1867035/beyond-optimal-foraging.tex	
draft	peterlodri-sec/vim-philosophy	building-forth.tex	Building Forth from Spherepop Primitives: Stacks, Continuations, and Recursive Control	article	3305	e9332a19f8c122999bcbd7998145bc1440db4e6b6f529bce18a47c54c87117f1	https://github.com/peterlodri-sec/vim-philosophy/blob/2721d895756cae3d73b7608c7eba407bb1867035/building-forth.tex	draft/placeholder language or path
standalone	peterlodri-sec/vim-philosophy	essays/modal-editing.tex	Modal Editing: Compositional Constraint in Text Interaction	article	13551	d1dd636aa914d5531265e124f915e6b746806aaafdb9d20af363991353988efe	https://github.com/peterlodri-sec/vim-philosophy/blob/2721d895756cae3d73b7608c7eba407bb1867035/essays/modal-editing.tex	
standalone	standardgalactic/abraxas	projects/article.tex	Xylomorphic Computation and Thermodynamic Infrastructure	article	4618	0c146e86ab4a320ea45a8e1ad14add5cdde86e2bd5a4d7f6e13e854b2e0e17d4	https://github.com/standardgalactic/abraxas/blob/99f1f3586c02bc5f59530f05b5557c1dcb99c816/projects/article.tex	
standalone	standardgalactic/alphabet	roadmap/flyxion_briefing.tex	% Process, Distinction, and Reachability [0.6em] A Comprehensive Briefing on the Flyxion Research Program [0.3em] Covering RSVP, Admissibility, Distinguishability Geometry, Repair Theory, CPR, and the Broader Software and Creative Ecosystem	book	19089	ca5b22c93e8e8bd84782f3b0f8198d7d7c94cd575ad842e079fbf39498e6eaa6	https://github.com/standardgalactic/alphabet/blob/af2072aca89d8e52ad08478d71538936e5948cfc/roadmap/flyxion_briefing.tex	
chapter	standardgalactic/alphabet	soup/book-latex-source/parts/priest-flyxion-correspondence-ledger.tex			2805	97a81cda72c2b16bb186331f615c1808d56e6f8d7782984d43e700b1a51a2d4b	https://github.com/standardgalactic/alphabet/blob/af2072aca89d8e52ad08478d71538936e5948cfc/soup/book-latex-source/parts/priest-flyxion-correspondence-ledger.tex	chapter/section path or fragment without document title
fragment	standardgalactic/alphabet	cosmology/front/titlepage.tex			21	1baa40cd5dbca5eebd9c2e570a3cb893d3df097787254728d5bfec0fb725a5ec	https://github.com/standardgalactic/alphabet/blob/af2072aca89d8e52ad08478d71538936e5948cfc/cosmology/front/titlepage.tex	no title and no documentclass
standalone	standardgalactic/alphabet	soup/book-latex-source/main.tex	Contradiction and Continuation: [0.3em] A Constraint-Theoretic Derivation of Non-Classical Logic	book	195	da9b7721995107628ff4fb17dd0b1c5179275545c51b69debd7dc24cd371d299	https://github.com/standardgalactic/alphabet/blob/af2072aca89d8e52ad08478d71538936e5948cfc/soup/book-latex-source/main.tex	
standalone	standardgalactic/alphabet	axioms.tex	Axioms for a Falling Universe: The Uniqueness of the RSVP Lagrangian and the Emergence of Einstein Gravity from Entropic Flow	article	947	331dd0615d2fe76b7b2a0462089a5479252b8b0da51bc47df62360c210eddafb	https://github.com/standardgalactic/alphabet/blob/af2072aca89d8e52ad08478d71538936e5948cfc/axioms.tex	
untitled-document	standardgalactic/alphabet	cosmology/main.tex		book	93	6892a69b6839637fdff2511b73fb05905b6aa2e51e03659aff81c93e4e319e6a	https://github.com/standardgalactic/alphabet/blob/af2072aca89d8e52ad08478d71538936e5948cfc/cosmology/main.tex	documentclass present but no title found
standalone	standardgalactic/alphabet	projects/axioms.tex	Axioms for a Falling Universe: The Uniqueness of the RSVP Lagrangian and the Emergence of Einstein Gravity from Entropic Flow	article	947	331dd0615d2fe76b7b2a0462089a5479252b8b0da51bc47df62360c210eddafb	https://github.com/standardgalactic/alphabet/blob/af2072aca89d8e52ad08478d71538936e5948cfc/projects/axioms.tex	
citation-only	standardgalactic/alphabet	projects/entropic-redshift.tex	Redshift and the RSVP Stack: A Unified Field Ontology for Cosmology, Cognition, and Institutions	article	858	76a56c4fa28ca706585925c8ae756bf2de6cb66234ec88300af0e11672028979	https://github.com/standardgalactic/alphabet/blob/af2072aca89d8e52ad08478d71538936e5948cfc/projects/entropic-redshift.tex	name appears in citation but not author field
standalone	standardgalactic/alphabet	example/geometry-of-boredom.tex	The Geometry of Boredom [4pt] Compression Progress and the Conditions of Sustained Attention	article	2084	a0a49ac55cc131a0118e191e7f75e10529bf0a91dd0d0ee0a84900b522bdcff6	https://github.com/standardgalactic/alphabet/blob/af2072aca89d8e52ad08478d71538936e5948cfc/example/geometry-of-boredom.tex	
untitled-document	standardgalactic/alphabet	screenplay/the_fixed_point/main.tex		book	224	af741c9f392b9fd47a8ed60dfa90cb08a0624e17056de43172d34f4d43ecd6b9	https://github.com/standardgalactic/alphabet/blob/af2072aca89d8e52ad08478d71538936e5948cfc/screenplay/the_fixed_point/main.tex	documentclass present but no title found
fragment	standardgalactic/alphabet	cosmology/front/preface.tex			615	6d7ebdeb7cf69ff793bdc56ee281f446f80d8e13958bb831449173c8d8e832e5	https://github.com/standardgalactic/alphabet/blob/af2072aca89d8e52ad08478d71538936e5948cfc/cosmology/front/preface.tex	no title and no documentclass
standalone	standardgalactic/alphabet	manuscripts/operator-ecology/essay.tex	Operator Ecology: Linking RSVP, Simulated Agency, and Semantic Infrastructure	article	2215	4234d238861d31f6bf66d39c44633c781d8794d502f01699a426f570b932ab44	https://github.com/standardgalactic/alphabet/blob/af2072aca89d8e52ad08478d71538936e5948cfc/manuscripts/operator-ecology/essay.tex	
untitled-document	standardgalactic/alphabet	de-architectura.tex		memoir	5166	b671b6f8919a4b3c8cb17761968f81da9ecc75fe6308e9f868fa976e0cf58f9e	https://github.com/standardgalactic/alphabet/blob/af2072aca89d8e52ad08478d71538936e5948cfc/de-architectura.tex	documentclass present but no title found
citation-only	standardgalactic/alphabet	projects/entropic-redshift-supplement.tex	Material: Entropic Redshift and the RSVP Stack	article	620	8aa016e4d7ddcbac79715ce0ac3db556285941a622d4e86bda0d785f96ab90ee	https://github.com/standardgalactic/alphabet/blob/af2072aca89d8e52ad08478d71538936e5948cfc/projects/entropic-redshift-supplement.tex	name appears in citation but not author field
untitled-document	standardgalactic/alphabet	de-architechtura.tex		memoir	5172	4c790176ad9b4166c753df2b919be0035e70f5f0fe01ca9053783b56dd6ff43f	https://github.com/standardgalactic/alphabet/blob/af2072aca89d8e52ad08478d71538936e5948cfc/de-architechtura.tex	documentclass present but no title found
standalone	standardgalactic/alphabet	Scalar-Extraction.tex	Scalar Extraction in Platform Capitalism: A Field-Theoretic, Economic, and Algorithmic Theory of Extractive Social Networks and Their Non-Extractive Redesign	article	2609	30aeaffdbd7fb4323a5da4af1c4ec4691d26bc4bc0b6268e8757b245fdfe647d	https://github.com/standardgalactic/alphabet/blob/af2072aca89d8e52ad08478d71538936e5948cfc/Scalar-Extraction.tex	
standalone	standardgalactic/alphabet	SITH Theory.tex	Substrate Independent Thinking Hypothesis (SITH): Life, Meaning, and the Autocatalytic Closure of Information	article	10305	dcc0dc90bc488da13fb168c8ab29dfaf701c0ad3ef50b589eea3b9c9acbfc3a7	https://github.com/standardgalactic/alphabet/blob/af2072aca89d8e52ad08478d71538936e5948cfc/SITH Theory.tex	
draft	standardgalactic/alphabet	Flower Wars.tex		article	12084	f62f0448dc287387c6df74fe38e5c13cc5c6612c0d59e2141ee9a866c54aea1b	https://github.com/standardgalactic/alphabet/blob/af2072aca89d8e52ad08478d71538936e5948cfc/Flower Wars.tex	draft/placeholder language or path
standalone	standardgalactic/alphabet	example/against-eventless-ontology.tex	Against Eventless Ontology [4pt] Two Failures of State-Sufficiency	article	2390	d15788e56f591920560a8d2edab8768db792bafaaa2ce973264a83016a1e06d1	https://github.com/standardgalactic/alphabet/blob/af2072aca89d8e52ad08478d71538936e5948cfc/example/against-eventless-ontology.tex	
untitled-document	standardgalactic/alphabet	roadmap/collected-works.tex		book	10923	1ff042577c6ab1426fcf3fbd0be38d5f0e47f84627db231bb6ea28ad1bd808f4	https://github.com/standardgalactic/alphabet/blob/af2072aca89d8e52ad08478d71538936e5948cfc/roadmap/collected-works.tex	documentclass present but no title found
standalone	standardgalactic/alphabet	example/compression-of-expertise.tex	The Compression of Expertise	article	2024	7a4c287b95eca028ad5cb16712e3008141cfbd18bbd6249f5a5efd1356a03c2d	https://github.com/standardgalactic/alphabet/blob/af2072aca89d8e52ad08478d71538936e5948cfc/example/compression-of-expertise.tex	
draft	standardgalactic/alphabet	screenplay/the_fixed_point/backmatter/note.tex			507	d3a011a011e9bef93776c22d32447444ad8ce6e6780195945aff2877481b3e1a	https://github.com/standardgalactic/alphabet/blob/af2072aca89d8e52ad08478d71538936e5948cfc/screenplay/the_fixed_point/backmatter/note.tex	draft/placeholder language or path
draft	standardgalactic/alphabet	The Incoherence.tex		article	4408	90a7fc6b7add532d116e2829c61cbf8528cabfbad56a2f0a31ec51392f1c2bac	https://github.com/standardgalactic/alphabet/blob/af2072aca89d8e52ad08478d71538936e5948cfc/The Incoherence.tex	draft/placeholder language or path
standalone	standardgalactic/alphabet	essay/monograph.tex	Mind at Work: Detecting Agency through Assembly and Action	article	4208	985e003fb374f5037224cce3f2766353a13aab5eb4c258490b86f9663ebf9154	https://github.com/standardgalactic/alphabet/blob/af2072aca89d8e52ad08478d71538936e5948cfc/essay/monograph.tex	
standalone	standardgalactic/alphabet	aphantasia-essay.tex	Imageless Thought [0.35em] A Field-Theoretic Interpretation of Aphantasia, Anendophasia, and Embodied Stigmergy within the Relativistic Scalar--Vector Plenum	article	2547	4825883ebc53f09ab3d72175a13dc1bf5978d52c5d8181c12bb7b5e45c0d5968	https://github.com/standardgalactic/alphabet/blob/af2072aca89d8e52ad08478d71538936e5948cfc/aphantasia-essay.tex	
standalone	standardgalactic/alphabet	workspace/essay.tex	The Physics of Understanding: Fixed-Point Causality, Cognitive Resource Theory, and the Thermodynamics of Learning	article	6119	889e7101d6edab51e9f39b89c51c77a3da70a7beac5e47fd3cd3727153d36617	https://github.com/standardgalactic/alphabet/blob/af2072aca89d8e52ad08478d71538936e5948cfc/workspace/essay.tex	
untitled-document	standardgalactic/alphabet	screenplay/the_incoherence/main.tex		book	196	57fa03c24b1c93f89b761bd540199b05562ee11d50034c7313d2026d946c5ec4	https://github.com/standardgalactic/alphabet/blob/af2072aca89d8e52ad08478d71538936e5948cfc/screenplay/the_incoherence/main.tex	documentclass present but no title found
standalone	standardgalactic/alphabet	example/ecology-of-constraints.tex	The Ecology of Constraints [4pt] Feasibility and Diversity in Constraint Populations	article	2465	d118799a289fcb926c3ee0e2b35c2187a7e2012a2321f95588fbfc91f52a6eab	https://github.com/standardgalactic/alphabet/blob/af2072aca89d8e52ad08478d71538936e5948cfc/example/ecology-of-constraints.tex	
standalone	standardgalactic/alphabet	attention-essay.tex	The Coordinate-System Error: Misdiagnosis in the Theories of Attention, Efficiency, and Technological Progress	article	12559	daafe4e1dfc54af5b15d46021556a0766d2bf5024a8f017bae352a13e28c1827	https://github.com/standardgalactic/alphabet/blob/af2072aca89d8e52ad08478d71538936e5948cfc/attention-essay.tex	
untitled-document	standardgalactic/alphabet	manuscripts/introduction/essay.tex		article	850	436373f14a967199743c7ab227040a069bf78639d7cdaca3bebd3ce0c6a8715b	https://github.com/standardgalactic/alphabet/blob/af2072aca89d8e52ad08478d71538936e5948cfc/manuscripts/introduction/essay.tex	documentclass present but no title found
draft	standardgalactic/alphabet	monograph/essay.tex	Consciousness as Gait: The RSVP--CPG Framework for Cyclical Cognition, Memory, and Sleep	article	15546	5f5eb5833128911bde8b2adb004c5d9f4efc9d2e32c0bc913f956480519d7003	https://github.com/standardgalactic/alphabet/blob/af2072aca89d8e52ad08478d71538936e5948cfc/monograph/essay.tex	draft/placeholder language or path
standalone	standardgalactic/alphabet	Neural Commit Semantics.tex	Neural Commit Semantics and the Algebraic Structure of Language	article	1408	2aecc2d50da1d2459064d3e766df47a5e4aa0533430cd3df676a277a85bbe184	https://github.com/standardgalactic/alphabet/blob/af2072aca89d8e52ad08478d71538936e5948cfc/Neural Commit Semantics.tex	
draft	standardgalactic/alphabet	essay/drafts/mind_at_work.tex	Mind at Work: Detecting Agentic Intelligence through the Effective Assembly Index and Praxicon Framework	article	1128	0d3cda73c5c8f560edb12895c877bac05692e45c749316ed33c48f2186bc6ea1	https://github.com/standardgalactic/alphabet/blob/af2072aca89d8e52ad08478d71538936e5948cfc/essay/drafts/mind_at_work.tex	draft/placeholder language or path
untitled-document	standardgalactic/alphabet	screenplay/the_incoherence/main-v1.tex		book	193	b2e61728769c461cd2adc4e6dfca2d04d0ad646d82abf78a681db66fe0853ce8	https://github.com/standardgalactic/alphabet/blob/af2072aca89d8e52ad08478d71538936e5948cfc/screenplay/the_incoherence/main-v1.tex	documentclass present but no title found
standalone	standardgalactic/alphabet	Spectacle Runtime.tex	Spectacle Runtime and the Compression of Meaning: Temporal Form, Social Media, and the Reformatting of Collective Belief [0.5em] A Study in Media Ecology, Epistemic Architecture, and the Formal Conditions of Semantic Depth	article	9673	86cc023234630867a7694cb8fd811c8b104c519c67c54b740bd45b30d00c9cf1	https://github.com/standardgalactic/alphabet/blob/af2072aca89d8e52ad08478d71538936e5948cfc/Spectacle Runtime.tex	
draft	standardgalactic/alphabet	working/de-architechtura.tex		memoir	5172	4c790176ad9b4166c753df2b919be0035e70f5f0fe01ca9053783b56dd6ff43f	https://github.com/standardgalactic/alphabet/blob/af2072aca89d8e52ad08478d71538936e5948cfc/working/de-architechtura.tex	draft/placeholder language or path
draft	standardgalactic/alphabet	Embodied Constraint.tex	Embodied Constraint and Minimal Assembly: [0.5em] Articulation, Markedness, and the Economy of Stroke in the Arabic Script	article	8934	875cc69edb06ca384bdd0fea48d2abeb4e61bdfa4e501ad44b6f0774db9f5cc5	https://github.com/standardgalactic/alphabet/blob/af2072aca89d8e52ad08478d71538936e5948cfc/Embodied Constraint.tex	draft/placeholder language or path
untitled-document	standardgalactic/alphabet	screenplay/companion.tex		article	21495	0b90e5ed46c620bbdc72458ac0be9f610b0f82ebbfd4f1865ce188d485b79ce1	https://github.com/standardgalactic/alphabet/blob/af2072aca89d8e52ad08478d71538936e5948cfc/screenplay/companion.tex	documentclass present but no title found
standalone	standardgalactic/alphabet	workspace/monograph.tex	Fixed--Point Causality [0.35em] Physics, Consciousness, and Computation in the Relativistic Scalar--Vector Plenum	article	13109	7c80f6a666d8d2dd581ad1b127135432d5f6466f9a47a6eaeec1ea4348ae12f5	https://github.com/standardgalactic/alphabet/blob/af2072aca89d8e52ad08478d71538936e5948cfc/workspace/monograph.tex	
standalone	standardgalactic/alphabet	Never-Predict-Noise.tex	Never Predict Noise: Manifold-Aligned Prediction as Generative Inference	article	21441	17dac8adc2c6ef7c4513921369673616693004caa6d820395d1d5a4937d56f94	https://github.com/standardgalactic/alphabet/blob/af2072aca89d8e52ad08478d71538936e5948cfc/Never-Predict-Noise.tex	
standalone	standardgalactic/alphabet	Admissible Histories.tex	Admissible Histories: The Incongruent Neuron and the Ontological Structure of Error	article	9325	c1e91b86ce794a2549af467780204cc52ef6258475638a4c1986bb443bb61a8a	https://github.com/standardgalactic/alphabet/blob/af2072aca89d8e52ad08478d71538936e5948cfc/Admissible Histories.tex	
draft	standardgalactic/alphabet	The Ecology of Neoteny.tex		article	6582	02d3ef8cedce2b2333d6206c0db2fd013dd1deea80359e5fd264d04e5a171e11	https://github.com/standardgalactic/alphabet/blob/af2072aca89d8e52ad08478d71538936e5948cfc/The Ecology of Neoteny.tex	draft/placeholder language or path
draft	standardgalactic/alphabet	Flower Wars - Draft 01.tex		article	4753	1084a7ee87b7828a3753d485eefd8d2e5394d516285fbccf0f4d77e14c68d255	https://github.com/standardgalactic/alphabet/blob/af2072aca89d8e52ad08478d71538936e5948cfc/Flower Wars - Draft 01.tex	draft/placeholder language or path
standalone	standardgalactic/alphabet	The Genius of Silence.tex	The Genius of Silence Ludwig Wittgenstein and the Discipline of Clarity	article	12903	e36fb4dc6105c477b132fc6ec067f38c8ba68690ac01d0c1d0f6e07cab1e475f	https://github.com/standardgalactic/alphabet/blob/af2072aca89d8e52ad08478d71538936e5948cfc/The Genius of Silence.tex	
standalone	standardgalactic/alphabet	Flower Wars - Compendium.tex	Flower Wars Compendium and Dramatis Personae	article	3353	5833435625981fa7d697a091e5c9bcaea8f9294c32e9597c8212aadd3c6772a8	https://github.com/standardgalactic/alphabet/blob/af2072aca89d8e52ad08478d71538936e5948cfc/Flower Wars - Compendium.tex	
standalone	standardgalactic/alphabet	economics/scalable-alignment-01.tex	Toward Scalable Alignment: A Theory of Invariant Objectives Under Optimization and Scale	article	923	1eec29fc7c0e72eb7186e252828f46a766083e6acd290b167eeb82026579a28f	https://github.com/standardgalactic/alphabet/blob/af2072aca89d8e52ad08478d71538936e5948cfc/economics/scalable-alignment-01.tex	
standalone	standardgalactic/alphabet	From Minerals to Minds.tex	From Minerals to Minds: Irreversibility and the Physical Origins of Intelligence	article	7902	433fba3254d682bee0b8bd0eabde4fa969cf25a0dc2d9c8533f4b2d909b90e82	https://github.com/standardgalactic/alphabet/blob/af2072aca89d8e52ad08478d71538936e5948cfc/From Minerals to Minds.tex	
standalone	standardgalactic/alphabet	projects/field-ontologies.tex	Field Ontologies of the RSVP Stack: From Scalar Smoothing to Cognitive Closure (Revised)	article	4085	822beb6bb5a2473e00628e8fbc254ced3a4c078a0b4abdc677546b3b8d1ca1f6	https://github.com/standardgalactic/alphabet/blob/af2072aca89d8e52ad08478d71538936e5948cfc/projects/field-ontologies.tex	
standalone	standardgalactic/alphabet	physics/gauge-gravity.tex	% Constraint-First Gauge Gravity: Toward a Reconstruction of the Standard Model from RSVP Field Geometry	article	17711	f6d6a4098001086b314c22e5f7f896cd81da3906ea062ee3453a695ed447dd15	https://github.com/standardgalactic/alphabet/blob/af2072aca89d8e52ad08478d71538936e5948cfc/physics/gauge-gravity.tex	
standalone	standardgalactic/alphabet	projects/entropic-redshift-slides.tex	Redshift and the RSVP Stack: A Unified Field Ontology for Cosmos, Mind, and Society	beamer	479	8d10ded45cabfa78139f28f127a660b5324f914cd715eaff6e8375dedb6d213d	https://github.com/standardgalactic/alphabet/blob/af2072aca89d8e52ad08478d71538936e5948cfc/projects/entropic-redshift-slides.tex	
draft	standardgalactic/alphabet	Admissible Histories - draft 01.tex	Admissible Histories: The Incongruent Neuron and the Ontological Structure of Error	article	1154	547753a3f343a6a17209b903ad788c8e4f20c53b272e9df9a6179382834b3d59	https://github.com/standardgalactic/alphabet/blob/af2072aca89d8e52ad08478d71538936e5948cfc/Admissible Histories - draft 01.tex	draft/placeholder language or path
standalone	standardgalactic/alphabet	processing/SITH Theory.tex	Substrate Independent Thinking Hypothesis (SITH): Life, Meaning, and the Autocatalytic Closure of Information	article	10305	dcc0dc90bc488da13fb168c8ab29dfaf701c0ad3ef50b589eea3b9c9acbfc3a7	https://github.com/standardgalactic/alphabet/blob/af2072aca89d8e52ad08478d71538936e5948cfc/processing/SITH Theory.tex	
draft	standardgalactic/alphabet	essay/drafts/monograph (7).tex	Mind at Work: Detecting Agency through Assembly and Action	article	2058	72bdb7a3118cc7f9b4794972ac621a08f96aab232bb96a83ace715562c5f8de5	https://github.com/standardgalactic/alphabet/blob/af2072aca89d8e52ad08478d71538936e5948cfc/essay/drafts/monograph (7).tex	draft/placeholder language or path
draft	standardgalactic/alphabet	essay/draft-03/monograph.tex	Mind at Work: Detecting Agency through Assembly and Action	article	12763	84906ea334974cc9f2a6a777473e0786ee05c909a1229799cdb809b91b60d58e	https://github.com/standardgalactic/alphabet/blob/af2072aca89d8e52ad08478d71538936e5948cfc/essay/draft-03/monograph.tex	draft/placeholder language or path
draft	standardgalactic/alphabet	essay/draft-01/monograph.tex	Mind at Work: Detecting Agency through Assembly and Action	article	8912	125cf520423dc2e39f7bc354f64fe604df1f14815cba694a56f3513a3576ea16	https://github.com/standardgalactic/alphabet/blob/af2072aca89d8e52ad08478d71538936e5948cfc/essay/draft-01/monograph.tex	draft/placeholder language or path
draft	standardgalactic/alphabet	essay/drafts/monograph (5).tex	Mind at Work: Detecting Agency through Assembly and Action	article	2453	b94ee751f573182491024512ae095cd18f9f720e41d3aaa182ce302cf8fceb12	https://github.com/standardgalactic/alphabet/blob/af2072aca89d8e52ad08478d71538936e5948cfc/essay/drafts/monograph (5).tex	draft/placeholder language or path
draft	standardgalactic/alphabet	essay/draft-02/monograph.tex	Mind at Work: Detecting Agency through Assembly and Action	article	4827	30339d99d7bb998297fe518aac69448b4d9ba607f5bc9e1f8c1ceac9e65bde25	https://github.com/standardgalactic/alphabet/blob/af2072aca89d8e52ad08478d71538936e5948cfc/essay/draft-02/monograph.tex	draft/placeholder language or path
standalone	standardgalactic/alphabet	document/autoregression.tex	Constraint, Continuity, and Cognitive Structure: A Unified Framework Linking Autoregressive Minds, Relativistic Field Dynamics, and the Geometry of Distinction	article	8460	c23add1b2b27e2dfdc1a3f78ca4dcea0c4a79b9136a51f9d19d6dcdb2ed9d9d6	https://github.com/standardgalactic/alphabet/blob/af2072aca89d8e52ad08478d71538936e5948cfc/document/autoregression.tex	
draft	standardgalactic/alphabet	working/attention-essay.tex	The Coordinate-System Error: Misdiagnosis in the Theories of Attention, Efficiency, and Technological Progress	article	12559	daafe4e1dfc54af5b15d46021556a0766d2bf5024a8f017bae352a13e28c1827	https://github.com/standardgalactic/alphabet/blob/af2072aca89d8e52ad08478d71538936e5948cfc/working/attention-essay.tex	draft/placeholder language or path
standalone	standardgalactic/alphabet	research/semantic_stability.tex	Semantic Stability as a Repair Equilibrium Threshold, Attenuation, and Irreversible Collapse in Constraint-Bounded Semantic Trees	article	5405	c0ca9f3c656f72b45cf6c06c3af410ef106099e9a298b41ca00467c8f3f3fbc6	https://github.com/standardgalactic/alphabet/blob/af2072aca89d8e52ad08478d71538936e5948cfc/research/semantic_stability.tex	
draft	standardgalactic/alphabet	document/civic_simulator.tex	Civilizations as Hypotheses Simulation, Repair, and the Architecture of Admissible Futures	article	7223	79bc693186ec0791ab74dfcc4320d8e06a4aef2dc9baf5f7ac8d6baf6e69ffda	https://github.com/standardgalactic/alphabet/blob/af2072aca89d8e52ad08478d71538936e5948cfc/document/civic_simulator.tex	draft/placeholder language or path
draft	standardgalactic/alphabet	essay/drafts/monograph (6).tex	Mind at Work: Detecting Agency through Assembly and Action	article	3439	3fc0add588d9f5d08401abed0990a505e47796caadef0ab02bb7266038107984	https://github.com/standardgalactic/alphabet/blob/af2072aca89d8e52ad08478d71538936e5948cfc/essay/drafts/monograph (6).tex	draft/placeholder language or path
draft	standardgalactic/alphabet	The Incoherence - draft 01.tex		article	4362	162f992d7bced35e339bf1cb44333316732e3046cdb91b4c531008fd37a6a541	https://github.com/standardgalactic/alphabet/blob/af2072aca89d8e52ad08478d71538936e5948cfc/The Incoherence - draft 01.tex	draft/placeholder language or path
draft	standardgalactic/alphabet	economics/Scalar-Extraction-v02.tex	Scalar Extraction in Platform Capitalism: A Field-Theoretic, Economic, and Algorithmic Theory of Extractive Social Networks and Their Non-Extractive Redesign	article	2348	3f3b55ce4288fe1704200be87795dda3ac7d5fd9b0d7e264edfe777acc2531b9	https://github.com/standardgalactic/alphabet/blob/af2072aca89d8e52ad08478d71538936e5948cfc/economics/Scalar-Extraction-v02.tex	draft/placeholder language or path
standalone	standardgalactic/alphabet	example/history-before-function.tex	History Before Function [4pt] Compression as the Origin of Operators	article	3509	0a9d534c384f5b7e0149d51a1f9ee483b3f2b5841374d4b2b8bb16b6dfbf4f18	https://github.com/standardgalactic/alphabet/blob/af2072aca89d8e52ad08478d71538936e5948cfc/example/history-before-function.tex	
draft	standardgalactic/alphabet	Never-Predict-Noise-draft-01.tex	Never Predict Noise: Manifold-Aligned Prediction as Generative Inference	article	2245	16d28c7528f4155302ea6b75ba6a039b11e8c0130c7a360a6c324c39bf52804e	https://github.com/standardgalactic/alphabet/blob/af2072aca89d8e52ad08478d71538936e5948cfc/Never-Predict-Noise-draft-01.tex	draft/placeholder language or path
draft	standardgalactic/alphabet	essay/drafts/monograph (8).tex	Mind at Work: Detecting Agency through Assembly and Action	article	8913	2550380209db491fc18b4c5e966b42535568d3af390851f49bc70661efd8129a	https://github.com/standardgalactic/alphabet/blob/af2072aca89d8e52ad08478d71538936e5948cfc/essay/drafts/monograph (8).tex	draft/placeholder language or path
untitled-document	standardgalactic/alphabet	screenplay/city_of_brutes.tex		article	35805	f1cead830500dccba4e079d72a9b67d2b34764ff62478b872b9bac8ef66e0fb1	https://github.com/standardgalactic/alphabet/blob/af2072aca89d8e52ad08478d71538936e5948cfc/screenplay/city_of_brutes.tex	documentclass present but no title found
draft	standardgalactic/alphabet	Abstraction as Reduction.tex	Abstraction as Reduction: A Unified Account of Evaluation, Structure, and Proof	article	38914	2eb1751733e71fdb62fd725ba57d097a79edc1be2de210974df4bde9b194e4ea	https://github.com/standardgalactic/alphabet/blob/af2072aca89d8e52ad08478d71538936e5948cfc/Abstraction as Reduction.tex	draft/placeholder language or path
standalone	standardgalactic/alphabet	Admissible Histories - Cognition.tex	Admissible Histories: Incongruent Neurons and the Temporal Structure of Decision-Making	article	1663	9aac50f7cee015393f638327adb3356d848b9491f36212b46258d968d847ec60	https://github.com/standardgalactic/alphabet/blob/af2072aca89d8e52ad08478d71538936e5948cfc/Admissible Histories - Cognition.tex	
standalone	standardgalactic/alphabet	aphantasia/aphantasia-essay.tex	Imageless Thought [0.35em] A Field-Theoretic Interpretation of Aphantasia, Anendophasia, and Embodied Stigmergy within the Relativistic Scalar--Vector Plenum	article	2547	4825883ebc53f09ab3d72175a13dc1bf5978d52c5d8181c12bb7b5e45c0d5968	https://github.com/standardgalactic/alphabet/blob/af2072aca89d8e52ad08478d71538936e5948cfc/aphantasia/aphantasia-essay.tex	
standalone	standardgalactic/alphabet	economics/scalable-alignment-02.tex	Toward Scalable Alignment: A Theory of Invariant Objectives Under Optimization and Scale	article	1600	d46d8e76cfc47f9726aa19d2ff0c69ad23045ff145fcf293be5cb11026bee9fe	https://github.com/standardgalactic/alphabet/blob/af2072aca89d8e52ad08478d71538936e5948cfc/economics/scalable-alignment-02.tex	
standalone	standardgalactic/alphabet	screenplay/visions-and-boundaries.tex	Visions and Boundaries: Swedenborg, Kant, and the Modern Crisis of Mind	article	1446	68f1ffc1a95a3996e62003cc12cec1498ff1582047b4051ab4feb373c1caaf05	https://github.com/standardgalactic/alphabet/blob/af2072aca89d8e52ad08478d71538936e5948cfc/screenplay/visions-and-boundaries.tex	
untitled-document	standardgalactic/alphabet	biology/closure_of_closures.tex		article	5829	92136f1773e34b41c926436702d0d9ca1cc0b7f91defe69e4b40a09e102b8989	https://github.com/standardgalactic/alphabet/blob/af2072aca89d8e52ad08478d71538936e5948cfc/biology/closure_of_closures.tex	documentclass present but no title found
draft	standardgalactic/alphabet	document/draft/autoregression.tex	AI Minds Decoded: The Math Linking Brains and Machines	article	2522	563d798fe3230d0ab9147982a5ec49dee76a827574da9216d9c61ad1e28a2f30	https://github.com/standardgalactic/alphabet/blob/af2072aca89d8e52ad08478d71538936e5948cfc/document/draft/autoregression.tex	draft/placeholder language or path
standalone	standardgalactic/alphabet	framework/unified-encodings.tex	Relativistic Scalar Vector Plenum: Unified Encodings Across Physics, Cognition, and Semantic Systems	article	5841	95181f32fa6242720408b8eecc3ded70c37f46ffca70a4a26373311c0e3034e4	https://github.com/standardgalactic/alphabet/blob/af2072aca89d8e52ad08478d71538936e5948cfc/framework/unified-encodings.tex	
standalone	standardgalactic/alphabet	example/procedural-ontology.tex	Procedural Ontology: The Metaphysics of Code Generation A Relativistic Scalar--Vector Plenum (RSVP) Essay	article	15506	677fbdae7d5efc1f67978133e0913df23689869b13c079c740a262bd5686e788	https://github.com/standardgalactic/alphabet/blob/af2072aca89d8e52ad08478d71538936e5948cfc/example/procedural-ontology.tex	
draft	standardgalactic/alphabet	physics/univalent-photonics.tex	Univalent Photonics 0.5em Coherence, Transport, and Admissibility Geometry	book	15353	0e0e9cea2144552b16e51d8169655d314027467c53ece3170503828149f1c002	https://github.com/standardgalactic/alphabet/blob/af2072aca89d8e52ad08478d71538936e5948cfc/physics/univalent-photonics.tex	draft/placeholder language or path
standalone	standardgalactic/alphabet	economics/scalable-alignment.tex	Toward Scalable Alignment: A Theory of Invariant Objectives Under Optimization and Scale [5pt] (A Revolutionary Formalism for True AI Alignment)	article	3794	842357d4e9d59f51ec8d51c5c09cd7a70afe2bfd230bf773de27fdbabd7f2a09	https://github.com/standardgalactic/alphabet/blob/af2072aca89d8e52ad08478d71538936e5948cfc/economics/scalable-alignment.tex	
standalone	standardgalactic/alphabet	research/repair_as_fundamental.tex	Repair as a Fundamental Category Toward an Ontology of Restoration	article	6801	8ff0ac26b83334563718c4cb67069e92928cd245e265ea8a4f1c4acb76661514	https://github.com/standardgalactic/alphabet/blob/af2072aca89d8e52ad08478d71538936e5948cfc/research/repair_as_fundamental.tex	
standalone	standardgalactic/alphabet	Abstraction as Reduction - colophon.tex	Abstraction as Reduction: A Proof--Theoretic and Computational Perspective	article	1485	bf44d0f00926d9ea512bf0b38853100fb3f7a32e6be450212cb125193df5d659	https://github.com/standardgalactic/alphabet/blob/af2072aca89d8e52ad08478d71538936e5948cfc/Abstraction as Reduction - colophon.tex	
standalone	standardgalactic/alphabet	research/screenplay_as_program.tex	The Historical Screenplay as Spherepop Program Executable History, Semantic Collapse, and Three Notions of Narrative Truth	article	6513	f2f4d721a234a6ad302a4e599c5785f9c9cb3d8b00edc24c2774ed05265d7b12	https://github.com/standardgalactic/alphabet/blob/af2072aca89d8e52ad08478d71538936e5948cfc/research/screenplay_as_program.tex	
untitled-document	standardgalactic/alphabet	processing/geometry_of_closure.tex		book	8687	5a431049a584f4b423a0347d603768867f25b11852bf8e6cfbeddc811730d254	https://github.com/standardgalactic/alphabet/blob/af2072aca89d8e52ad08478d71538936e5948cfc/processing/geometry_of_closure.tex	documentclass present but no title found
standalone	standardgalactic/alphabet	Coherence Before Engagement.tex	Coherence Before Engagement: An Architecture for Persistent Meaning in Digital Systems	article	11289	f8724275cf9bfd0ac6e52a473ac7d34ea97bd95f9c7f2c43100ec33e98e094eb	https://github.com/standardgalactic/alphabet/blob/af2072aca89d8e52ad08478d71538936e5948cfc/Coherence Before Engagement.tex	
standalone	standardgalactic/alphabet	example/threshold-of-deferral.tex	The Threshold of Deferral [4pt] A Crossover Theorem for Maintenance and Repair	article	4612	3570b49df7b0a371c3b8caea4c73322379b81c7cf337524a77669f5835bcef9c	https://github.com/standardgalactic/alphabet/blob/af2072aca89d8e52ad08478d71538936e5948cfc/example/threshold-of-deferral.tex	
draft	standardgalactic/alphabet	projects/processing/draft-02.tex	MAGI as a Geometric Generalization of Momentum-Based Optimization	article	6665	621f2dd2755c51e2a1dd631eec110b19a416b522e2b449aedb78ef8ed867e6c1	https://github.com/standardgalactic/alphabet/blob/af2072aca89d8e52ad08478d71538936e5948cfc/projects/processing/draft-02.tex	draft/placeholder language or path
standalone	standardgalactic/alphabet	manuscripts/hidden_manifolds.tex	Hidden Manifolds [0.5em] Optimal Transport, Accessibility Landscapes, and the Reconstruction of Constraint	article	14958	99e6e6ef85d83f8d43c9cb24b18d23e9289b6e61ec3f88001f6ddc757cdaa3fc	https://github.com/standardgalactic/alphabet/blob/af2072aca89d8e52ad08478d71538936e5948cfc/manuscripts/hidden_manifolds.tex	
draft	standardgalactic/alphabet	projects/processing/draft-01.tex	MAGI and the Geometry of Learning: A Stratified Riemannian Framework Extending SGDM	article	8049	0fbe7e6ea668a9ec8104551f5014093aac35dc8b43dd1dd5124f067e7fd8dc99	https://github.com/standardgalactic/alphabet/blob/af2072aca89d8e52ad08478d71538936e5948cfc/projects/processing/draft-01.tex	draft/placeholder language or path
draft	standardgalactic/alphabet	Spectacle Runtime - draft 01.tex	Spectacle Runtime and the Compression of Meaning: Temporal Form, Social Media, and the Reformatting of Collective Belief [0.5em] A Study in Media Ecology and Epistemic Architecture	article	7455	f616f61271a0d5a1a5da0aa38d79a63a1dd941f9693b28a5f3d62c547a1a0578	https://github.com/standardgalactic/alphabet/blob/af2072aca89d8e52ad08478d71538936e5948cfc/Spectacle Runtime - draft 01.tex	draft/placeholder language or path
standalone	standardgalactic/alphabet	roadmap/procedural-attention.tex	% Procedural Generation of Attention: Gaze Trajectories and the Grammar of Cinematic Space%	article	15851	b2c3e7600e3eba17adb4728d28093cf663113fc5c357d27f787debacc6a6b55a	https://github.com/standardgalactic/alphabet/blob/af2072aca89d8e52ad08478d71538936e5948cfc/roadmap/procedural-attention.tex	
untitled-document	standardgalactic/alphabet	science/the_refractive_self.tex		book	42023	9fa91ca62a08650b40124db8ec2f321ceeb8ec4a56db458d3959c5f4c91ce8b1	https://github.com/standardgalactic/alphabet/blob/af2072aca89d8e52ad08478d71538936e5948cfc/science/the_refractive_self.tex	documentclass present but no title found
standalone	standardgalactic/alphabet	physics/Never-Predict-Noise.tex	Never Predict Noise: Manifold-Aligned Prediction as Generative Inference	article	21441	17dac8adc2c6ef7c4513921369673616693004caa6d820395d1d5a4937d56f94	https://github.com/standardgalactic/alphabet/blob/af2072aca89d8e52ad08478d71538936e5948cfc/physics/Never-Predict-Noise.tex	
draft	standardgalactic/alphabet	Never-Predict-Noise-draft-02.tex	Never Predict Noise: Manifold-Aligned Prediction as Generative Inference	article	7678	850496a17d42d6c643be256c58866aa3368e6784b026198c079fddee5d63e9db	https://github.com/standardgalactic/alphabet/blob/af2072aca89d8e52ad08478d71538936e5948cfc/Never-Predict-Noise-draft-02.tex	draft/placeholder language or path
standalone	standardgalactic/alphabet	soup/consistency-constraints.tex	Consistency Constraints and the Geometry of Learned Representations	article	10909	4398c20635be0a63dd8e62cbfaad8ca4f31e37427c7b6ff66ac4e65bc4aa6bc7	https://github.com/standardgalactic/alphabet/blob/af2072aca89d8e52ad08478d71538936e5948cfc/soup/consistency-constraints.tex	
standalone	standardgalactic/alphabet	The Mortality of Computation.tex	The Mortality of Computation: A Structural Theory of Displacement	book	9615	08ef6608b4b78c354fbad6a7e8b0e35fd394dae9c4f67c99a2a0efe2705ce8c1	https://github.com/standardgalactic/alphabet/blob/af2072aca89d8e52ad08478d71538936e5948cfc/The Mortality of Computation.tex	
untitled-document	standardgalactic/alphabet	resources/autonomous-systems.tex		book	9570	188d52a550f14530056ebf8d470f7cfce7171abf83e29eca8361e45340719f46	https://github.com/standardgalactic/alphabet/blob/af2072aca89d8e52ad08478d71538936e5948cfc/resources/autonomous-systems.tex	documentclass present but no title found
standalone	standardgalactic/alphabet	Flower Wars - Bounded Violence.tex	Bounded Violence An Interpretive Essay on Flower Wars	article	4845	857710cd0762a1b04d56a1de977bd7672a92746a3af4422d4602f49dc3c65da1	https://github.com/standardgalactic/alphabet/blob/af2072aca89d8e52ad08478d71538936e5948cfc/Flower Wars - Bounded Violence.tex	
standalone	standardgalactic/alphabet	aphantasia/quantum-spherepop.tex	SpherePop [0.35em] The RSVP Field in Complex Phase Space	article	11289	f2f2f7efce5f342c8d71ad038c1d7a9f224e3aea997f63177a464846f96c5fae	https://github.com/standardgalactic/alphabet/blob/af2072aca89d8e52ad08478d71538936e5948cfc/aphantasia/quantum-spherepop.tex	
standalone	standardgalactic/alphabet	research/topology_of_intention.tex	Topology of Intention [0.4em] Process-Based Identity and the Geometric Binding of the Self	article	4700	bc4bf1d3e460acee2026594ef87e01061c1984a86de0159169f9ce2f65575fda	https://github.com/standardgalactic/alphabet/blob/af2072aca89d8e52ad08478d71538936e5948cfc/research/topology_of_intention.tex	
standalone	standardgalactic/alphabet	pipeline/pipeline_specification.tex	Specification of the Distinction-First Pipeline: Continuation, Accretion, and Externalized Memory in a Local-Model Essay-Writing System	article	8336	de815777edd178761c5d369bbcf590938c8bd1feff0e5928d5e6562e060bd472	https://github.com/standardgalactic/alphabet/blob/af2072aca89d8e52ad08478d71538936e5948cfc/pipeline/pipeline_specification.tex	
standalone	standardgalactic/alphabet	ecology/geometry_of_rewiring.tex	The Geometry of Rewiring: Ecological Networks, Admissible Trajectories, and the Conservation of Transformability	article	19161	8141f2fc4d434a1b6d7f50ce7f089299928be6261826caa32475f4867e82d15f	https://github.com/standardgalactic/alphabet/blob/af2072aca89d8e52ad08478d71538936e5948cfc/ecology/geometry_of_rewiring.tex	
standalone	standardgalactic/alphabet	document/admissibility_crisis.tex	The Admissibility Crisis [0.4em] On the Collapse of Future Option Space	article	11636	152a837c87b7adc389d94da407d694eea77c6cbdd2227bea47810131aa89ae8a	https://github.com/standardgalactic/alphabet/blob/af2072aca89d8e52ad08478d71538936e5948cfc/document/admissibility_crisis.tex	
standalone	standardgalactic/alphabet	pipeline/continuation_operators.tex	Continuation Operators: A Formal Model of Prompt Chains	article	5448	1f4834649865a37c5f80dbed1cf5dcfb07eac312a01b41daae9489cb8b4e6824	https://github.com/standardgalactic/alphabet/blob/af2072aca89d8e52ad08478d71538936e5948cfc/pipeline/continuation_operators.tex	
standalone	standardgalactic/alphabet	framework/descent-into-reality.tex	Descent into Reality From Learning Systems to Field Dynamics	article	7638	83e2e08e6f4d84c69069602d462062fd17f48fb31dbae2e5fb6b255911aa458c	https://github.com/standardgalactic/alphabet/blob/af2072aca89d8e52ad08478d71538936e5948cfc/framework/descent-into-reality.tex	
draft	standardgalactic/alphabet	processing/abstraction-draft-04.tex	Abstraction as Reduction: Philosophical Version	article	5475	5b8d6980313a38858dcde4eb98f5a28d1fb97e57133f0fdfea83d42668cec84f	https://github.com/standardgalactic/alphabet/blob/af2072aca89d8e52ad08478d71538936e5948cfc/processing/abstraction-draft-04.tex	draft/placeholder language or path
draft	standardgalactic/alphabet	example/recursive-continuation.tex	Recursive Continuation Autopoiesis, Sympoiesis, and the Compression of Self-Modification	article	18960	7c462dccd8ae9faaf26d9c37c7bf0eeabcb40b36b1e3c31966a79a656373f227	https://github.com/standardgalactic/alphabet/blob/af2072aca89d8e52ad08478d71538936e5948cfc/example/recursive-continuation.tex	draft/placeholder language or path
standalone	standardgalactic/alphabet	research/dynamics-of-learning.tex	The Dynamics of Learning: Excess Capacity, Interpolation, and Cognitive Structure	article	35434	4e578aae59943b7fd0f39426a5fe8d1d3006d9c9fa2126f64b6f754c5e238509	https://github.com/standardgalactic/alphabet/blob/af2072aca89d8e52ad08478d71538936e5948cfc/research/dynamics-of-learning.tex	
draft	standardgalactic/alphabet	aphantasia/quantum-spherepop-draft-01.tex	SpherePop: The RSVP Field in Complex Phase Space	article	2070	3e6bd2f57400d308c393f99f976d804d42701359eeca8bc25bfdef2a0c823005	https://github.com/standardgalactic/alphabet/blob/af2072aca89d8e52ad08478d71538936e5948cfc/aphantasia/quantum-spherepop-draft-01.tex	draft/placeholder language or path
standalone	standardgalactic/alphabet	framework/SGA/unified-encodings.tex	Relativistic Scalar Vector Plenum: Unified Encodings Across Physics, Cognition, and Semantic Systems	article	5844	ff6ade8feed2064b8812b168172347af82edebff960f87b7260e05e2979fb682	https://github.com/standardgalactic/alphabet/blob/af2072aca89d8e52ad08478d71538936e5948cfc/framework/SGA/unified-encodings.tex	
standalone	standardgalactic/alphabet	pipeline/history_preserving_erasing.tex	History-Preserving and History-Erasing Operators: A Theory of Information Retention in Continuation Processes	article	2452	a8bb9626458220539ae4f16f917ddb498f8a778bd23219e3371bf6369c37f745	https://github.com/standardgalactic/alphabet/blob/af2072aca89d8e52ad08478d71538936e5948cfc/pipeline/history_preserving_erasing.tex	
untitled-document	standardgalactic/alphabet	constraint-geometry/field-space.tex		article	19748	e8590a88300a14286eff61c4c0259e1ee08eeed776dc6d8174d7d4447f83baa6	https://github.com/standardgalactic/alphabet/blob/af2072aca89d8e52ad08478d71538936e5948cfc/constraint-geometry/field-space.tex	documentclass present but no title found
untitled-document	standardgalactic/alphabet	science/the_refractive_self-v1.tex		book	25508	6b40418b42984bcbd6350f0c1293d51c31b2aedc667996b8da75af2519a9e05e	https://github.com/standardgalactic/alphabet/blob/af2072aca89d8e52ad08478d71538936e5948cfc/science/the_refractive_self-v1.tex	documentclass present but no title found
draft	standardgalactic/alphabet	working/constraint-propagation.tex	Propagating Constraint Fields and Dynamic Structural Redistribution: Toward a Field-Theoretic Interpretation of Neural Heterogeneity and Collective Cell Migration	article	14587	efbfdb86f3cc4c9784bceeb260450db582952e07d96f7e6496112c248e8a8bd9	https://github.com/standardgalactic/alphabet/blob/af2072aca89d8e52ad08478d71538936e5948cfc/working/constraint-propagation.tex	draft/placeholder language or path
untitled-document	standardgalactic/alphabet	science/the_refractive_self-v2.tex		book	28974	8389d11b956975e5bde08bfec9181f993c1f5b3803e9b74d5c1ec0e1b94aedba	https://github.com/standardgalactic/alphabet/blob/af2072aca89d8e52ad08478d71538936e5948cfc/science/the_refractive_self-v2.tex	documentclass present but no title found
standalone	standardgalactic/alphabet	screenplay/noumenal-attractors.tex	Noumenal Attractors [0.6em] Swedenborg, Kant, and the RSVP Field: A Unified Interpretation Across Cognition, Ontology, Generative Systems, and the Metacrisis	article	20332	05f5e60554d9dd4f20053e53abe43f5049d95d93bb5ff5798f7683b91a6aff88	https://github.com/standardgalactic/alphabet/blob/af2072aca89d8e52ad08478d71538936e5948cfc/screenplay/noumenal-attractors.tex	
draft	standardgalactic/alphabet	The Ecology of Neoteny - draft 02.tex		article	5531	5598a83800ce1ce39e5bc8998213363ae68eed4d2ca64c99bf5be69286a02f62	https://github.com/standardgalactic/alphabet/blob/af2072aca89d8e52ad08478d71538936e5948cfc/The Ecology of Neoteny - draft 02.tex	draft/placeholder language or path
standalone	standardgalactic/alphabet	roadmap/states_without_histories.tex	States Without Histories: Latent Reasoning as Admissibility-Field Traversal	article	5100	d89eba4063e21a50d29257ad9cbc6fa0206bfbdd2c5beb1561e4d70864aee6c7	https://github.com/standardgalactic/alphabet/blob/af2072aca89d8e52ad08478d71538936e5948cfc/roadmap/states_without_histories.tex	
standalone	standardgalactic/alphabet	Admissible Histories - Neurocomputing.tex	Admissible Histories and the Neural Structure of Error	article	1706	77148c3460d97727ab31edd10c3afd10198bf337b9da79ddb0d12ff9605803dc	https://github.com/standardgalactic/alphabet/blob/af2072aca89d8e52ad08478d71538936e5948cfc/Admissible Histories - Neurocomputing.tex	
standalone	standardgalactic/alphabet	research/obstruction-cohomology.tex	Obstruction Cohomology and the Topology of Failure Constraint Closure Across Differential, Recursive, and Semantic Regimes	article	9210	fa03d24dc52d59eb94df4648ead6e73c974ee5e94b8d3c1745fcc9c807ae7e8c	https://github.com/standardgalactic/alphabet/blob/af2072aca89d8e52ad08478d71538936e5948cfc/research/obstruction-cohomology.tex	
standalone	standardgalactic/alphabet	screenplay/city_of_brutes_inventory.tex	City of Brutes [0.4em] Extended Scene Inventory [0.2em] All scenes, complete and planned	amsart	5382	c2a719dccf53aeeddf4cf4b4e4d7c7bba230ab300c80a9debf8edc6cc4620a76	https://github.com/standardgalactic/alphabet/blob/af2072aca89d8e52ad08478d71538936e5948cfc/screenplay/city_of_brutes_inventory.tex	
draft	standardgalactic/alphabet	Neural Commit Semantics - draft 01.tex	Neural Commit Semantics and the Algebraic Structure of Language	article	3023	6dd7fc01e7e468d2b2bd736ea900a2f81a7e6cdccb9c66d869e0b5dfa06acf1a	https://github.com/standardgalactic/alphabet/blob/af2072aca89d8e52ad08478d71538936e5948cfc/Neural Commit Semantics - draft 01.tex	draft/placeholder language or path
standalone	standardgalactic/alphabet	research/noise-becomes-structure.tex	When Noise Becomes Structure: Microbiomes, Projection Failure, and the Recovery of Ecological Organization	article	6240	9235f3aaec02d764c6232613e1708ca40f4aec256fcb66a337fc7156858b0806	https://github.com/standardgalactic/alphabet/blob/af2072aca89d8e52ad08478d71538936e5948cfc/research/noise-becomes-structure.tex	
draft	standardgalactic/alphabet	processing/Bootstrapping Utopia.tex	Bootstrapping Utopia 0.5em A Constraint-First Blueprint for Civilizational Persistence	book	33959	5a3d000c34891dbb67375cb56fa7976433ac3e1854d44b608cbeceb0af006a0b	https://github.com/standardgalactic/alphabet/blob/af2072aca89d8e52ad08478d71538936e5948cfc/processing/Bootstrapping Utopia.tex	draft/placeholder language or path
standalone	standardgalactic/alphabet	pipeline/publication_as_projection.tex	The Ladder and the Artifact: Publication as Projection	article	4159	b795034b1c2bcf9012e186057798049ae668cf941cb88c80cb343aee3a169581	https://github.com/standardgalactic/alphabet/blob/af2072aca89d8e52ad08478d71538936e5948cfc/pipeline/publication_as_projection.tex	
standalone	standardgalactic/alphabet	pipeline/retention_before_retrieval.tex	Retention Before Retrieval: Sparse Distinction and the Cost of Carrying a Past	amsart	6556	ddbd45e3fbdee8f4d1f8c6fd56efecd59abb87ba9623568c29d43dd09b3f3438	https://github.com/standardgalactic/alphabet/blob/af2072aca89d8e52ad08478d71538936e5948cfc/pipeline/retention_before_retrieval.tex	
standalone	standardgalactic/alphabet	manuscripts/cognitive-action/essay.tex	The Cognitive Action: Reinforcement as Field	article	7562	fb0a5d237217f2f57eef87efaf42624ce40b3c21a4ba986d9525869680354c72	https://github.com/standardgalactic/alphabet/blob/af2072aca89d8e52ad08478d71538936e5948cfc/manuscripts/cognitive-action/essay.tex	
draft	standardgalactic/alphabet	framework/everything_is_a_clipboard.tex		book	31639	cc0128ca0451c545c0d48b6cae68660544ffd465680e93d34f92ba91aa98d527	https://github.com/standardgalactic/alphabet/blob/af2072aca89d8e52ad08478d71538936e5948cfc/framework/everything_is_a_clipboard.tex	draft/placeholder language or path
standalone	standardgalactic/alphabet	physics/archive/gauge-gravity-v0.tex	% Constraint-First Gauge Gravity: Toward a Reconstruction of the Standard Model from RSVP Field Geometry	article	12687	bd63447836dabe4d35908a23da35c1ece4ecc01bbe7e6151917d9529405cffb2	https://github.com/standardgalactic/alphabet/blob/af2072aca89d8e52ad08478d71538936e5948cfc/physics/archive/gauge-gravity-v0.tex	
draft	standardgalactic/alphabet	framework/beyond_prediction_error.tex	Beyond Prediction Error: Toward an Ecological and Topological Theory of Cognition	report	20836	64a6e7ba53a2053e4bd2cf95ad61e1ddea679077f2e6e42c3f2c912a21e59495	https://github.com/standardgalactic/alphabet/blob/af2072aca89d8e52ad08478d71538936e5948cfc/framework/beyond_prediction_error.tex	draft/placeholder language or path
draft	standardgalactic/alphabet	processing/SITH Theory - draft 01.tex	Substrate Independent Thinking Hypothesis (SITH): Life, Meaning, and the Autocatalytic Closure of Information	article	7647	f8e59b25bfd95dfb205209198dda21904e77ccca6694b3ff3aae055817081c62	https://github.com/standardgalactic/alphabet/blob/af2072aca89d8e52ad08478d71538936e5948cfc/processing/SITH Theory - draft 01.tex	draft/placeholder language or path
draft	standardgalactic/alphabet	processing/SITH Theory - draft 02.tex	Substrate Independent Thinking Hypothesis (SITH): Life, Meaning, and the Autocatalytic Closure of Information	article	8146	a0e028fe1fe7855e44846644a08db165dbb66f65c1d2e6a4a5024b172dcf14a5	https://github.com/standardgalactic/alphabet/blob/af2072aca89d8e52ad08478d71538936e5948cfc/processing/SITH Theory - draft 02.tex	draft/placeholder language or path
draft	standardgalactic/alphabet	The Ecology of Neoteny - draft 03.tex		article	13628	d4f882703348479f842dfcdfa6ff9fa04da232af25603525b12c45794b135390	https://github.com/standardgalactic/alphabet/blob/af2072aca89d8e52ad08478d71538936e5948cfc/The Ecology of Neoteny - draft 03.tex	draft/placeholder language or path
standalone	standardgalactic/alphabet	cognition-research/essay/monograph.tex	The Geometry of Recognition	article	9570	9f63bd018361df92ba4fca92eda9ac4f9725689b6b60cea24695c8539b9ae310	https://github.com/standardgalactic/alphabet/blob/af2072aca89d8e52ad08478d71538936e5948cfc/cognition-research/essay/monograph.tex	
standalone	standardgalactic/alphabet	Against_Indiscriminate_Visibility.tex	Against Indiscriminate Visibility: On the Structural Risks of Virality, Publicity, and Exposure	article	16914	1f941f0d6888516007bddec2e96de794a2004a5bd8e61abf909bf1a40a1271f6	https://github.com/standardgalactic/alphabet/blob/af2072aca89d8e52ad08478d71538936e5948cfc/Against_Indiscriminate_Visibility.tex	
untitled-document	standardgalactic/alphabet	cosmology/multiscale-constraint-flow.tex		book	6609	22c01556a461074852d9760fe1faea7217358ee0d840ac39b593038ec264699c	https://github.com/standardgalactic/alphabet/blob/af2072aca89d8e52ad08478d71538936e5948cfc/cosmology/multiscale-constraint-flow.tex	documentclass present but no title found
standalone	standardgalactic/alphabet	physics/Inflation without Expansion.tex	Inflation without Expansion	book	4895	6d9a3a2b62c9ceee7c9ca28206b23f6691048d1cd0728b2df101233ac8a13619	https://github.com/standardgalactic/alphabet/blob/af2072aca89d8e52ad08478d71538936e5948cfc/physics/Inflation without Expansion.tex	
standalone	standardgalactic/alphabet	resources/admissible-continuation.tex	Admissible Continuation [1em] A Mathematical Theory of Persistent Systems	book	33519	b63069a0ccc69d4c45ed6d591c0842dc3abcb07d114d66efd0324beddca3578e	https://github.com/standardgalactic/alphabet/blob/af2072aca89d8e52ad08478d71538936e5948cfc/resources/admissible-continuation.tex	
standalone	standardgalactic/alphabet	pipeline/merger_coordinate_legibility.tex	Merger, Coordinate, and Legibility: Why Ensemble Casts Fail to Cohere	article	4030	8bdeec3bdbf8f21ee872031c02fbec50a3a4af8162e6443e52fad9ce9a067e58	https://github.com/standardgalactic/alphabet/blob/af2072aca89d8e52ad08478d71538936e5948cfc/pipeline/merger_coordinate_legibility.tex	
standalone	standardgalactic/alphabet	research/language_as_constraint_field.tex	Language as Constraint Field Grammar, Repair, and Admissibility in Semantic Manifolds	article	7681	71a0d797e5608b247aa9fdbc7920cd19f8abf69cd50f210ec728991c489e4fd0	https://github.com/standardgalactic/alphabet/blob/af2072aca89d8e52ad08478d71538936e5948cfc/research/language_as_constraint_field.tex	
standalone	standardgalactic/alphabet	cosmology/three_smoothing_mechanisms.tex	Three Smoothing Mechanisms in Early Cosmology: Inflaton, Geometric, and Lamphrodyne Relaxation	article	10028	8eceabedc07ea7c73b978c3074cd7ba550daf891ccf1fa52b1fc145fb9fd1b7d	https://github.com/standardgalactic/alphabet/blob/af2072aca89d8e52ad08478d71538936e5948cfc/cosmology/three_smoothing_mechanisms.tex	
draft	standardgalactic/alphabet	working/function_survives_collapse.tex	Function Survives Collapse [0.4em] Admissibility, Entropy Flow, and the Geometry of Persistent Computation	article	28586	dd1a426993897deda640978838f3a2d3c73c9b9f1d4d4f8430535e72486142b4	https://github.com/standardgalactic/alphabet/blob/af2072aca89d8e52ad08478d71538936e5948cfc/working/function_survives_collapse.tex	draft/placeholder language or path
standalone	standardgalactic/alphabet	manuscripts/geometry_of_constraints.tex	The Geometry of Constraints [0.6em] Adversarial Representations, Fibrational Semantics, and the Dependency Architecture of Formal Systems	article	9561	8f93a1a8289c5c40bb534ac689a814480391e6dcb283b54b505393240ed38ddb	https://github.com/standardgalactic/alphabet/blob/af2072aca89d8e52ad08478d71538936e5948cfc/manuscripts/geometry_of_constraints.tex	
draft	standardgalactic/alphabet	example/draft/recursive-continuation.tex	Recursive Continuation Autopoiesis, Sympoiesis, and the Compression of Self-Modification	article	11508	d9e357265481815fcd9da29ec0991a1c998de4042e9401ef7073cb7df7857c20	https://github.com/standardgalactic/alphabet/blob/af2072aca89d8e52ad08478d71538936e5948cfc/example/draft/recursive-continuation.tex	draft/placeholder language or path
untitled-document	standardgalactic/alphabet	projects/axioms-for-a-falling-universe.tex		article	7864	9835f489d5751d14dda97f5e8236e589ab5aa1e8fc12b8d31aef0bd2eb583d31	https://github.com/standardgalactic/alphabet/blob/af2072aca89d8e52ad08478d71538936e5948cfc/projects/axioms-for-a-falling-universe.tex	documentclass present but no title found
standalone	standardgalactic/alphabet	manuscripts/geodesics_of_attention_v1.tex	Geodesics of Attention Cinema, Gesture, and the Perceptual Manifold	article	4994	227374caef3570c52881e01d673026a513581b13986fdf5d732e41c3045431b4	https://github.com/standardgalactic/alphabet/blob/af2072aca89d8e52ad08478d71538936e5948cfc/manuscripts/geodesics_of_attention_v1.tex	
draft	standardgalactic/alphabet	processing/Abstraction as Reduction.tex	Abstraction as Reduction: A Unified Account of Evaluation, Structure, and Proof	article	38914	2eb1751733e71fdb62fd725ba57d097a79edc1be2de210974df4bde9b194e4ea	https://github.com/standardgalactic/alphabet/blob/af2072aca89d8e52ad08478d71538936e5948cfc/processing/Abstraction as Reduction.tex	draft/placeholder language or path
standalone	standardgalactic/alphabet	manuscripts/geodesics_of_attention_v2.tex	Geodesics of Attention [4pt] Cinema, Gesture, and the Geometry of Perception	article	5451	384aa8e371292cb15aa969cec248ed183206821763e82817ff8c2ef8484a6553	https://github.com/standardgalactic/alphabet/blob/af2072aca89d8e52ad08478d71538936e5948cfc/manuscripts/geodesics_of_attention_v2.tex	
draft	standardgalactic/alphabet	physics/cosmology/admissible-geometry.tex	% Admissibility Geometry and the MOND Transition [0.4em] Reconstruction Obstruction as an Alternative to Dark Matter	article	16150	63dc4440af4ed027f0659445e7dec57ab5850932c1cf053f64f4471c944cb719	https://github.com/standardgalactic/alphabet/blob/af2072aca89d8e52ad08478d71538936e5948cfc/physics/cosmology/admissible-geometry.tex	draft/placeholder language or path
draft	standardgalactic/alphabet	working/drafts/constraint-propagation.tex	Propagating Constraint Fields and Dynamic Structural Redistribution: Toward a Field-Theoretic Interpretation of Neural Heterogeneity and Collective Cell Migration	article	10584	37f82d308a623e16b6c443fb208dbb317bf8bee681b31c15178e69457801e2a7	https://github.com/standardgalactic/alphabet/blob/af2072aca89d8e52ad08478d71538936e5948cfc/working/drafts/constraint-propagation.tex	draft/placeholder language or path
standalone	standardgalactic/alphabet	screenplay/compression_after_expansion.tex	Compression After Expansion: On Skill, Misattribution, and the Geometry of Work	article	6115	4d7ca4fa22fe1519f3b1061406abb745bcd0145a73ec895a2be93f72186d26f5	https://github.com/standardgalactic/alphabet/blob/af2072aca89d8e52ad08478d71538936e5948cfc/screenplay/compression_after_expansion.tex	
standalone	standardgalactic/alphabet	manuscripts/geometry_of_constraints_v1.tex	The Geometry of Constraints [0.6em] Adversarial Representations, Fibrational Semantics, and the Dependency Architecture of Formal Systems	article	7493	3e4a1cbf12bbeaa35b2c9aefb1e8d9c8717c708607fa768c1a303093dd43f1bb	https://github.com/standardgalactic/alphabet/blob/af2072aca89d8e52ad08478d71538936e5948cfc/manuscripts/geometry_of_constraints_v1.tex	
standalone	standardgalactic/alphabet	aphantasia/extending-aphantasia-essay.tex	Extending ``Wordless Imageless Thought'': Modal Cognition in the Relativistic Scalar--Vector Plenum	article	17598	26da76cc312612e03288e98985068231a790dbd9208d003864cd33cee3c1ec45	https://github.com/standardgalactic/alphabet/blob/af2072aca89d8e52ad08478d71538936e5948cfc/aphantasia/extending-aphantasia-essay.tex	
draft	standardgalactic/alphabet	physics/processing/univalent-photonics.tex	Univalent Photonics 0.5em Coherence, Transport, and Admissibility Geometry	book	15353	0e0e9cea2144552b16e51d8169655d314027467c53ece3170503828149f1c002	https://github.com/standardgalactic/alphabet/blob/af2072aca89d8e52ad08478d71538936e5948cfc/physics/processing/univalent-photonics.tex	draft/placeholder language or path
standalone	standardgalactic/alphabet	pipeline/what-survives-reconstruction.tex	What Survives Reconstruction [0.4em] Admissibility, Irreversibility, and the Architecture of Externalized Structure	book	29857	47e10e960f01245cb615e76cdadafa68c5fd6308ce464e47a3ae3d6ca647c40d	https://github.com/standardgalactic/alphabet/blob/af2072aca89d8e52ad08478d71538936e5948cfc/pipeline/what-survives-reconstruction.tex	
draft	standardgalactic/alphabet	physics/cosmology/admissible-geometry-v0.tex	% Admissibility Geometry and the MOND Transition [0.4em] Reconstruction Obstruction as an Alternative to Dark Matter	article	10765	1a4c3187a0da9ccdc6b5a70cbba635a53c45692811203529d3f576d5c6b746f4	https://github.com/standardgalactic/alphabet/blob/af2072aca89d8e52ad08478d71538936e5948cfc/physics/cosmology/admissible-geometry-v0.tex	draft/placeholder language or path
standalone	standardgalactic/alphabet	processing/Constraint Before Reference.tex	Constraint Before Reference: Operator Semantics, Reification, and Symbolic Conflict	article	13011	2e2bda9c6960d953d01693378516c500e3b14bfb2ad64c2a858de05e7bafc25e	https://github.com/standardgalactic/alphabet/blob/af2072aca89d8e52ad08478d71538936e5948cfc/processing/Constraint Before Reference.tex	
standalone	standardgalactic/alphabet	processing/distributed_industrial_cloud.tex	Toward a Distributed Industrial Cloud [0.5em] Peer-to-Peer Infrastructure for Material Production, Storage, and Compute	book	13421	60cf1941c4738c629704c694024c558589efd583ab14bf8e75adb8273525eaab	https://github.com/standardgalactic/alphabet/blob/af2072aca89d8e52ad08478d71538936e5948cfc/processing/distributed_industrial_cloud.tex	
standalone	standardgalactic/alphabet	physics/processing/Never-Predict-Noise.tex	Never Predict Noise: Manifold-Aligned Prediction as Generative Inference	article	21441	17dac8adc2c6ef7c4513921369673616693004caa6d820395d1d5a4937d56f94	https://github.com/standardgalactic/alphabet/blob/af2072aca89d8e52ad08478d71538936e5948cfc/physics/processing/Never-Predict-Noise.tex	
draft	standardgalactic/alphabet	physics/cosmology/admissible-geometry-v1.tex	% Admissibility Geometry and the MOND Transition [0.4em] Reconstruction Obstruction as an Alternative to Dark Matter	article	13462	09127553c8530e959635aa1440394e1c9419dc5f444e463b4f459fccb09da2fd	https://github.com/standardgalactic/alphabet/blob/af2072aca89d8e52ad08478d71538936e5948cfc/physics/cosmology/admissible-geometry-v1.tex	draft/placeholder language or path
standalone	standardgalactic/alphabet	soup/processing/consistency-constraints.tex	Consistency Constraints and the Geometry of Learned Representations	article	10909	4398c20635be0a63dd8e62cbfaad8ca4f31e37427c7b6ff66ac4e65bc4aa6bc7	https://github.com/standardgalactic/alphabet/blob/af2072aca89d8e52ad08478d71538936e5948cfc/soup/processing/consistency-constraints.tex	
draft	standardgalactic/alphabet	framework/drafts/everything_is_a_clipboard.tex		book	28676	ee3f6241a00820c156c5afa3ce95230054aedc9ae9c041c1db469d2caed6057a	https://github.com/standardgalactic/alphabet/blob/af2072aca89d8e52ad08478d71538936e5948cfc/framework/drafts/everything_is_a_clipboard.tex	draft/placeholder language or path
standalone	standardgalactic/alphabet	example/hidden-files/procedural-ontology.tex	Procedural Ontology: The Metaphysics of Code Generation A Relativistic Scalar--Vector Plenum (RSVP) Essay	article	15506	677fbdae7d5efc1f67978133e0913df23689869b13c079c740a262bd5686e788	https://github.com/standardgalactic/alphabet/blob/af2072aca89d8e52ad08478d71538936e5948cfc/example/hidden-files/procedural-ontology.tex	
standalone	standardgalactic/alphabet	manuscripts/amplitwist-cortical-columns/essay.tex	Amplitwist Cortical Columns as Universal Geometric Operators	article	1864	f3bc5d2455cc8015f0257fdedc8a729dcc73256815cf0e07b0ef6c1a03f9ecd9	https://github.com/standardgalactic/alphabet/blob/af2072aca89d8e52ad08478d71538936e5948cfc/manuscripts/amplitwist-cortical-columns/essay.tex	
standalone	standardgalactic/alphabet	manuscripts/geodesics_of_attention_v3_sga.tex	Geodesics of Attention [4pt] Cinema, Gesture, and the Geometry of Perception	article	5460	91bb4d786be2982e2cef8bf390a5e28e23de70df6e333cedee51a1580c1e3b64	https://github.com/standardgalactic/alphabet/blob/af2072aca89d8e52ad08478d71538936e5948cfc/manuscripts/geodesics_of_attention_v3_sga.tex	
untitled-document	standardgalactic/alphabet	physics/cosmology/persistence_of_structure.tex		article	7620	ac58970e690e264cb21c961567c6077018de55cc8ce69c558e1a3f4b2e311d3f	https://github.com/standardgalactic/alphabet/blob/af2072aca89d8e52ad08478d71538936e5948cfc/physics/cosmology/persistence_of_structure.tex	documentclass present but no title found
standalone	standardgalactic/alphabet	manuscripts/geodesics_of_attention_v3_nova.tex	Geodesics of Attention [4pt] Cinema, Gesture, and the Geometry of Perception	article	5460	669c82be56171ca4ef875d9711ba203a2d379b678f3c90fd5d6eec787694dac7	https://github.com/standardgalactic/alphabet/blob/af2072aca89d8e52ad08478d71538936e5948cfc/manuscripts/geodesics_of_attention_v3_nova.tex	
standalone	standardgalactic/alphabet	Admissible Histories - Computational Biology.tex	Admissible Histories as a Unifying Principle of Neural Decision-Making	article	3331	f2a220dad090965629e41d56fb6603a3f3cbf9b2ae122b8bd4528666e6b3a4fa	https://github.com/standardgalactic/alphabet/blob/af2072aca89d8e52ad08478d71538936e5948cfc/Admissible Histories - Computational Biology.tex	
draft	standardgalactic/alphabet	working/drafts/function_survives_collapse.tex	Function Survives Collapse [0.4em] Admissibility, Entropy Flow, and the Geometry of Persistent Computation	article	19608	126ba8c38cad202b271662c6d5cb0a51fbfbc9c04aec775f0acfd543317a36ee	https://github.com/standardgalactic/alphabet/blob/af2072aca89d8e52ad08478d71538936e5948cfc/working/drafts/function_survives_collapse.tex	draft/placeholder language or path
standalone	standardgalactic/alphabet	framework/Cursive Galactic/unified-encodings.tex	Relativistic Scalar Vector Plenum: Unified Encodings Across Physics, Cognition, and Semantic Systems	article	5844	d6e04d728d17dcfc147a28e46bf839f2e4ec0ae45662a4eb0bc52d88decff379	https://github.com/standardgalactic/alphabet/blob/af2072aca89d8e52ad08478d71538936e5948cfc/framework/Cursive Galactic/unified-encodings.tex	
standalone	standardgalactic/alphabet	manuscripts/geodesics_of_attention_v3_cursive.tex	Geodesics of Attention [4pt] Cinema, Gesture, and the Geometry of Perception	article	5460	4a1e9832e023dfd062f04845ef0181a5e1a25140ab1ff9abfbb78230af2f36a5	https://github.com/standardgalactic/alphabet/blob/af2072aca89d8e52ad08478d71538936e5948cfc/manuscripts/geodesics_of_attention_v3_cursive.tex	
untitled-document	standardgalactic/alphabet	projects/compiling/axioms-for-a-falling-universe.tex		article	7864	9835f489d5751d14dda97f5e8236e589ab5aa1e8fc12b8d31aef0bd2eb583d31	https://github.com/standardgalactic/alphabet/blob/af2072aca89d8e52ad08478d71538936e5948cfc/projects/compiling/axioms-for-a-falling-universe.tex	documentclass present but no title found
standalone	standardgalactic/alphabet	manuscripts/normalization_without_convergence.tex	Normalization Without Convergence: [6pt] Large Language Models, Linguistic Entropy, and the Myth of Cognitive Homogenization	article	17898	95c21ee7e71b6f7848a0724be3441b121af2d09fff280c671ea52acce3580697	https://github.com/standardgalactic/alphabet/blob/af2072aca89d8e52ad08478d71538936e5948cfc/manuscripts/normalization_without_convergence.tex	
standalone	standardgalactic/alphabet	processing/Exaptation Under Delayed Evaluation.tex	Exaptation Under Delayed Evaluation: Selection-Pressure Management as a Mechanism of Creative Intelligence	article	11666	9ac2dc60d008cc5966ef3be6171805c431e6cd9bfe603ac43fad903d299104fd	https://github.com/standardgalactic/alphabet/blob/af2072aca89d8e52ad08478d71538936e5948cfc/processing/Exaptation Under Delayed Evaluation.tex	
standalone	standardgalactic/alphabet	manuscripts/normalization_without_convergence_v1.tex	Normalization Without Convergence: [6pt] Large Language Models, Linguistic Entropy, and the Myth of Cognitive Homogenization	article	9989	92dcc0c34c230f56d74f7540bb2a2deb2bfb57e2a397cccc55933d696f89279d	https://github.com/standardgalactic/alphabet/blob/af2072aca89d8e52ad08478d71538936e5948cfc/manuscripts/normalization_without_convergence_v1.tex	
standalone	standardgalactic/alphabet	Counterfactual Explanation as Perceptual Control.tex	Counterfactual Explanation as Perceptual Control	article	16026	1f76b93e41988723fed42d3c2207ff79fa81f930e38a5820ace1e5ff11c53f1c	https://github.com/standardgalactic/alphabet/blob/af2072aca89d8e52ad08478d71538936e5948cfc/Counterfactual Explanation as Perceptual Control.tex	
draft	standardgalactic/animal-social	reachability.tex		article	9590	5cab00d37f691339a350b87c683f62adca92ec712f898ddfe8b125d1482933e9	https://github.com/standardgalactic/animal-social/blob/efcbe9a5a83526d618c8211f09668f9a7affb48b/reachability.tex	draft/placeholder language or path
draft	standardgalactic/animal-social	background/reachability.tex		article	9590	5cab00d37f691339a350b87c683f62adca92ec712f898ddfe8b125d1482933e9	https://github.com/standardgalactic/animal-social/blob/efcbe9a5a83526d618c8211f09668f9a7affb48b/background/reachability.tex	draft/placeholder language or path
standalone	standardgalactic/antivenom	world-models.tex	World Models, Structural Constraints, and Deterministic Histories: A Unified Critique of Autoregressive Intelligence	article	1137	7e27ef42a21a9cc0fe6620039a22b92c17698d4fa90e0744abe1fc3476720bc6	https://github.com/standardgalactic/antivenom/blob/28b2ba4285f569cf6d5222c95733b9680dd96dd6/world-models.tex	
standalone	standardgalactic/antivenom	manuscript/essay.tex	A Spoonful of Poison: How Toxic Scaffolds Shape Genius	article	1797	f4e43ab7edb224e2a80d54ad23bc90354aeda3116db477648e82058af491d297	https://github.com/standardgalactic/antivenom/blob/28b2ba4285f569cf6d5222c95733b9680dd96dd6/manuscript/essay.tex	
standalone	standardgalactic/antivenom	diatribe.tex	Facebook and the Structural Degradation of Social Reality: Advertising, Attention, and Civilizational Risk	article	9393	4aa211889435db94c2069aeb7dd3e49c0639ffcca2343d01bee617acac2f445c	https://github.com/standardgalactic/antivenom/blob/28b2ba4285f569cf6d5222c95733b9680dd96dd6/diatribe.tex	
untitled-document	standardgalactic/antivenom	resources/processing/in_progress/main.tex		book	67	bebd65bdc3e30e64b8a27cd4e8d2d191d87db2e42994a585b685a2658e51b2c1	https://github.com/standardgalactic/antivenom/blob/28b2ba4285f569cf6d5222c95733b9680dd96dd6/resources/processing/in_progress/main.tex	documentclass present but no title found
untitled-document	standardgalactic/antivenom	proxy_integrity.tex		article	8273	9e5f769c9b167ce4ce726998af650e6c1737546e3a73d7a9bf986688404de1b1	https://github.com/standardgalactic/antivenom/blob/28b2ba4285f569cf6d5222c95733b9680dd96dd6/proxy_integrity.tex	documentclass present but no title found
standalone	standardgalactic/antivenom	Aspirational Exhaust.tex	Aspirational Exhaust: Semantic Entropy and the Collapse of Identity on Engagement-Optimized Platforms	article	1344	b50fe9941dfc362522e201513927c5c40445e66fea1dcb17b6d7032047fb027f	https://github.com/standardgalactic/antivenom/blob/28b2ba4285f569cf6d5222c95733b9680dd96dd6/Aspirational Exhaust.tex	
untitled-document	standardgalactic/antivenom	managed_self.tex		memoir	16841	1845322478c6047ee6e5670658d07170cf2d7bd0fb6e4ea7391d054d6c374d8d	https://github.com/standardgalactic/antivenom/blob/28b2ba4285f569cf6d5222c95733b9680dd96dd6/managed_self.tex	documentclass present but no title found
standalone	standardgalactic/antivenom	essay/structural-honesty.tex	Structural Honesty: The Preservation of Recoverable Warrant Across Transformations	article	9671	b56ac744f4981f5aad21bbb5ae4ad3780045696a95f94c54e49def2133c10f54	https://github.com/standardgalactic/antivenom/blob/28b2ba4285f569cf6d5222c95733b9680dd96dd6/essay/structural-honesty.tex	
standalone	standardgalactic/antivenom	essay/monograph.tex	Divided We Stand: RSVP and the Limits of Coherence in AI Safety	article	2892	fdda99a2dabd2dcb51383a3c6130cea0c881ea742b5cfb9f512fa6d9986abe46	https://github.com/standardgalactic/antivenom/blob/28b2ba4285f569cf6d5222c95733b9680dd96dd6/essay/monograph.tex	
standalone	standardgalactic/antivenom	Dark Patterns.tex	Dark Patterns: Generative Music Platforms as Predatory Cultural Infrastructure	article	7070	d29c54196e08928608e8112fd2f26ae3333a9c98fc06f6ee09d85c15c4d8c49b	https://github.com/standardgalactic/antivenom/blob/28b2ba4285f569cf6d5222c95733b9680dd96dd6/Dark Patterns.tex	
standalone	standardgalactic/antivenom	event-history.tex	The Deliberate Collapse of Cognitive Multiplicity: Event-History, Architectural Constraint, and the Economics of Memory	article	8740	8bc69426a4aaa796d4c8bf898784049ea9acb11f00eedad9df07e4f73d791267	https://github.com/standardgalactic/antivenom/blob/28b2ba4285f569cf6d5222c95733b9680dd96dd6/event-history.tex	
draft	standardgalactic/antivenom	resources/processing/in_progress/draft/main.tex		book	66	5da1bbaa900c42e5a550e239325ee4855b9482205fd236f549cd689418930bd5	https://github.com/standardgalactic/antivenom/blob/28b2ba4285f569cf6d5222c95733b9680dd96dd6/resources/processing/in_progress/draft/main.tex	draft/placeholder language or path
draft	standardgalactic/antivenom	diatribe - draft 01.tex	Facebook and the Degradation of Social Reality: Advertising, Attention, and Structural Harm	article	2294	63220b9540d5dd86a2149ca44bb5be90b0120fa6ad0187c9e630614a90aa8b09	https://github.com/standardgalactic/antivenom/blob/28b2ba4285f569cf6d5222c95733b9680dd96dd6/diatribe - draft 01.tex	draft/placeholder language or path
standalone	standardgalactic/antivenom	Interface-opacity.tex	Interface Opacity and the Suppression of Agency: Dark Patterns in Contemporary AI Interaction	article	5327	c4d86b8a8c5f48df44ae2277ecc58bd7ff16b742882b03f1b0778f73efdab224	https://github.com/standardgalactic/antivenom/blob/28b2ba4285f569cf6d5222c95733b9680dd96dd6/Interface-opacity.tex	
standalone	standardgalactic/antivenom	essay/glossfero-essay.tex	Glossfero and Popo: Safe Repository Cartography and a Grammar for Naming Under Exception	article	9383	31d9ac27b77190db0ae1a55c38d0de0470d35d29bc516400ed82b555749ae931	https://github.com/standardgalactic/antivenom/blob/28b2ba4285f569cf6d5222c95733b9680dd96dd6/essay/glossfero-essay.tex	
standalone	standardgalactic/antivenom	The Polemic Debt.tex	The Polemic Debt Critical Momentum and the Cognitive Economics of Refutation	article	16353	e5f821f7fecf5aed11d7b326797f6224d487ed1ad2586981f1e6eed186a9580a	https://github.com/standardgalactic/antivenom/blob/28b2ba4285f569cf6d5222c95733b9680dd96dd6/The Polemic Debt.tex	
draft	standardgalactic/antivenom	essay/draft-01/monograph.tex	Divided We Stand: RSVP and the Limits of Coherence in AI Safety	article	1524	4788238b00c2794ce254d588116dd5821a326e518c068ddf66ac0f7e4af41f8c	https://github.com/standardgalactic/antivenom/blob/28b2ba4285f569cf6d5222c95733b9680dd96dd6/essay/draft-01/monograph.tex	draft/placeholder language or path
draft	standardgalactic/antivenom	Aesthetic Saturation.tex	Aesthetic Saturation and the Erosion of Voluntary Attention in Algorithmic Social Media	article	5303	4fc4a284e030e8ad79fed14c20b513f7d4a72a309f54731a6188571c6e12e0da	https://github.com/standardgalactic/antivenom/blob/28b2ba4285f569cf6d5222c95733b9680dd96dd6/Aesthetic Saturation.tex	draft/placeholder language or path
standalone	standardgalactic/antivenom	Negative One Indexing.tex	Negative One Indexing: On Intentional Regression, Cognitive Safety, and the Ethics of Deletion	article	4025	3b51247e2b1fd55fa75c9010fe3553c05b886aea138997712d90225fa5ec3acc	https://github.com/standardgalactic/antivenom/blob/28b2ba4285f569cf6d5222c95733b9680dd96dd6/Negative One Indexing.tex	
draft	standardgalactic/antivenom	Induced Homogeneity.tex	Induced Homogeneity Aspirational Pages and the Collapse of Meaning Under Engagement Optimization	article	9206	0fa9a721d4b585cf58f889ca7d99927666b5163a58634a2d959bd490014c225b	https://github.com/standardgalactic/antivenom/blob/28b2ba4285f569cf6d5222c95733b9680dd96dd6/Induced Homogeneity.tex	draft/placeholder language or path
untitled-document	standardgalactic/antivenom	sociology/remote_work.tex		article	8595	91c935ca1de44223fa9e090a7d811f35ba1a95ad0b6d0a17a1bf241395662191	https://github.com/standardgalactic/antivenom/blob/28b2ba4285f569cf6d5222c95733b9680dd96dd6/sociology/remote_work.tex	documentclass present but no title found
standalone	standardgalactic/antivenom	essay/counterfactual.tex	The Power to Choose the Counterfactual: Effective Demand, Intersubjectivity Collapse, and the Architecture of Global Deprivation	article	10897	e8d3c1f5f5dc6a6c3c6125fc57061e4ac9a054d69394736f6233245c4d757e15	https://github.com/standardgalactic/antivenom/blob/28b2ba4285f569cf6d5222c95733b9680dd96dd6/essay/counterfactual.tex	
draft	standardgalactic/antivenom	event-history-draft-01.tex	The Deliberate Collapse of Cognitive Multiplicity: Event-Driven Intelligence, Spherepop, and the Reckless Design of Big Tech Interfaces	article	3051	163aae56f5e52f6985bd38033851a5983ed5bbbb194c215af8d9b8da9971f2ba	https://github.com/standardgalactic/antivenom/blob/28b2ba4285f569cf6d5222c95733b9680dd96dd6/event-history-draft-01.tex	draft/placeholder language or path
standalone	standardgalactic/antivenom	The Hostile Interface.tex	The Hostile Interface: Advertising Saturation and the Collapse of the Social Information Environment	article	6181	8d7af8a33fd48968884dfd8af563adf3cd93a754b1b3da473dfdb8b6cbcc9481	https://github.com/standardgalactic/antivenom/blob/28b2ba4285f569cf6d5222c95733b9680dd96dd6/The Hostile Interface.tex	
standalone	standardgalactic/antivenom	Monetizing Uncertainty.tex	Monetizing Uncertainty: Institutional Foreseeability and the Political Economy of Platform Fraud	article	5291	3b6321b2af299fd273c009023f7bc67c38103260f813c40cde741bee4820366e	https://github.com/standardgalactic/antivenom/blob/28b2ba4285f569cf6d5222c95733b9680dd96dd6/Monetizing Uncertainty.tex	
standalone	standardgalactic/antivenom	Authoritative History.tex	Authoritative History and the Limits of Autoregressive Intelligence	article	11750	14077f6651bb70724aedbcbda3871ba36823735bbb33f7dc8205a117af2142b3	https://github.com/standardgalactic/antivenom/blob/28b2ba4285f569cf6d5222c95733b9680dd96dd6/Authoritative History.tex	
untitled-document	standardgalactic/antivenom	active-inference/unidimary-numbers.tex		article	842	4af8c51287594bb3706ab651dafd73927d556b9c0aa8fcb34a612feece0535a1	https://github.com/standardgalactic/antivenom/blob/28b2ba4285f569cf6d5222c95733b9680dd96dd6/active-inference/unidimary-numbers.tex	documentclass present but no title found
standalone	standardgalactic/antivenom	projects/constraint_closure.tex	From Managed Activity to Constraint Closure [0.5em] A Selection-Theoretic Replacement for Bullshit Jobs	article	1970	bb01bbd585a86d6e217ec53e4a78c9f19c3644ba70437afc36bc5acaf2a5f9cb	https://github.com/standardgalactic/antivenom/blob/28b2ba4285f569cf6d5222c95733b9680dd96dd6/projects/constraint_closure.tex	
standalone	standardgalactic/antivenom	resources/buffer-world.tex	Buffer World A 3D Spatial Tutorial for Real Vim Motions Concept and Technical Specification	article	10091	19d2c66837970a730f69de2d3d3efcfe2f95919ae6cf1c631f11e1ee4a73918f	https://github.com/standardgalactic/antivenom/blob/28b2ba4285f569cf6d5222c95733b9680dd96dd6/resources/buffer-world.tex	
untitled-document	standardgalactic/antivenom	philosophy/managed_self.tex		memoir	16841	1845322478c6047ee6e5670658d07170cf2d7bd0fb6e4ea7391d054d6c374d8d	https://github.com/standardgalactic/antivenom/blob/28b2ba4285f569cf6d5222c95733b9680dd96dd6/philosophy/managed_self.tex	documentclass present but no title found
draft	standardgalactic/antivenom	event-history-draft-02.tex	The Deliberate Collapse of Cognitive Multiplicity: Event-Driven Intelligence, Spherepop, and the Reckless Design of Big Tech Interfaces	article	20014	cf53e5d33906a46863a885bcaeadff60be2c1bcc9bf4dcfc990c3d3db8bfe593	https://github.com/standardgalactic/antivenom/blob/28b2ba4285f569cf6d5222c95733b9680dd96dd6/event-history-draft-02.tex	draft/placeholder language or path
standalone	standardgalactic/antivenom	Artificial Coordination.tex	The Age of Artificial Coordination Optimization, Entropy, and the Collapse of Conserved Meaning	article	12835	3d28cbdb6dd6b09e65b8d64d81f7d27475e5d7385beb6edeeb42209d4784afd7	https://github.com/standardgalactic/antivenom/blob/28b2ba4285f569cf6d5222c95733b9680dd96dd6/Artificial Coordination.tex	
standalone	standardgalactic/antivenom	opinion/quiet_battlefield.tex	Quiet Battlefield: Algorithmic Governance and the Violence of the Mundane	article	6330	790fa654caf84b64a627474f8f2125a4e8e2c34ef5539df2c62433ef07b68506	https://github.com/standardgalactic/antivenom/blob/28b2ba4285f569cf6d5222c95733b9680dd96dd6/opinion/quiet_battlefield.tex	
standalone	standardgalactic/antivenom	projects/constraint_closure-1.tex	Trajectory and Residue [0.5em] How Work Becomes What Continues to Hold	article	2001	94e5fcaa44d2b65690358b184bc89fc9be1d014519fa1b271c5d9394662d43b8	https://github.com/standardgalactic/antivenom/blob/28b2ba4285f569cf6d5222c95733b9680dd96dd6/projects/constraint_closure-1.tex	
untitled-document	standardgalactic/antivenom	boundaries/vanity_publishing.tex		article	6434	82ac9650de622dda9148acb5d1e3b2c6657461f479ad13e7898ab09d024479d7	https://github.com/standardgalactic/antivenom/blob/28b2ba4285f569cf6d5222c95733b9680dd96dd6/boundaries/vanity_publishing.tex	documentclass present but no title found
standalone	standardgalactic/antivenom	Authoritative History - overview.tex	Authoritative History and the Limits of Autoregressive Intelligence	article	1160	caaf4782389f359146a165e7cc2d71844e94f446ec43abfbb83a96d7b3d6bc7d	https://github.com/standardgalactic/antivenom/blob/28b2ba4285f569cf6d5222c95733b9680dd96dd6/Authoritative History - overview.tex	
standalone	standardgalactic/antivenom	The Assumption of Surplus.tex	The Assumption of Surplus: Startup Culture, Advertising Economies, and the Boundary Conditions of Growth	article	10986	8ecd98dbf39217a4996682cd284cd1ce6ab8ff2be2897c6be916def0997ab9d4	https://github.com/standardgalactic/antivenom/blob/28b2ba4285f569cf6d5222c95733b9680dd96dd6/The Assumption of Surplus.tex	
standalone	standardgalactic/antivenom	projects/constraint_closure-2.tex	Trajectory and Residue [0.5em] How Work Becomes What Continues to Hold	article	2578	d86a4004598e9c5485aba0896d4afbfd9d31cda4a8eee8527428f5a80bc2a1b7	https://github.com/standardgalactic/antivenom/blob/28b2ba4285f569cf6d5222c95733b9680dd96dd6/projects/constraint_closure-2.tex	
standalone	standardgalactic/antivenom	futurology/xylomorphic-premise.tex	-1.2cm% The Xylomorphic Premise [0.5em] Waste Heat, Physical Co-Computation, and the Architecture of Post-Carbon Infrastructure	article	7028	6f75e0384572f6b3546b08af04755feb078fa233bdce27ecd53f4b0fd5758835	https://github.com/standardgalactic/antivenom/blob/28b2ba4285f569cf6d5222c95733b9680dd96dd6/futurology/xylomorphic-premise.tex	
standalone	standardgalactic/antivenom	Monetization-of-Redundancy.tex	The Monetization of Redundancy: Tokenization and the Enclosure of Computation	article	9672	6ce4d2717c02380e22f90e931716cc1afc3b3dd8fb4927f41940c1c1a79f3c2d	https://github.com/standardgalactic/antivenom/blob/28b2ba4285f569cf6d5222c95733b9680dd96dd6/Monetization-of-Redundancy.tex	
standalone	standardgalactic/antivenom	Against-the-Extinction-Thesis.tex	Against the Extinction Thesis:\ Intelligence as an Integrative Ecological Operator\ A Systematic Rebuttal to Soares and Yudkowsky from the RSVP Perspective	article	6574	72008536b911a92e2c686069afb8a702ce2fecec6a54402ddcf31cfbb3c701c7	https://github.com/standardgalactic/antivenom/blob/28b2ba4285f569cf6d5222c95733b9680dd96dd6/Against-the-Extinction-Thesis.tex	
standalone	standardgalactic/antivenom	boundaries/escape_velocity.tex	Velocity: Austerity, Field Dynamics, and the Endogenous Regulation of Transformation	article	11013	b7a93a3641e716257b928fa7cf936538657121e4b3f9c5d898517207b468b3c5	https://github.com/standardgalactic/antivenom/blob/28b2ba4285f569cf6d5222c95733b9680dd96dd6/boundaries/escape_velocity.tex	
standalone	standardgalactic/antivenom	projects/constraint_closure-3.tex	Trajectory and Residue [0.5em] How Work Becomes What Continues to Hold	article	3105	7a1671094d164ef9a25902b407d850a16e855ee3d0e8db78d5bd1de0a2db4480	https://github.com/standardgalactic/antivenom/blob/28b2ba4285f569cf6d5222c95733b9680dd96dd6/projects/constraint_closure-3.tex	
draft	standardgalactic/antivenom	opinion/Aesthetic Saturation.tex	Aesthetic Saturation and the Erosion of Voluntary Attention in Algorithmic Social Media	article	5303	4fc4a284e030e8ad79fed14c20b513f7d4a72a309f54731a6188571c6e12e0da	https://github.com/standardgalactic/antivenom/blob/28b2ba4285f569cf6d5222c95733b9680dd96dd6/opinion/Aesthetic Saturation.tex	draft/placeholder language or path
standalone	standardgalactic/antivenom	monograph/unfinishable-games.tex	Unfinishable Games: Real-Time Structure as a Distinct Mechanism of Extraction	article	6009	18f63b764fbb2b72082d0e93136d9df543d36355f01f509e88b4e33621b767f9	https://github.com/standardgalactic/antivenom/blob/28b2ba4285f569cf6d5222c95733b9680dd96dd6/monograph/unfinishable-games.tex	
standalone	standardgalactic/antivenom	resources/synthetic_sociality.tex	The Hollow Network [0.5em] Synthetic Sociality, Metric Misalignment, and the Politics of Legibility in Algorithmically Mediated Environments	article	4511	339d8d6695a32081094a3b1f4017da78c16fe8498bd30ea9d49d30e89c8ed02c	https://github.com/standardgalactic/antivenom/blob/28b2ba4285f569cf6d5222c95733b9680dd96dd6/resources/synthetic_sociality.tex	
standalone	standardgalactic/antivenom	projects/constraint_closure-5.tex	Trajectory and Residue [0.5em] How Work Becomes What Continues to Hold	article	4194	cd86e811e0ab3cd570e707bf8199ba05de2fa9df826735a8052e18edbd3f1fdb	https://github.com/standardgalactic/antivenom/blob/28b2ba4285f569cf6d5222c95733b9680dd96dd6/projects/constraint_closure-5.tex	
standalone	standardgalactic/antivenom	Culture-and-structural-power.tex	Culture and Structural Power: Mute Compulsion as a General Theory of Social Reproduction	article	5654	e50af767f4265d5176cf07653aae1f4a69c5486d20bf6ba4099316f9f6540848	https://github.com/standardgalactic/antivenom/blob/28b2ba4285f569cf6d5222c95733b9680dd96dd6/Culture-and-structural-power.tex	
standalone	standardgalactic/antivenom	projects/constraint_closure-4.tex	Trajectory and Residue [0.5em] How Work Becomes What Continues to Hold	article	4176	0776053a62baaa57914a632d626d30dfe08447255cea0bab95faa929b443ea26	https://github.com/standardgalactic/antivenom/blob/28b2ba4285f569cf6d5222c95733b9680dd96dd6/projects/constraint_closure-4.tex	
standalone	standardgalactic/antivenom	Against Namespace Laundering.tex	Against Namespace Laundering	article	7403	369e6fc4d88b4eb384b4289995682aeea46d49908ee85f3979558213e4a7084e	https://github.com/standardgalactic/antivenom/blob/28b2ba4285f569cf6d5222c95733b9680dd96dd6/Against Namespace Laundering.tex	
standalone	standardgalactic/antivenom	resources/plenumhub-polyxan.tex	PlenumHub / Polyxan Toward a Source-First Publishing Substrate	article	20537	508b5e6bd420b4d17f18d71caf2b8fec6bd1b5852e9c1d40490207abb1961410	https://github.com/standardgalactic/antivenom/blob/28b2ba4285f569cf6d5222c95733b9680dd96dd6/resources/plenumhub-polyxan.tex	
draft	standardgalactic/antivenom	essay/admissibility_groupoids.tex	Admissibility and the Structure of Physical Symmetry: From Groups to Groupoids	article	6945	ad79b5c637413729478701e46c65714dee60f16c4a8ce9d74c706e73fd339758	https://github.com/standardgalactic/antivenom/blob/28b2ba4285f569cf6d5222c95733b9680dd96dd6/essay/admissibility_groupoids.tex	draft/placeholder language or path
standalone	standardgalactic/antivenom	Constraint Before Capability.tex	Constraint Before Capability: Admissibility, Governance Failure, and the Structure of Intelligent Processes	article	13804	f9c051f428982e7421586fcfaade9a1d5cdb859374e66d2ff7b32551322a075b	https://github.com/standardgalactic/antivenom/blob/28b2ba4285f569cf6d5222c95733b9680dd96dd6/Constraint Before Capability.tex	
standalone	standardgalactic/antivenom	framework/fragility-metacrisis.tex	Broken Tools for a Breaking World: AI Fragility, the Four Races, and the Metacrisis	article	11767	ced4ba89c0573df76b16d44c4901d6235cb41e7879dc18fab4d71413af112e10	https://github.com/standardgalactic/antivenom/blob/28b2ba4285f569cf6d5222c95733b9680dd96dd6/framework/fragility-metacrisis.tex	
standalone	standardgalactic/antivenom	When Engagement Stops Pointing.tex	When Engagement Stops Pointing: Goodhart’s Law and the Collapse of Social Discovery	article	6197	6ce27a52358764d0f9c205dc81fc222a4f889a2d761b5d6ef2a60844dc29f82a	https://github.com/standardgalactic/antivenom/blob/28b2ba4285f569cf6d5222c95733b9680dd96dd6/When Engagement Stops Pointing.tex	
standalone	standardgalactic/antivenom	monograph/blockchain-critique.tex	The Useless Work Problem in Blockchain Economies: Thermodynamics, Semantic Structure, and Cognitive Control	article	10347	f8d4aeb3c1d6277e5e368585e55286040be8caab6e9be589562860e73285cc1f	https://github.com/standardgalactic/antivenom/blob/28b2ba4285f569cf6d5222c95733b9680dd96dd6/monograph/blockchain-critique.tex	
untitled-document	standardgalactic/antivenom	resources/synthetic_sociality_v2.tex		article	6937	43ac19e0609761acd7a83a8cf03e5941eadedac0412f51f1e8c0c62f139c6db7	https://github.com/standardgalactic/antivenom/blob/28b2ba4285f569cf6d5222c95733b9680dd96dd6/resources/synthetic_sociality_v2.tex	documentclass present but no title found
standalone	standardgalactic/antivenom	Optimization without Restraint.tex	Optimization Without Restraint [0.5em] Gradient Amplification and Extractive Convergence in Digital Platform Systems	article	9222	03e1911c26e156bcb3edfae7bf377286736421f5395b5dedd525ccedfb553bc8	https://github.com/standardgalactic/antivenom/blob/28b2ba4285f569cf6d5222c95733b9680dd96dd6/Optimization without Restraint.tex	
untitled-document	standardgalactic/antivenom	essay/paracosms-of-the-strange.tex		article	11472	8b4289fdfdaaeb66146657fe625026d285e32c19ec184316c71bd21ef7f9aa73	https://github.com/standardgalactic/antivenom/blob/28b2ba4285f569cf6d5222c95733b9680dd96dd6/essay/paracosms-of-the-strange.tex	documentclass present but no title found
untitled-document	standardgalactic/antivenom	resources/synthetic_sociality_v3.tex		article	8080	c0c9c4fc48fff0872e01c9d67f6d16dc2c1cca3fac59f580b85f9a64af3a5f80	https://github.com/standardgalactic/antivenom/blob/28b2ba4285f569cf6d5222c95733b9680dd96dd6/resources/synthetic_sociality_v3.tex	documentclass present but no title found
untitled-document	standardgalactic/antivenom	projects/survival-is-insufficient.tex		article	11456	ff6bac818f15f538cf95e5d45f5d45509ee980606a513fd6fa796a71029b30b4	https://github.com/standardgalactic/antivenom/blob/28b2ba4285f569cf6d5222c95733b9680dd96dd6/projects/survival-is-insufficient.tex	documentclass present but no title found
untitled-document	standardgalactic/antivenom	economics/structural_convergence.tex		article	6106	4bede3cb81fc4cb1ea60e28320e4106bb3c12326d3d84bdd17b841cf10bc8bc4	https://github.com/standardgalactic/antivenom/blob/28b2ba4285f569cf6d5222c95733b9680dd96dd6/economics/structural_convergence.tex	documentclass present but no title found
standalone	standardgalactic/antivenom	The Commodification of Categories.tex	The Commodification of Categories Platform Economics and the Collapse of Epistemic Gatekeeping	article	4673	2b93081b20b31b5e2367f2c005a92305f3ad3c5ed5f4cb04defc1a19d65c922f	https://github.com/standardgalactic/antivenom/blob/28b2ba4285f569cf6d5222c95733b9680dd96dd6/The Commodification of Categories.tex	
untitled-document	standardgalactic/antivenom	boundaries/synthetic_trajectories.tex		article	11507	bd57c2c33b4b6323b0923a9816707ecf280e354856fddf96187fe87533694c0e	https://github.com/standardgalactic/antivenom/blob/28b2ba4285f569cf6d5222c95733b9680dd96dd6/boundaries/synthetic_trajectories.tex	documentclass present but no title found
untitled-document	standardgalactic/antivenom	resources/synthetic_sociality_v3-1.tex		article	8080	3b97ae78815722ece5e44167dce93e7bb1a930da14ddc5845e048c06d9d1d5d4	https://github.com/standardgalactic/antivenom/blob/28b2ba4285f569cf6d5222c95733b9680dd96dd6/resources/synthetic_sociality_v3-1.tex	documentclass present but no title found
untitled-document	standardgalactic/antivenom	resources/geometry_of_correction.tex		book	26860	6a2219ad8571fd24bd121ecba058f671d356f8606be3a3bc9a3679ddcc940f1b	https://github.com/standardgalactic/antivenom/blob/28b2ba4285f569cf6d5222c95733b9680dd96dd6/resources/geometry_of_correction.tex	documentclass present but no title found
standalone	standardgalactic/antivenom	essay/hyperpleonastic-legibility.tex	Hyperpleonastic Legibility: Selector Fields, Recoverable Information Density, and Civilizational Incompressibility	article	11804	221021d843be15fcddd078b4a431cdf90b0d886b263e518e0a9d804a1468ce01	https://github.com/standardgalactic/antivenom/blob/28b2ba4285f569cf6d5222c95733b9680dd96dd6/essay/hyperpleonastic-legibility.tex	
standalone	standardgalactic/antivenom	rhetoric/Friction as Inoculation.tex	Friction as Inoculation: [4pt] Null Preservation, Bounded Difficulty, [2pt] and the Architecture of Cognitive Resilience	article	13016	393abf8b9c230de4fe8c1d4cfaade889c5e039915525983846e3b564543d172b	https://github.com/standardgalactic/antivenom/blob/28b2ba4285f569cf6d5222c95733b9680dd96dd6/rhetoric/Friction as Inoculation.tex	
untitled-document	standardgalactic/antivenom	resources/synthetic_sociality_v3-2.tex		article	10657	8a48f6bbe5386661468a14dd729bb3a3c6bdb691aba906f0c8800227cee2718e	https://github.com/standardgalactic/antivenom/blob/28b2ba4285f569cf6d5222c95733b9680dd96dd6/resources/synthetic_sociality_v3-2.tex	documentclass present but no title found
standalone	standardgalactic/antivenom	resources/processing/buffer-world.tex	Buffer World A 3D Spatial Tutorial for Real Vim Motions Concept and Technical Specification	article	10091	19d2c66837970a730f69de2d3d3efcfe2f95919ae6cf1c631f11e1ee4a73918f	https://github.com/standardgalactic/antivenom/blob/28b2ba4285f569cf6d5222c95733b9680dd96dd6/resources/processing/buffer-world.tex	
untitled-document	standardgalactic/antivenom	resources/synthetic_sociality_v3-3.tex		article	14714	e6304fe4140aefbc568a1d8331fee628a5d089926bea36c55fd9096a32c85383	https://github.com/standardgalactic/antivenom/blob/28b2ba4285f569cf6d5222c95733b9680dd96dd6/resources/synthetic_sociality_v3-3.tex	documentclass present but no title found
standalone	standardgalactic/antivenom	active-inference/variational-curvature.tex	Variational Curvature, Predictive Geometry, and the Maintenance of Agency	article	3769	36f5e865acfb2c1637804fec298ce355de430c0565acf74d04731918e8241527	https://github.com/standardgalactic/antivenom/blob/28b2ba4285f569cf6d5222c95733b9680dd96dd6/active-inference/variational-curvature.tex	
standalone	standardgalactic/antivenom	persistence/proxy_permanence_failure.tex	Proxy Permanence Failure [0.4em] Carbon Governance, Biodiversity, and the Collapse of Admissibility Under Nonstationary Constraint Fields [0.6em] A Theoretical Analysis via the RSVP--TARTAN--CLIO Framework	article	14983	e5ba539f630410f87f5fafc05a91365768e68dd9dfb3d3d0375295de97ef0537	https://github.com/standardgalactic/antivenom/blob/28b2ba4285f569cf6d5222c95733b9680dd96dd6/persistence/proxy_permanence_failure.tex	
standalone	standardgalactic/antivenom	processing/Monetization-of-Redundancy.tex	The Monetization of Redundancy: Tokenization and the Enclosure of Computation	article	10645	5d9379954c170b733b3efafa0e76f38baa0e6fb9ee9f2e307b092bc5e5e9e199	https://github.com/standardgalactic/antivenom/blob/28b2ba4285f569cf6d5222c95733b9680dd96dd6/processing/Monetization-of-Redundancy.tex	
standalone	standardgalactic/antivenom	active-inference/surprise-minimization.tex	Surprise Minimization, Solomonoff Induction, and Expected Free Energy: A Formal Analysis with Curvature Dynamics, Variational Flow, and Minimal-Complexity Niches	article	4624	3f7f3f360d56cc07204638bcead81d2df5c43aa219d3942f4f9875003fea0289	https://github.com/standardgalactic/antivenom/blob/28b2ba4285f569cf6d5222c95733b9680dd96dd6/active-inference/surprise-minimization.tex	
draft	standardgalactic/antivenom	Against Namespace Laundering - draft 01.tex	Against Namespace Laundering	article	4736	960b013cb38cf38a627bee4b065a0fb4022a64b44a26a6f11599af436774437f	https://github.com/standardgalactic/antivenom/blob/28b2ba4285f569cf6d5222c95733b9680dd96dd6/Against Namespace Laundering - draft 01.tex	draft/placeholder language or path
standalone	standardgalactic/antivenom	resources/processing/plenumhub-polyxan.tex	PlenumHub / Polyxan Toward a Source-First Publishing Substrate	article	20537	508b5e6bd420b4d17f18d71caf2b8fec6bd1b5852e9c1d40490207abb1961410	https://github.com/standardgalactic/antivenom/blob/28b2ba4285f569cf6d5222c95733b9680dd96dd6/resources/processing/plenumhub-polyxan.tex	
draft	standardgalactic/antivenom	Against Namespace Laundering - draft 02.tex	Against Namespace Laundering	article	9442	b079fd5f2295b51fd6bf703cda1733752b8f40d1ca69d44b25860dea85e4ebb3	https://github.com/standardgalactic/antivenom/blob/28b2ba4285f569cf6d5222c95733b9680dd96dd6/Against Namespace Laundering - draft 02.tex	draft/placeholder language or path
standalone	standardgalactic/antivenom	economics/participation_without_guarantee.tex	Participation Without Guarantee: A Field-Theoretic Critique of Upwork as a Probabilistic Marketplace	article	4358	793c8aeaf93e8a4b6f1a97090cb5168addd6f9678949c90f184d61daec8b289e	https://github.com/standardgalactic/antivenom/blob/28b2ba4285f569cf6d5222c95733b9680dd96dd6/economics/participation_without_guarantee.tex	
standalone	standardgalactic/antivenom	projects/ownership-without-understanding.tex	Ownership Without Understanding: Obstruction, Deskilling, and the Sheaf-Theoretic Geometry of Extraction	article	7459	f0137a235ae9928163b7d8437a2850ddd0aea8881077f719347c5890bb0c720c	https://github.com/standardgalactic/antivenom/blob/28b2ba4285f569cf6d5222c95733b9680dd96dd6/projects/ownership-without-understanding.tex	
draft	standardgalactic/antivenom	rhetoric/Friction as Inoculation - Draft 02.tex	Friction as Inoculation: [4pt] Null Preservation, Bounded Difficulty, [2pt] and the Architecture of Cognitive Resilience	article	6353	16304dde715f5af7f9d350330e2b1081e29f1a7e6b422a831d86a0e4e9b7f9a7	https://github.com/standardgalactic/antivenom/blob/28b2ba4285f569cf6d5222c95733b9680dd96dd6/rhetoric/Friction as Inoculation - Draft 02.tex	draft/placeholder language or path
draft	standardgalactic/antivenom	rhetoric/Friction as Inoculation - Draft 01.tex	Friction as Inoculation: Holistic Training Under Bounded Difficulty	article	8337	e200962da6afb32224b271c064f56c70209799f01497c4838f336d6eaf4b8a53	https://github.com/standardgalactic/antivenom/blob/28b2ba4285f569cf6d5222c95733b9680dd96dd6/rhetoric/Friction as Inoculation - Draft 01.tex	draft/placeholder language or path
untitled-document	standardgalactic/antivenom	resources/processing/geometry_of_correction.tex		book	26860	6a2219ad8571fd24bd121ecba058f671d356f8606be3a3bc9a3679ddcc940f1b	https://github.com/standardgalactic/antivenom/blob/28b2ba4285f569cf6d5222c95733b9680dd96dd6/resources/processing/geometry_of_correction.tex	documentclass present but no title found
draft	standardgalactic/antivenom	resources/processing/draft/plenumhub-polyxan.tex	PlenumHub / Polyxan Toward a Source-First Publishing Substrate	article	11417	7f5359818e69746f4f0b9e128b2ab19173d2a95f3d11e634abfe594435510a60	https://github.com/standardgalactic/antivenom/blob/28b2ba4285f569cf6d5222c95733b9680dd96dd6/resources/processing/draft/plenumhub-polyxan.tex	draft/placeholder language or path
draft	standardgalactic/antivenom	active-inference/surprise-minimization-draft-01.tex	Complexity-Weighted Surprise Minimization as a Variational Field Theory: Continuous, Functional-Analytic, and Information-Geometric Foundations	article	6664	ad1d3e4fab55f8f72ba6c7649f529711c249e94d12af8697ee98dc75282539e8	https://github.com/standardgalactic/antivenom/blob/28b2ba4285f569cf6d5222c95733b9680dd96dd6/active-inference/surprise-minimization-draft-01.tex	draft/placeholder language or path
standalone	standardgalactic/arabic-flashcards	monograph.tex	The Ontology of Self-Organizing Forms: A Unified Variational Field Theory of Structure and Identity	article	13020	55ab3278d0838e9949a85dfcb54283578dde5f68f40ddc8750bed07d58f66cf7	https://github.com/standardgalactic/arabic-flashcards/blob/dc4322c9b3e9ba4ad5ee49de720ad87a54c27de5/monograph.tex	
draft	standardgalactic/arabic-flashcards	protocol-zero.tex	PROTOCOL ZERO [6pt] The Algorithmic Deconstruction of Arabic [2pt] A Manifesto in Ten Lectures	article	5564	938de9bd504c812e09fdbe32482df4ae4c596d33f15c06e15dca2703d3f26822	https://github.com/standardgalactic/arabic-flashcards/blob/dc4322c9b3e9ba4ad5ee49de720ad87a54c27de5/protocol-zero.tex	draft/placeholder language or path
draft	standardgalactic/arabic-flashcards	protocol-zero-draft-01.tex	PROTOCOL ZERO [6pt] The Algorithmic Deconstruction of Arabic [2pt] A Manifesto in Ten Lectures	article	791	52c0ef632475ed899195b70084824ae4f310a3f529a1df040c701b8730c86d6b	https://github.com/standardgalactic/arabic-flashcards/blob/dc4322c9b3e9ba4ad5ee49de720ad87a54c27de5/protocol-zero-draft-01.tex	draft/placeholder language or path
untitled-document	standardgalactic/arcanum	realization-map.tex		article	6208	b9750d65c9e76720b160a11a8a5e4599b8ec26286212f55dc72a1c366d2f8d45	https://github.com/standardgalactic/arcanum/blob/ade3d98422c9d3d6e848d95fdfd1e5b56b0c62a1/realization-map.tex	documentclass present but no title found
untitled-document	standardgalactic/arcanum	synthetic-grounding.tex		article	3345	0fed96d16a49dbee2160aa9c835504c128c101c85f638022784f4acff9d54707	https://github.com/standardgalactic/arcanum/blob/ade3d98422c9d3d6e848d95fdfd1e5b56b0c62a1/synthetic-grounding.tex	documentclass present but no title found
fragment	standardgalactic/calculus	experiments/trig-textbook/front/preface.tex			154	bba005b4df65c4c3267f079704447b742c544615d520400de7a5965681d803f2	https://github.com/standardgalactic/calculus/blob/e7fd3412ffcb95c4f1343420bf14a6f8e1113649/experiments/trig-textbook/front/preface.tex	no title and no documentclass
chapter	standardgalactic/calculus	hierarchical-structure/chapters/titlepage.tex			22	3f4c069a04ddacc13dd33c4f13b073de50ba57b24cb994eee5b851d98edc12ac	https://github.com/standardgalactic/calculus/blob/e7fd3412ffcb95c4f1343420bf14a6f8e1113649/hierarchical-structure/chapters/titlepage.tex	chapter/section path or fragment without document title
chapter	standardgalactic/calculus	hierarchical-structure/chapters/preface.tex			653	4382bbcf50892f84090e3576398a05731750c99ca19123900455dac236e79b16	https://github.com/standardgalactic/calculus/blob/e7fd3412ffcb95c4f1343420bf14a6f8e1113649/hierarchical-structure/chapters/preface.tex	chapter/section path or fragment without document title
standalone	standardgalactic/calculus	kernel-memory.tex	% Kernel Operators, Memory, and Field-Theoretic Dynamics [0.5em] Dynamics as Functionals of Trajectories	article	12410	41da2d446ef0a6acef0bb1096474a8a1f1a1194efede52b70a976ca662b7ff62	https://github.com/standardgalactic/calculus/blob/e7fd3412ffcb95c4f1343420bf14a6f8e1113649/kernel-memory.tex	
untitled-document	standardgalactic/calculus	constraint.tex		book	7281	37d312a63249dbd119abf59812897d5e0febd95f50e92118a37e6df6390e7a92	https://github.com/standardgalactic/calculus/blob/e7fd3412ffcb95c4f1343420bf14a6f8e1113649/constraint.tex	documentclass present but no title found
standalone	standardgalactic/calculus	rsvp_v4.tex	Geometry from Entropy Flow: Renormalization, Plenum Dynamics, and the Emergence of Physical Structure	article	13249	ccbc12214f8f536fedcdf8c352032874e2fafc2ae1ef0d25530ddc563a135bce	https://github.com/standardgalactic/calculus/blob/e7fd3412ffcb95c4f1343420bf14a6f8e1113649/rsvp_v4.tex	
chapter	standardgalactic/calculus	hierarchical-structure/chapters/ch16_approx.tex			312	d9f4f73fac2522b415645158261ff9e2207ad3cb1d3472a458bc17b902252228	https://github.com/standardgalactic/calculus/blob/e7fd3412ffcb95c4f1343420bf14a6f8e1113649/hierarchical-structure/chapters/ch16_approx.tex	chapter/section path or fragment without document title
standalone	standardgalactic/calculus	stone_piano.tex	The Stone Piano Hypothesis: Neanderthal Lithophones and the Acoustic Interpretation of the Bruniquel Cave Structures	article	13956	dcba106f968fd4f33a25cf6c25e383615faed9ece4ca5e65e16fb4909ba6e143	https://github.com/standardgalactic/calculus/blob/e7fd3412ffcb95c4f1343420bf14a6f8e1113649/stone_piano.tex	
untitled-document	standardgalactic/calculus	constraint_v2.tex		book	28969	d06532c1ea106f8ff224e0f6fb395f9c0201176acd8b86c0ec8d52c8c0488ac0	https://github.com/standardgalactic/calculus/blob/e7fd3412ffcb95c4f1343420bf14a6f8e1113649/constraint_v2.tex	documentclass present but no title found
chapter	standardgalactic/calculus	hierarchical-structure/chapters/ch17_complexity.tex			313	441636883008ae6e936c644f88181f7214f980f165668231d260b57679632281	https://github.com/standardgalactic/calculus/blob/e7fd3412ffcb95c4f1343420bf14a6f8e1113649/hierarchical-structure/chapters/ch17_complexity.tex	chapter/section path or fragment without document title
standalone	standardgalactic/calculus	processing/boundaries-computational-objects.tex	Boundaries Are Computational Objects [0.3em] Screening, Pursuit, and Refusal as Three Theories of What a Boundary Does	article	4501	8487416542a2126bc82ac6cc73a20d4857ae7d6805a6eb887988734314537a6b	https://github.com/standardgalactic/calculus/blob/e7fd3412ffcb95c4f1343420bf14a6f8e1113649/processing/boundaries-computational-objects.tex	
chapter	standardgalactic/calculus	hierarchical-structure/chapters/ch19_parallel.tex			320	7aec45ec472d5e4346e3cb23deb89dadd9f941c1d1e1c156edf28aa3d56815d4	https://github.com/standardgalactic/calculus/blob/e7fd3412ffcb95c4f1343420bf14a6f8e1113649/hierarchical-structure/chapters/ch19_parallel.tex	chapter/section path or fragment without document title
standalone	standardgalactic/calculus	mesoscale_matter.tex	Mesoscale Matter as Constrained Field Dynamics [4pt] A Unified Framework for Structure, Transport, and Function	article	23262	e0d971d30538a7e734293b39f081db0871ae7071bdbb34205b999f1ad463bcf2	https://github.com/standardgalactic/calculus/blob/e7fd3412ffcb95c4f1343420bf14a6f8e1113649/mesoscale_matter.tex	
untitled-document	standardgalactic/calculus	hierarchical-structure/main.tex		book	233	00deb746a1b69aa44db71292dbe8edfce88ea84f9bd58d542864a3c3632e9f94	https://github.com/standardgalactic/calculus/blob/e7fd3412ffcb95c4f1343420bf14a6f8e1113649/hierarchical-structure/main.tex	documentclass present but no title found
draft	standardgalactic/calculus	processing/economics-of-irreversibility.tex	The Economics of Irreversibility [0.3em] From Event Cost to Historical Field: Three Scales of a Single Quantity	article	4446	cbf65489b43e778747172cf7ebaf2d98abbdca8f4ce21dd40275610bb386c373	https://github.com/standardgalactic/calculus/blob/e7fd3412ffcb95c4f1343420bf14a6f8e1113649/processing/economics-of-irreversibility.tex	draft/placeholder language or path
untitled-document	standardgalactic/calculus	Calculus - diagrams.tex		book	9226	6cae87669860cd7a69fd8d919ad5a896443e06dd91706363aaccc1d1dbc2b5f1	https://github.com/standardgalactic/calculus/blob/e7fd3412ffcb95c4f1343420bf14a6f8e1113649/Calculus - diagrams.tex	documentclass present but no title found
standalone	standardgalactic/calculus	interface_ecologies.tex	Interface Ecologies: Motor Language, Process Invocation, and Computational Universality	article	9638	18f7fe7d0a7ec585d95066eb41c887a12b1fa8300e0a8cdf74752cbd7df66f49	https://github.com/standardgalactic/calculus/blob/e7fd3412ffcb95c4f1343420bf14a6f8e1113649/interface_ecologies.tex	
untitled-document	standardgalactic/calculus	computational_worlds.tex		book	19305	371131f6b1dabcc8f8181af121a052cd4e6f9490d8a11f31eb2b37186ad511e1	https://github.com/standardgalactic/calculus/blob/e7fd3412ffcb95c4f1343420bf14a6f8e1113649/computational_worlds.tex	documentclass present but no title found
standalone	standardgalactic/calculus	experiments/trig-textbook/main.tex	Trigonometry and Transformation	book	262	236e544c1cd236b903111c002f2358bb4e1ce1ad4d1bebeb26b99913d9a1e899	https://github.com/standardgalactic/calculus/blob/e7fd3412ffcb95c4f1343420bf14a6f8e1113649/experiments/trig-textbook/main.tex	
standalone	standardgalactic/calculus	baseline/preference_fields.tex	Fields on Semantic Manifolds Directional Constraints, Spectral Admissibility, and Random Geometric Graph Structure	article	4890	f00df7cdd325e55f7a22afe91aaeff34c07633fe2dc3291c2a65cb76cdd5eb2a	https://github.com/standardgalactic/calculus/blob/e7fd3412ffcb95c4f1343420bf14a6f8e1113649/baseline/preference_fields.tex	
chapter	standardgalactic/calculus	hierarchical-structure/chapters/ch18_streaming.tex			396	6f8e57f40c591b858c36ae816dfbb9043340f3fb6693d64358aa48afc33a6e95	https://github.com/standardgalactic/calculus/blob/e7fd3412ffcb95c4f1343420bf14a6f8e1113649/hierarchical-structure/chapters/ch18_streaming.tex	chapter/section path or fragment without document title
chapter	standardgalactic/calculus	hierarchical-structure/chapters/ch20_curvature.tex			435	46e5ec22a98fa17bdaeb30d965d3839df8b65e73c002276db1f2d8ca7306325a	https://github.com/standardgalactic/calculus/blob/e7fd3412ffcb95c4f1343420bf14a6f8e1113649/hierarchical-structure/chapters/ch20_curvature.tex	chapter/section path or fragment without document title
standalone	standardgalactic/calculus	interface_ecologies_v2.tex	Interface Ecologies: Motor Language, Process Invocation, and Computational Universality	article	17727	a900e3224c41ba1fdf80da86f4a53e5dffdc91ccfba5a35503510f4d71426c36	https://github.com/standardgalactic/calculus/blob/e7fd3412ffcb95c4f1343420bf14a6f8e1113649/interface_ecologies_v2.tex	
draft	standardgalactic/calculus	working/attention-essay.tex	The Coordinate-System Error: Misdiagnosis in the Theories of Attention, Efficiency, and Technological Progress	article	12559	daafe4e1dfc54af5b15d46021556a0766d2bf5024a8f017bae352a13e28c1827	https://github.com/standardgalactic/calculus/blob/e7fd3412ffcb95c4f1343420bf14a6f8e1113649/working/attention-essay.tex	draft/placeholder language or path
untitled-document	standardgalactic/calculus	identity_after_collapse.tex		amsbook	23754	43a5b33b8f7e5deb8df85347392ea2f3c8af6291c87c345a5d164fce732fe1ea	https://github.com/standardgalactic/calculus/blob/e7fd3412ffcb95c4f1343420bf14a6f8e1113649/identity_after_collapse.tex	documentclass present but no title found
standalone	standardgalactic/calculus	processing/restoration-before-explanation.tex	Restoration Before Explanation [0.3em] Why Systems Can Be Repaired Before They Are Understood	article	3699	f44241c53479499e05b94a053d458abdd9e4d33414e01de4efc29c41d93111e6	https://github.com/standardgalactic/calculus/blob/e7fd3412ffcb95c4f1343420bf14a6f8e1113649/processing/restoration-before-explanation.tex	
standalone	standardgalactic/calculus	baseline/markov_boundaries.tex	's Undo Stack On Markov Boundaries, Coordination Costs, and the Recurring Regression of Progress	article	4069	c74a87141fe950a18da4d220d697f37b0acbe46456ef3eba49afbec2b2508cef	https://github.com/standardgalactic/calculus/blob/e7fd3412ffcb95c4f1343420bf14a6f8e1113649/baseline/markov_boundaries.tex	
standalone	standardgalactic/calculus	experiments/empirical-paper.tex	Capacity, Dissipation, and the Onset of Motility-Induced Phase Separation: An Empirical Test of RSVP Field Dynamics	article	5594	34a04e37b338e62075aa7f57098708aeabbc31b63e32007cb15c04a09dc62856	https://github.com/standardgalactic/calculus/blob/e7fd3412ffcb95c4f1343420bf14a6f8e1113649/experiments/empirical-paper.tex	
chapter	standardgalactic/calculus	hierarchical-structure/chapters/ch15_topdown.tex			497	254dcbf4937544963a28560d4bc9b8008e62ebf3c4647cb539fe77cd4a61caca	https://github.com/standardgalactic/calculus/blob/e7fd3412ffcb95c4f1343420bf14a6f8e1113649/hierarchical-structure/chapters/ch15_topdown.tex	chapter/section path or fragment without document title
chapter	standardgalactic/calculus	hierarchical-structure/chapters/synthesis.tex			798	e226eae0fceb6393ff6bcf29087352cac495ef145488fe116b540ecee3296a61	https://github.com/standardgalactic/calculus/blob/e7fd3412ffcb95c4f1343420bf14a6f8e1113649/hierarchical-structure/chapters/synthesis.tex	chapter/section path or fragment without document title
standalone	standardgalactic/calculus	processing/parenthetical-asides.tex	Parenthetical Asides [0.3em] Nested Scope in Conversation, Games, Stories, and Music	article	8610	3bcf4bb42cca939b63dcc63167deb1b1057928624cb6aa1d578bd86577e600d0	https://github.com/standardgalactic/calculus/blob/e7fd3412ffcb95c4f1343420bf14a6f8e1113649/processing/parenthetical-asides.tex	
chapter	standardgalactic/calculus	hierarchical-structure/chapters/ch08_ultrametric.tex			432	7d4ebe764c3482f5ad3f0fba58505bec55e91e6ac0c7b4edbd69afb2dcbcaa90	https://github.com/standardgalactic/calculus/blob/e7fd3412ffcb95c4f1343420bf14a6f8e1113649/hierarchical-structure/chapters/ch08_ultrametric.tex	chapter/section path or fragment without document title
untitled-document	standardgalactic/calculus	baseline/admissibility-essay.tex		article	10050	3fbf8070a6f4fcf4b4f685b95204e3d8c1e7e9483a9ed9ce7ef8f469be1a7964	https://github.com/standardgalactic/calculus/blob/e7fd3412ffcb95c4f1343420bf14a6f8e1113649/baseline/admissibility-essay.tex	documentclass present but no title found
standalone	standardgalactic/calculus	processing/compression-fallacy.tex	The Compression Fallacy [0.3em] Why Shorter Is Not the Same as Better Understood	article	12350	a1aaa931674f26ce9094591edd3c2f5c07ff96e217b8e7f227c08ff92877be3c	https://github.com/standardgalactic/calculus/blob/e7fd3412ffcb95c4f1343420bf14a6f8e1113649/processing/compression-fallacy.tex	
chapter	standardgalactic/calculus	hierarchical-structure/chapters/ch12_hardness.tex			506	3ad686d09aaf51730217bfb959aac2a9fa21472400212d3854e401f982a7a3e9	https://github.com/standardgalactic/calculus/blob/e7fd3412ffcb95c4f1343420bf14a6f8e1113649/hierarchical-structure/chapters/ch12_hardness.tex	chapter/section path or fragment without document title
draft	standardgalactic/calculus	baseline/computing_as_flow.tex	Flow Computing [0.4em] Wavefronts, Invocation, and the Logically Determined Workflow	article	18038	ca6d864442b7506826c01c252c1f965bf51718f2fe6aee985739eb1f50eb338c	https://github.com/standardgalactic/calculus/blob/e7fd3412ffcb95c4f1343420bf14a6f8e1113649/baseline/computing_as_flow.tex	draft/placeholder language or path
chapter	standardgalactic/calculus	hierarchical-structure/chapters/ch11_objectives.tex			439	1cfb3057df65c72394555ea78fd0b00a1f686d19e994800a38243677ce87eb52	https://github.com/standardgalactic/calculus/blob/e7fd3412ffcb95c4f1343420bf14a6f8e1113649/hierarchical-structure/chapters/ch11_objectives.tex	chapter/section path or fragment without document title
chapter	standardgalactic/calculus	hierarchical-structure/chapters/ch09_triplets.tex			583	96ebe8ca6647b9b2da41e52471579ea7c96989ecb6c991be724210a65a0ad9a5	https://github.com/standardgalactic/calculus/blob/e7fd3412ffcb95c4f1343420bf14a6f8e1113649/hierarchical-structure/chapters/ch09_triplets.tex	chapter/section path or fragment without document title
untitled-document	standardgalactic/calculus	baseline/persistent_anomalies.tex		book	13789	905b914a6e94df4a16098a53eb48732248c161001df05fc436469d9254113f3b	https://github.com/standardgalactic/calculus/blob/e7fd3412ffcb95c4f1343420bf14a6f8e1113649/baseline/persistent_anomalies.tex	documentclass present but no title found
chapter	standardgalactic/calculus	hierarchical-structure/chapters/ch13_oracle.tex			591	46c3f4089679a00d9339d8c8a5773a6fc72053a076b187f5f0f2c9e4dd0ba517	https://github.com/standardgalactic/calculus/blob/e7fd3412ffcb95c4f1343420bf14a6f8e1113649/hierarchical-structure/chapters/ch13_oracle.tex	chapter/section path or fragment without document title
untitled-document	standardgalactic/calculus	constraint_and_transformation_v2.tex		book	7462	14424e30111e3cf5152f052c131217e98eedc2703878c7f80440259d6072efa9	https://github.com/standardgalactic/calculus/blob/e7fd3412ffcb95c4f1343420bf14a6f8e1113649/constraint_and_transformation_v2.tex	documentclass present but no title found
chapter	standardgalactic/calculus	hierarchical-structure/chapters/ch21_entropy_descent.tex			393	2f4c879689173566d9b84f47047f1261d569310b7de11a0e32bfde79493277c1	https://github.com/standardgalactic/calculus/blob/e7fd3412ffcb95c4f1343420bf14a6f8e1113649/hierarchical-structure/chapters/ch21_entropy_descent.tex	chapter/section path or fragment without document title
chapter	standardgalactic/calculus	hierarchical-structure/chapters/ch04_entropy.tex			696	31632f5014746d704635231120a84c5a1149bb1b81d760f1854e1b880873ecde	https://github.com/standardgalactic/calculus/blob/e7fd3412ffcb95c4f1343420bf14a6f8e1113649/hierarchical-structure/chapters/ch04_entropy.tex	chapter/section path or fragment without document title
chapter	standardgalactic/calculus	hierarchical-structure/chapters/ch22_constraint_prop.tex			423	96c04dbc97ae21764cb97885a7c260ddcde588ed0d94660994c450bbc612fc8e	https://github.com/standardgalactic/calculus/blob/e7fd3412ffcb95c4f1343420bf14a6f8e1113649/hierarchical-structure/chapters/ch22_constraint_prop.tex	chapter/section path or fragment without document title
chapter	standardgalactic/calculus	hierarchical-structure/chapters/ch10_reconstruction.tex			446	869a69f2e143d910181f16f2c3885f5a7aa4be5f689e5768f99f6ec6ea46b8f7	https://github.com/standardgalactic/calculus/blob/e7fd3412ffcb95c4f1343420bf14a6f8e1113649/hierarchical-structure/chapters/ch10_reconstruction.tex	chapter/section path or fragment without document title
untitled-document	standardgalactic/calculus	processing/computational_worlds.tex		book	19305	371131f6b1dabcc8f8181af121a052cd4e6f9490d8a11f31eb2b37186ad511e1	https://github.com/standardgalactic/calculus/blob/e7fd3412ffcb95c4f1343420bf14a6f8e1113649/processing/computational_worlds.tex	documentclass present but no title found
chapter	standardgalactic/calculus	hierarchical-structure/chapters/ch05_metrics.tex			720	5c82393bcee59f57aa7f58c699900932ffe8039afb8466286e2e95dbd4c0399e	https://github.com/standardgalactic/calculus/blob/e7fd3412ffcb95c4f1343420bf14a6f8e1113649/hierarchical-structure/chapters/ch05_metrics.tex	chapter/section path or fragment without document title
draft	standardgalactic/calculus	working/Identity_After_Collapse.tex		amsbook	23754	43a5b33b8f7e5deb8df85347392ea2f3c8af6291c87c345a5d164fce732fe1ea	https://github.com/standardgalactic/calculus/blob/e7fd3412ffcb95c4f1343420bf14a6f8e1113649/working/Identity_After_Collapse.tex	draft/placeholder language or path
chapter	standardgalactic/calculus	hierarchical-structure/chapters/ch07_dendrograms.tex			584	2889adde505263c88832b919b3160fa333ecd28103fa62ff0e04776fa60e912f	https://github.com/standardgalactic/calculus/blob/e7fd3412ffcb95c4f1343420bf14a6f8e1113649/hierarchical-structure/chapters/ch07_dendrograms.tex	chapter/section path or fragment without document title
draft	standardgalactic/calculus	Calculus - main text - draft 01.tex	Calculus as the Geometry of Relationship and Controlled Change A Structural Textbook on Differential and Integral Theory	book	24348	a1d402a1ef98c1b27fdf7577b448ed9ddaf851f2b7dbde61c452145d97dac1cb	https://github.com/standardgalactic/calculus/blob/e7fd3412ffcb95c4f1343420bf14a6f8e1113649/Calculus - main text - draft 01.tex	draft/placeholder language or path
standalone	standardgalactic/calculus	quantum-mechanics/unistochastic-qm/main.tex	Quantum Mechanics from Admissible Probabilistic Composition A Reconstruction via Unistochastic Matrices	book	1047	52a7bdc36b021f881730b5f03be0f9bafc8b8da6753d06f1a09d8e6901f01224	https://github.com/standardgalactic/calculus/blob/e7fd3412ffcb95c4f1343420bf14a6f8e1113649/quantum-mechanics/unistochastic-qm/main.tex	
chapter	standardgalactic/calculus	hierarchical-structure/chapters/ch03_probability.tex			646	f19e0a6aef318cc9d38fe54ed1a1e701788ab09cc914e6a0c015e2bf16e0c58e	https://github.com/standardgalactic/calculus/blob/e7fd3412ffcb95c4f1343420bf14a6f8e1113649/hierarchical-structure/chapters/ch03_probability.tex	chapter/section path or fragment without document title
draft	standardgalactic/calculus	baseline/draft/computing_as_flow.tex	Flow Computing [0.4em] Wavefronts, Invocation, and the Logically Determined Workflow	article	14228	9c46a60dee20c7e64599ac48ec52761bb03ea24d58fa62a94518d8db89f6782c	https://github.com/standardgalactic/calculus/blob/e7fd3412ffcb95c4f1343420bf14a6f8e1113649/baseline/draft/computing_as_flow.tex	draft/placeholder language or path
chapter	standardgalactic/calculus	hierarchical-structure/chapters/ch06_constraints.tex			643	e54ad5eaf0169858ffa7d3673742b40714d805bc01e68c9816be3c507b738cdb	https://github.com/standardgalactic/calculus/blob/e7fd3412ffcb95c4f1343420bf14a6f8e1113649/hierarchical-structure/chapters/ch06_constraints.tex	chapter/section path or fragment without document title
standalone	standardgalactic/calculus	experiments/restorability-boundaries.tex	Restorability Boundaries	report	32293	ad051a4567d63a04587ebcc0c5ae5faa6fd14019c8e875698eeb4b341757a4e2	https://github.com/standardgalactic/calculus/blob/e7fd3412ffcb95c4f1343420bf14a6f8e1113649/experiments/restorability-boundaries.tex	
chapter	standardgalactic/calculus	hierarchical-structure/chapters/ch14_partial_hc.tex			720	6ca8beed6387a6aa69b9f3f94709e30fa5113ff2dd810ba904454036adf4481d	https://github.com/standardgalactic/calculus/blob/e7fd3412ffcb95c4f1343420bf14a6f8e1113649/hierarchical-structure/chapters/ch14_partial_hc.tex	chapter/section path or fragment without document title
standalone	standardgalactic/calculus	processing/repair-not-reconstruction.tex	Repair, Not Reconstruction: On the Structure of Reinforcement-Learning Adaptation in Transformers	article	5891	7bbe476a8c5fbb62efe583649b052ff97bfff80ad7938c3c7e0f8a5328e57f11	https://github.com/standardgalactic/calculus/blob/e7fd3412ffcb95c4f1343420bf14a6f8e1113649/processing/repair-not-reconstruction.tex	
chapter	standardgalactic/calculus	hierarchical-structure/chapters/ch01_orientation.tex			903	7d70d47996d461b6f9288b1f2a32b2702d500e3ede12957c79bc989672dd19c6	https://github.com/standardgalactic/calculus/blob/e7fd3412ffcb95c4f1343420bf14a6f8e1113649/hierarchical-structure/chapters/ch01_orientation.tex	chapter/section path or fragment without document title
chapter	standardgalactic/calculus	hierarchical-structure/chapters/ch02_discrete.tex			1069	cae8656634775578787dd2970176191f09a721703c443147c12a3e167fadd8cb	https://github.com/standardgalactic/calculus/blob/e7fd3412ffcb95c4f1343420bf14a6f8e1113649/hierarchical-structure/chapters/ch02_discrete.tex	chapter/section path or fragment without document title
chapter	standardgalactic/calculus	hierarchical-structure/chapters/ch24_replication.tex			721	30a5fc83237c729dc3b3f7d664f0de1880d58da7dce294d0437b6404005e654b	https://github.com/standardgalactic/calculus/blob/e7fd3412ffcb95c4f1343420bf14a6f8e1113649/hierarchical-structure/chapters/ch24_replication.tex	chapter/section path or fragment without document title
standalone	standardgalactic/calculus	processing/admissibility-certificates.tex	Admissibility Certificates [0.3em] Trust as a Property of System Histories	article	9222	f040b1c88461ef1100d3afc95381501e8d5fc658415697e78290299cf3419218	https://github.com/standardgalactic/calculus/blob/e7fd3412ffcb95c4f1343420bf14a6f8e1113649/processing/admissibility-certificates.tex	
untitled-document	standardgalactic/calculus	baseline/constraint_reachability_relaxation.tex		book	5776	7681330954c353e9ea1d448f2109bc736a86dae24bcb14a6a2698e185cb4b725	https://github.com/standardgalactic/calculus/blob/e7fd3412ffcb95c4f1343420bf14a6f8e1113649/baseline/constraint_reachability_relaxation.tex	documentclass present but no title found
standalone	standardgalactic/calculus	experiments/prediction-before-interpretation.tex	Prediction Before Interpretation: A Criterion for Field-Like Constructs in Complex Systems	article	3933	708f0c4046ca6890e93e75537061a56b5442253810e5895a551c8b4af06e31a2	https://github.com/standardgalactic/calculus/blob/e7fd3412ffcb95c4f1343420bf14a6f8e1113649/experiments/prediction-before-interpretation.tex	
untitled-document	standardgalactic/calculus	computation/adjunction_and_irreversibility.tex		memoir	34680	d9e2da1d6bf39b9829c9e2d9e66031ca418e1c1919a51fab4e1ec8a4460894bf	https://github.com/standardgalactic/calculus/blob/e7fd3412ffcb95c4f1343420bf14a6f8e1113649/computation/adjunction_and_irreversibility.tex	documentclass present but no title found
standalone	standardgalactic/calculus	quantum-mechanics/self_improving_media_quines.tex	Self-Improving Systems and Media Quines [0.3em] An Admissibility-Theoretic Approach to Recursive Generation	book	14569	ea8f6d27c2adebd6c7514a7793293a7c3aefdaa6364dc88c9594d69b6435a6f7	https://github.com/standardgalactic/calculus/blob/e7fd3412ffcb95c4f1343420bf14a6f8e1113649/quantum-mechanics/self_improving_media_quines.tex	
standalone	standardgalactic/caldera-reactor	caldera_reactor.tex	Caldera Reactor: Thermopneumatic Compression, Fluidic Computation, and Adaptive Biomass Processing	article	5823	303b4c2dac0c873d6a1810e6bd13fa2167d9eaaaad843faf2164eecd16273e06	https://github.com/standardgalactic/caldera-reactor/blob/e767e440b398d1db09fa797434efbe5dd4b4bed5/caldera_reactor.tex	
standalone	standardgalactic/Centerfuge	essay/monograph.tex	Polyglot Modular Computation via Sheaf Cohomology: A Monumental Categorical Treatise with Historical, Computational, and Epistemic Depth	book	1861	e112d2779b9f482bb821e74bb221e8cf6eeaa6a8147ed614381aa75898ce00da	https://github.com/standardgalactic/Centerfuge/blob/da0ac149aa4d55767cd9bc95501d6962de995f97/essay/monograph.tex	
untitled-document	standardgalactic/Centerfuge	sci-fi/kommunikation.tex		article	3426	e7dab546efac00c576ca587f34facc65f7344dcb4296b05c92aa55bc1098513b	https://github.com/standardgalactic/Centerfuge/blob/da0ac149aa4d55767cd9bc95501d6962de995f97/sci-fi/kommunikation.tex	documentclass present but no title found
draft	standardgalactic/Centerfuge	essay/draft-01/monograph.tex	Polyglot Modular Computation via Sheaf Cohomology: A Monumental Categorical Treatise with Historical, Computational, and Epistemic Depth	book	1844	f5a2c0acfc890e043e80182decad6e759c2797cc1e52346e5c13d171d7e272ad	https://github.com/standardgalactic/Centerfuge/blob/da0ac149aa4d55767cd9bc95501d6962de995f97/essay/draft-01/monograph.tex	draft/placeholder language or path
standalone	standardgalactic/Centerfuge	framework/Irreversibility as Structure.tex	Irreversibility as Structure: A Scalar--Vector--Entropy Framework for Physical Law	article	7560	210c4cec868171cd549ca4d3e9d5d6e2a9adcdcf7437652586d31a630533ec49	https://github.com/standardgalactic/Centerfuge/blob/da0ac149aa4d55767cd9bc95501d6962de995f97/framework/Irreversibility as Structure.tex	
untitled-document	standardgalactic/Centerfuge	principia_ratio_entropica_vol4.tex		article	679	7273ef359085573ff8c2b5ca7b078eb679ebd1f62c75af3b81da71323110b355	https://github.com/standardgalactic/Centerfuge/blob/da0ac149aa4d55767cd9bc95501d6962de995f97/principia_ratio_entropica_vol4.tex	documentclass present but no title found
untitled-document	standardgalactic/Centerfuge	principia_ratio_entropica.tex		article	1229	b290e197b258c8b4e86e074892a6b9d16f4878cdc98dd7c993a557227be0a6be	https://github.com/standardgalactic/Centerfuge/blob/da0ac149aa4d55767cd9bc95501d6962de995f97/principia_ratio_entropica.tex	documentclass present but no title found
untitled-document	standardgalactic/Centerfuge	principia_ratio_entropica_vol6.tex		article	793	6278dac7cea11bc69dbb10afc9a7d3b388341695044b6149497e43e5b73470a2	https://github.com/standardgalactic/Centerfuge/blob/da0ac149aa4d55767cd9bc95501d6962de995f97/principia_ratio_entropica_vol6.tex	documentclass present but no title found
untitled-document	standardgalactic/Centerfuge	principia_ratio_entropica_vol2.tex		article	1139	14b6ce6ac4c500d8c874b007e393d838ef9a842b8f5ab8b4b59432f37c68bdb7	https://github.com/standardgalactic/Centerfuge/blob/da0ac149aa4d55767cd9bc95501d6962de995f97/principia_ratio_entropica_vol2.tex	documentclass present but no title found
untitled-document	standardgalactic/Centerfuge	principia_ratio_entropica_vol3.tex		article	1143	a03d7eee2eec08d5a0f01088caf80908a7272bd0314560005092bbe76d614141	https://github.com/standardgalactic/Centerfuge/blob/da0ac149aa4d55767cd9bc95501d6962de995f97/principia_ratio_entropica_vol3.tex	documentclass present but no title found
untitled-document	standardgalactic/Centerfuge	principia_ratio_entropica_vol5.tex		article	1138	839e56fe66ff22eac6e73f4af926e1d3ce55be23227f0004e4c0e63abb161f8f	https://github.com/standardgalactic/Centerfuge/blob/da0ac149aa4d55767cd9bc95501d6962de995f97/principia_ratio_entropica_vol5.tex	documentclass present but no title found
untitled-document	standardgalactic/Centerfuge	processing/principia_ratio_entropica_vol4.tex		article	677	7f7f65d139234c91d8fcaf288cc44a46a1aa18a3b4317a382a2f148b8db8da02	https://github.com/standardgalactic/Centerfuge/blob/da0ac149aa4d55767cd9bc95501d6962de995f97/processing/principia_ratio_entropica_vol4.tex	documentclass present but no title found
untitled-document	standardgalactic/Centerfuge	processing/principia_ratio_entropica.tex		article	1229	b290e197b258c8b4e86e074892a6b9d16f4878cdc98dd7c993a557227be0a6be	https://github.com/standardgalactic/Centerfuge/blob/da0ac149aa4d55767cd9bc95501d6962de995f97/processing/principia_ratio_entropica.tex	documentclass present but no title found
untitled-document	standardgalactic/Centerfuge	processing/principia_ratio_entropica_vol6.tex		article	793	6278dac7cea11bc69dbb10afc9a7d3b388341695044b6149497e43e5b73470a2	https://github.com/standardgalactic/Centerfuge/blob/da0ac149aa4d55767cd9bc95501d6962de995f97/processing/principia_ratio_entropica_vol6.tex	documentclass present but no title found
untitled-document	standardgalactic/Centerfuge	processing/principia_ratio_entropica_vol2.tex		article	1139	14b6ce6ac4c500d8c874b007e393d838ef9a842b8f5ab8b4b59432f37c68bdb7	https://github.com/standardgalactic/Centerfuge/blob/da0ac149aa4d55767cd9bc95501d6962de995f97/processing/principia_ratio_entropica_vol2.tex	documentclass present but no title found
untitled-document	standardgalactic/Centerfuge	processing/principia_ratio_entropica_vol3.tex		article	1143	a03d7eee2eec08d5a0f01088caf80908a7272bd0314560005092bbe76d614141	https://github.com/standardgalactic/Centerfuge/blob/da0ac149aa4d55767cd9bc95501d6962de995f97/processing/principia_ratio_entropica_vol3.tex	documentclass present but no title found
untitled-document	standardgalactic/Centerfuge	processing/principia_ratio_entropica_vol5.tex		article	1138	839e56fe66ff22eac6e73f4af926e1d3ce55be23227f0004e4c0e63abb161f8f	https://github.com/standardgalactic/Centerfuge/blob/da0ac149aa4d55767cd9bc95501d6962de995f97/processing/principia_ratio_entropica_vol5.tex	documentclass present but no title found
standalone	standardgalactic/cognition-research	cosmological-memory.tex	Primordial Distinctions and Cosmological Memory: Galactic Spin as Persistence Under Transformation	article	7254	e4357410cb36a441f14e757457b4c5b17559e09803dc6c83eeacaf6e07d83684	https://github.com/standardgalactic/cognition-research/blob/946a606b01b153b7eef8b805ffcfdadf100e3b30/cosmological-memory.tex	
standalone	standardgalactic/cognition-research	persistence-without-reachability.tex	Persistence Without Reachability A Reading of Aniara Through the Sociology of Unreachable Futures	article	4144	6e997438a463d69719674786d992bae1c057d8d709f4a1d95b3ba1ce3105cca4	https://github.com/standardgalactic/cognition-research/blob/946a606b01b153b7eef8b805ffcfdadf100e3b30/persistence-without-reachability.tex	
draft	standardgalactic/computation	abstraction/flyxion_atlas.tex	% The Flyxion Dependency Atlas [0.4em] Definitions, Theorems, Machinery, Applications, and Equivalence Candidates Across the Corpus	article	6588	8b505861659755c3eb24dd3808127c0124933c2202b01a5f530f8223c239d6a9	https://github.com/standardgalactic/computation/blob/4174bef38b37072eabc7a1f4b5e65005716dd92b/abstraction/flyxion_atlas.tex	draft/placeholder language or path
draft	standardgalactic/computation	abstraction/volume_zero.tex	% Volume 0 [0.5em] Consistency Document [0.3em] Canonical Symbols, Proof Sketches, Equivalence Briefs, and the Master Claim Formalization [1em] Fifteen-Volume Curriculum --- Pre-Publication Archive	book	6531	1d1cb6b6f4802d0963703fdd42bd64a0dce583a71365cc3e72ebc3ac8261e809	https://github.com/standardgalactic/computation/blob/4174bef38b37072eabc7a1f4b5e65005716dd92b/abstraction/volume_zero.tex	draft/placeholder language or path
standalone	standardgalactic/computation	diagnostic-coordinates.tex	Diagnostic Coordinates and the Time of Repair: A Correction to the Anti-Alignment Theorem	article	5353	5287033b89e9a942279ea39f6982ad1f9b016fdd5ed89e80d5ba73a3c8e552a5	https://github.com/standardgalactic/computation/blob/4174bef38b37072eabc7a1f4b5e65005716dd92b/diagnostic-coordinates.tex	
standalone	standardgalactic/computation	collapse_retention.tex	What Collapse Should Forget: A Retention Calculus for Spherepop	article	2759	31820524a6c823e829ad92e5203c8850705234c79300944b04ba8817ebf8e762	https://github.com/standardgalactic/computation/blob/4174bef38b37072eabc7a1f4b5e65005716dd92b/collapse_retention.tex	
draft	standardgalactic/computation	histories-become-operators.tex	Histories Become Operators: Biological Notes on Retained Admissibility	article	5570	338074d47aeacb3acdec30cb3e1fdc04e354fbc5a9f2bd1476ee23ae0f1884bd	https://github.com/standardgalactic/computation/blob/4174bef38b37072eabc7a1f4b5e65005716dd92b/histories-become-operators.tex	draft/placeholder language or path
standalone	standardgalactic/computation	moon-not-computer.tex	The Moon Should Not Be a Computer	article	12727	47078cbb683e3d034fa1f5985595e2ffb9b789bb336af73ac0ab47666fd6cb52	https://github.com/standardgalactic/computation/blob/4174bef38b37072eabc7a1f4b5e65005716dd92b/moon-not-computer.tex	
standalone	standardgalactic/computation	continuation_geometry.tex	Selective Retention and the Geometry of Continuation	article	3111	08ccb55ac312967dcce735eea6bca1b9a34a13a1f6afa8174076a090c68a8623	https://github.com/standardgalactic/computation/blob/4174bef38b37072eabc7a1f4b5e65005716dd92b/continuation_geometry.tex	
draft	standardgalactic/computation	monotonic-continuation.tex	Monotonic Continuation: Intelligence Across Unequal Timescales	article	9922	4baa72a87625b3fdcd632fb43b7bdb35905eebadd6f465b73a7ac98338ef1274	https://github.com/standardgalactic/computation/blob/4174bef38b37072eabc7a1f4b5e65005716dd92b/monotonic-continuation.tex	draft/placeholder language or path
standalone	standardgalactic/computation	xylomorphic_computation.tex	Xylomorphic Computation: Thermodynamic Closure as a Stability Condition for Large-Scale Computational Infrastructure	article	9412	4978600e5879f481e28e085be429cda919b36604a1764ad02288307fa739f61a	https://github.com/standardgalactic/computation/blob/4174bef38b37072eabc7a1f4b5e65005716dd92b/xylomorphic_computation.tex	
standalone	standardgalactic/computation	against_the_kitchen_sink.tex	Against the Kitchen Sink: On Vendor-Gravity Languages, Cognitive Load, and What Spherepop Proves	article	11803	cc3f21af4ceaf34aa8daaa352479da6173b8ae1255fb3201d4979d3bd0dbf1b8	https://github.com/standardgalactic/computation/blob/4174bef38b37072eabc7a1f4b5e65005716dd92b/against_the_kitchen_sink.tex	
standalone	standardgalactic/computation	processing/collapse_retention.tex	What Collapse Should Forget: A Retention Calculus for Spherepop	article	2759	31820524a6c823e829ad92e5203c8850705234c79300944b04ba8817ebf8e762	https://github.com/standardgalactic/computation/blob/4174bef38b37072eabc7a1f4b5e65005716dd92b/processing/collapse_retention.tex	
draft	standardgalactic/computation	processing/histories-become-operators.tex	Histories Become Operators: Biological Notes on Retained Admissibility	article	5570	338074d47aeacb3acdec30cb3e1fdc04e354fbc5a9f2bd1476ee23ae0f1884bd	https://github.com/standardgalactic/computation/blob/4174bef38b37072eabc7a1f4b5e65005716dd92b/processing/histories-become-operators.tex	draft/placeholder language or path
standalone	standardgalactic/computation	correspondents_and_residents.tex	Correspondents and Residents [6pt] A Mathematical Treatise on Sampling Regimes, Suspension Observability, and the Obligations of Interfaces	book	8156	45cc401726ce77bb5c005604a20536d25f20923f78ac4a54c18558ce46cb5523	https://github.com/standardgalactic/computation/blob/4174bef38b37072eabc7a1f4b5e65005716dd92b/correspondents_and_residents.tex	
standalone	standardgalactic/computation	processing/diagnostic-coordinates.tex	Diagnostic Coordinates and the Time of Repair: A Correction to the Anti-Alignment Theorem	article	7156	dbcf67f1b3ad375e52a5d2c5c996ed2fcfbaa06ebf32c18fc94f19be2d01e704	https://github.com/standardgalactic/computation/blob/4174bef38b37072eabc7a1f4b5e65005716dd92b/processing/diagnostic-coordinates.tex	
standalone	standardgalactic/computation	abstraction/armillary_sphere.tex	% The Armillary Sphere and the Thought Experiment [0.4em] On Proposals That Are Neither Blueprints Nor Metaphors	article	5337	864bddfb79939abc09cb4c5686ea8ce906563098f02e26aea591e1cc84ae7829	https://github.com/standardgalactic/computation/blob/4174bef38b37072eabc7a1f4b5e65005716dd92b/abstraction/armillary_sphere.tex	
standalone	standardgalactic/computation	processing/continuation_geometry.tex	Selective Retention and the Geometry of Continuation	article	3111	08ccb55ac312967dcce735eea6bca1b9a34a13a1f6afa8174076a090c68a8623	https://github.com/standardgalactic/computation/blob/4174bef38b37072eabc7a1f4b5e65005716dd92b/processing/continuation_geometry.tex	
standalone	standardgalactic/computation	abstraction/creative-obstinacy.tex	% Too Coherent to Be Real [0.4em] Szukalski, Creative Obstinacy, Documentary Unreality, and the Problem of the Frictionless Subject	article	6204	3743cf205870a58c2bf6b5845abeffda67f1ee0edb24f3df93beaa09b53021ee	https://github.com/standardgalactic/computation/blob/4174bef38b37072eabc7a1f4b5e65005716dd92b/abstraction/creative-obstinacy.tex	
standalone	standardgalactic/computation	abstraction/distributed-agency.tex	% When Systems Change Their Minds [0.4em] Distributed Agency, Institutional Attractors, and the Reconfiguration of Economic Priorities	article	6853	c827cd06e41bc95b115fdd0e340c5f725aa383cadd1c28745b217849a61c6448	https://github.com/standardgalactic/computation/blob/4174bef38b37072eabc7a1f4b5e65005716dd92b/abstraction/distributed-agency.tex	
draft	standardgalactic/computation	version-control/git-series-plan.tex	Learn to Reason About History [0.3em] A Seven-Volume Git Curriculum [0.3em] Series Plan and Chapter Outlines	book	9437	2c4ffdc4e7889c1bcffffbf4650631cfd9207d2588b7dc50c14cdd14999b9f8c	https://github.com/standardgalactic/computation/blob/4174bef38b37072eabc7a1f4b5e65005716dd92b/version-control/git-series-plan.tex	draft/placeholder language or path
standalone	standardgalactic/computation	continuation_geometry_monograph.tex	Continuation Geometry	report	21163	e9e4625e6e02f99e80050f79150a8539756f1b68b1972b9b86e9dadbfa60bdae	https://github.com/standardgalactic/computation/blob/4174bef38b37072eabc7a1f4b5e65005716dd92b/continuation_geometry_monograph.tex	
standalone	standardgalactic/computation	generative_continuation_geometry.tex	Generative Continuation Geometry	report	17740	db18f4926693c832c8b41b2ac540d0213bfea1cab14911009e6bb11b2cd00a1f	https://github.com/standardgalactic/computation/blob/4174bef38b37072eabc7a1f4b5e65005716dd92b/generative_continuation_geometry.tex	
draft	standardgalactic/computation	processing/monotonic-continuation.tex	Monotonic Continuation: Intelligence Across Unequal Timescales	article	9922	4baa72a87625b3fdcd632fb43b7bdb35905eebadd6f465b73a7ac98338ef1274	https://github.com/standardgalactic/computation/blob/4174bef38b37072eabc7a1f4b5e65005716dd92b/processing/monotonic-continuation.tex	draft/placeholder language or path
standalone	standardgalactic/computation	abstraction/computation-beyond-data.tex	% Computation Beyond Data [0.4em] Constraints, Reachability, and Memory as Foundations of Complex Systems	article	5580	12ca0fec0d1dc19a1642ae7eceeade12bd372ecd7c321813060936123fe86d85	https://github.com/standardgalactic/computation/blob/4174bef38b37072eabc7a1f4b5e65005716dd92b/abstraction/computation-beyond-data.tex	
standalone	standardgalactic/computation	processing/against_the_kitchen_sink.tex	Against the Kitchen Sink: On Vendor-Gravity Languages, Cognitive Load, and What Spherepop Proves	article	11803	cc3f21af4ceaf34aa8daaa352479da6173b8ae1255fb3201d4979d3bd0dbf1b8	https://github.com/standardgalactic/computation/blob/4174bef38b37072eabc7a1f4b5e65005716dd92b/processing/against_the_kitchen_sink.tex	
standalone	standardgalactic/computation	abstraction/computacao_alem_dos_dados.tex	% Computação Além dos Dados [0.4em] Restrições, Acessibilidade e Memória como Fundamentos de Sistemas Complexos	article	5770	a4bfb744a8b3b0a15f84ff2637f1c849c9143573debdf7681b549748c99e79cd	https://github.com/standardgalactic/computation/blob/4174bef38b37072eabc7a1f4b5e65005716dd92b/abstraction/computacao_alem_dos_dados.tex	
standalone	standardgalactic/computation	processing/correspondents_and_residents.tex	Correspondents and Residents [6pt] A Mathematical Treatise on Sampling Regimes, Suspension Observability, and the Obligations of Interfaces	book	8156	45cc401726ce77bb5c005604a20536d25f20923f78ac4a54c18558ce46cb5523	https://github.com/standardgalactic/computation/blob/4174bef38b37072eabc7a1f4b5e65005716dd92b/processing/correspondents_and_residents.tex	
standalone	standardgalactic/computation	processing/continuation_geometry_monograph.tex	Continuation Geometry	report	21163	e9e4625e6e02f99e80050f79150a8539756f1b68b1972b9b86e9dadbfa60bdae	https://github.com/standardgalactic/computation/blob/4174bef38b37072eabc7a1f4b5e65005716dd92b/processing/continuation_geometry_monograph.tex	
standalone	standardgalactic/computation	processing/generative_continuation_geometry.tex	Generative Continuation Geometry	report	17740	db18f4926693c832c8b41b2ac540d0213bfea1cab14911009e6bb11b2cd00a1f	https://github.com/standardgalactic/computation/blob/4174bef38b37072eabc7a1f4b5e65005716dd92b/processing/generative_continuation_geometry.tex	
standalone	standardgalactic/computation	radiative-switch/radiative_switch_computation.tex	Radiative Switch Computation [4pt] Computation as Containment	article	9512	6bfe1838df01806b5d87c7865133f12f3d2bba35e036d7199088f1d3b39afc4b	https://github.com/standardgalactic/computation/blob/4174bef38b37072eabc7a1f4b5e65005716dd92b/radiative-switch/radiative_switch_computation.tex	
draft	standardgalactic/computation	processing/draft/generative_continuation_geometry.tex	Generative Continuation Geometry [0.3em] Working Draft	report	8073	6cc12e9f451d6b932ca0a4606e0d363f1d7bb7d656a7f7785a715bf63eb2b2ec	https://github.com/standardgalactic/computation/blob/4174bef38b37072eabc7a1f4b5e65005716dd92b/processing/draft/generative_continuation_geometry.tex	draft/placeholder language or path
draft	standardgalactic/cosmology	working/flyxion-frameworks.tex		book	13037	305c57facef81cd5c2abc804a9c474b0b2a5327610f50107af0f6c2f1e7a9c4b	https://github.com/standardgalactic/cosmology/blob/3401c933bd60b9396042a58faeeb2ee03c5baf2a/working/flyxion-frameworks.tex	draft/placeholder language or path
standalone	standardgalactic/cosmology	interface-analysis.tex	Interface Analysis: Stars! Planet Screen	article	221	989cff1d0667efbc5977c75e565987dca9c5b382765aad290f334c14799d84e9	https://github.com/standardgalactic/cosmology/blob/3401c933bd60b9396042a58faeeb2ee03c5baf2a/interface-analysis.tex	
standalone	standardgalactic/cosmology	monograph.tex	% RSVP Cosmology [12pt] Field Equations, Admissibility, and the Geometry of Distinction	book	4732	eca7f35169b3b483c60e6eabbca0c79b5088df363aed9d31b5d86624de39be4d	https://github.com/standardgalactic/cosmology/blob/3401c933bd60b9396042a58faeeb2ee03c5baf2a/monograph.tex	
standalone	standardgalactic/cosmology	diagnosis-before-inference.tex	Diagnosis Before Inference: The Initial Power Spectrum as an Admissibility Certificate in Cosmological Reconstruction	article	3209	e6c9c8f11c6d6fb21f593506cd2625e88a3e6ad3a29f9b445fbdc96cca7695d4	https://github.com/standardgalactic/cosmology/blob/3401c933bd60b9396042a58faeeb2ee03c5baf2a/diagnosis-before-inference.tex	
draft	standardgalactic/cosmology	working/resource-geometry.tex	Computation, Constraint, and Resource Geometry in the Flash--Reluctance Engine	article	7084	1f273da2e176d21bbaa411b473f83eb66d20b9ef533886a5fd2ac389603b4016	https://github.com/standardgalactic/cosmology/blob/3401c933bd60b9396042a58faeeb2ee03c5baf2a/working/resource-geometry.tex	draft/placeholder language or path
chapter	standardgalactic/cosmology	diagnosis-expanded-section.tex			2580	429c5286c7e0a1e2e70547cfb7607d0b51b06d2b17baf56e1c81c8429d2c118f	https://github.com/standardgalactic/cosmology/blob/3401c933bd60b9396042a58faeeb2ee03c5baf2a/diagnosis-expanded-section.tex	chapter/section path or fragment without document title
standalone	standardgalactic/cosmology	accessibility-relaxation.tex	% Accessibility Relaxation and Friedmann Instability [6pt] An RSVP Reinterpretation of Cosmological Saddle Geometry	article	9995	cef706b098fba577d9750efdf5bfe13051662b1318730fad225545129f3b1459	https://github.com/standardgalactic/cosmology/blob/3401c933bd60b9396042a58faeeb2ee03c5baf2a/accessibility-relaxation.tex	
draft	standardgalactic/cosmology	working/admissibility-interface.tex	Quadratic Gravity as a Derived Interface Theory: Admissibility Manifolds, Projection Geometry, and the Emergence of Observable Physics	article	14790	bb8d5068b634f342767cfa46fca525478895400ffb2dd0e01fc43757473b5501	https://github.com/standardgalactic/cosmology/blob/3401c933bd60b9396042a58faeeb2ee03c5baf2a/working/admissibility-interface.tex	draft/placeholder language or path
draft	standardgalactic/cosmology	working/distinction-geometry-core.tex	Distinction Geometry: Projection, Reconstruction Defect, and the Interface-Native Metric [0.5em] Mathematical Core	article	7895	ec8eda5181c6b41d48a643ba380451d86b2460ec1752779614b229c6e7e889b3	https://github.com/standardgalactic/cosmology/blob/3401c933bd60b9396042a58faeeb2ee03c5baf2a/working/distinction-geometry-core.tex	draft/placeholder language or path
draft	standardgalactic/diagnostic-coordinates	monograph.tex	Executable Diagnostic Coordinates: A Reference Implementation of the Repair-Warrant Objective	article	2142	c8940eeae8446d117073d7b59fd383e3526a14434ff14eab7ebf774c92857d7b	https://github.com/standardgalactic/diagnostic-coordinates/blob/3fdcd1f03f70fd140284354b85c9b6af1ebf1043/monograph.tex	draft/placeholder language or path
standalone	standardgalactic/ecological-models	urban_eco_climate.tex	% Urban Expansion in the Earth System [4pt] A Reduced-Form Eco-Climate Laboratory for Infrastructure--Carbon--Climate Feedbacks	article	4246	20710ca65cdec3ad39a50321abea659fdda60cd2ef8ee195cd8e06ce6ba7a821	https://github.com/standardgalactic/ecological-models/blob/79b6468572e481bba36487ad8a86715d2c58bb96/urban_eco_climate.tex	
draft	standardgalactic/gamma-waves	projects/draft-01/essay.tex	Functorial Integration of Bennett's Mechanistic AI Model into RSVP Theory: From Non-Diverging Gr"uneisen Parameters to Self-Aware Agents	article	1519	37b26d1fd000d63b67ef624ffffa56420757dd97c173a989ddfe2fb0a149c36c	https://github.com/standardgalactic/gamma-waves/blob/0c766452d925c3223bb53e94f57da4f56b7d9434/projects/draft-01/essay.tex	draft/placeholder language or path
standalone	standardgalactic/gamma-waves	projects/essay.tex	From RSVP Fields to Mechanistic Self-Aware Machines	article	3495	8d24e2ce4fc9dfd1a4791323eccf06fd17e3e41650256b80ab0318fb95336bec	https://github.com/standardgalactic/gamma-waves/blob/0c766452d925c3223bb53e94f57da4f56b7d9434/projects/essay.tex	
standalone	standardgalactic/gamma-waves	economics/essay.tex	Everyone as Founder: Colonial Roots, Patriarchy, and Field-Theoretic Society	article	4429	483db7379418e8a1c0c94d13d69f146397478fe78b6db2fbe29392b88782c978	https://github.com/standardgalactic/gamma-waves/blob/0c766452d925c3223bb53e94f57da4f56b7d9434/economics/essay.tex	
standalone	standardgalactic/gamma-waves	monograph/monograph.tex	Master Portfolio: Interdisciplinary Projects in Physics, Computation, and Semantics	memoir	7480	ab805fcd6d16093dad0ee53dca412fb2a4ed646c5db4cd7754ef5018429f173e	https://github.com/standardgalactic/gamma-waves/blob/0c766452d925c3223bb53e94f57da4f56b7d9434/monograph/monograph.tex	
draft	standardgalactic/gamma-waves	projects/draft-02/essay.tex	From RSVP Fields to Mechanistic Self-Aware Machines	article	2469	a0a50da55ad5815e944e032a41375a3e824a321085750e41a41d3c30eefabf55	https://github.com/standardgalactic/gamma-waves/blob/0c766452d925c3223bb53e94f57da4f56b7d9434/projects/draft-02/essay.tex	draft/placeholder language or path
draft	standardgalactic/gamma-waves	projects/draft-03/essay.tex	Functorial Integration of Bennett's Mechanistic AI Model into RSVP Theory: From Non-Diverging Gr\"uneisen Parameters to Self-Aware Agents	article	2962	87c2d58a124e9314b360b8a8e525e5d1e25dbc636637dba680a67c9c75fe096e	https://github.com/standardgalactic/gamma-waves/blob/0c766452d925c3223bb53e94f57da4f56b7d9434/projects/draft-03/essay.tex	draft/placeholder language or path
draft	standardgalactic/gamma-waves	projects/draft-04/essay.tex	From RSVP Fields to Mechanistic Self-Aware Machines	article	2985	549e2f7900e3a9d3a281a4ddb7fb980d7f1aaa76257b5e85abd8f88583e51a38	https://github.com/standardgalactic/gamma-waves/blob/0c766452d925c3223bb53e94f57da4f56b7d9434/projects/draft-04/essay.tex	draft/placeholder language or path
draft	standardgalactic/gamma-waves	projects/draft-05/essay.tex	From RSVP Fields to Mechanistic Self-Aware Machines	article	2989	fa991806e876fedb729553540150e02df2a4c95829bf1ca5f58339a0eb127da5	https://github.com/standardgalactic/gamma-waves/blob/0c766452d925c3223bb53e94f57da4f56b7d9434/projects/draft-05/essay.tex	draft/placeholder language or path
standalone	standardgalactic/gamma-waves	prototypes/entropys_edge.tex	Entropy’s Edge: The RSVP Wars Implementation Specification and Mathematical Supplement	article	5471	96a103c840c9d85f6869ea1bc956c24a14dff145d4d7be626190d3a68e034c1d	https://github.com/standardgalactic/gamma-waves/blob/0c766452d925c3223bb53e94f57da4f56b7d9434/prototypes/entropys_edge.tex	
standalone	standardgalactic/gamma-waves	essay/processing/essay.tex	The RSVP Treatise: Semantic Infrastructure and Modular Computation in an Entropy-Respecting Universe	article	9019	8d915c975775d35cfa1463e58c2c7f787d69a36c8be40be73534fcfad4ef6862	https://github.com/standardgalactic/gamma-waves/blob/0c766452d925c3223bb53e94f57da4f56b7d9434/essay/processing/essay.tex	
standalone	standardgalactic/gamma-waves	The Geometry of Outrage.tex	The Geometry of Outrage: A Field-Theoretic Analysis of the Attention Economy	article	8334	2541c4ec4e302cc62a97acedd5e919bc824466b77b3bdb1be330038d7bf7cf7f	https://github.com/standardgalactic/gamma-waves/blob/0c766452d925c3223bb53e94f57da4f56b7d9434/The Geometry of Outrage.tex	
draft	standardgalactic/gamma-waves	monograph/draft-02/monograph.tex	Master Portfolio: Interdisciplinary Projects in Physics, Computation, and Semantics	memoir	3869	7b597fec0c778a7bca9661834415ece7fd0201a1159ec192f30a510f04506452	https://github.com/standardgalactic/gamma-waves/blob/0c766452d925c3223bb53e94f57da4f56b7d9434/monograph/draft-02/monograph.tex	draft/placeholder language or path
draft	standardgalactic/gamma-waves	monograph/draft-01/monograph.tex	Master Portfolio: Interdisciplinary Projects in Physics, Computation, and Semantics	memoir	3987	5e6a8726e1aa6e332d03345d391703c88198d44906fa7219b566a1021a2a6c18	https://github.com/standardgalactic/gamma-waves/blob/0c766452d925c3223bb53e94f57da4f56b7d9434/monograph/draft-01/monograph.tex	draft/placeholder language or path
draft	standardgalactic/gamma-waves	monograph/draft-03/monograph.tex	Master Portfolio: Interdisciplinary Projects in Physics, Computation, and Semantics	memoir	4129	9437cecaee1216b490a0bf62cf30a7e09e7e876f1775ef2d31134e496ee2c6e2	https://github.com/standardgalactic/gamma-waves/blob/0c766452d925c3223bb53e94f57da4f56b7d9434/monograph/draft-03/monograph.tex	draft/placeholder language or path
draft	standardgalactic/gamma-waves	monograph/draft-04/monograph.tex	Master Portfolio: Interdisciplinary Projects in Physics, Computation, and Semantics	memoir	5954	da9771a69737ea280509e344fd43ef218f560c17995a58c4d02b3d92edd772c1	https://github.com/standardgalactic/gamma-waves/blob/0c766452d925c3223bb53e94f57da4f56b7d9434/monograph/draft-04/monograph.tex	draft/placeholder language or path
draft	standardgalactic/gamma-waves	essay/processing/draft-01/essay.tex	The RSVP Treatise: Semantic Infrastructure and Modular Computation in an Entropy-Respecting Universe	article	8127	549b75f13a9ea00f0cbcf3860b03af4712e04effb1b15253ecdc3194c379dafb	https://github.com/standardgalactic/gamma-waves/blob/0c766452d925c3223bb53e94f57da4f56b7d9434/essay/processing/draft-01/essay.tex	draft/placeholder language or path
draft	standardgalactic/gamma-waves	essay/processing/draft-02/essay.tex	The RSVP Treatise: Semantic Infrastructure and Modular Computation in an Entropy-Respecting Universe	article	9018	c654b255ca3a6f971f5acca65cc985df97d3ec3164b5028f04ca4935b2dd8eea	https://github.com/standardgalactic/gamma-waves/blob/0c766452d925c3223bb53e94f57da4f56b7d9434/essay/processing/draft-02/essay.tex	draft/placeholder language or path
standalone	standardgalactic/gamma-waves	essay/RSVP_Monograph_Complete_Parts_I_II.tex	The RSVP Treatise: Semantic Infrastructure and Modular Computation in an Entropy-Respecting Universe	article	2218	5274b864708aa41d292c43c808c2bafba9efe37d7c5c2c8866e1976cf465d95a	https://github.com/standardgalactic/gamma-waves/blob/0c766452d925c3223bb53e94f57da4f56b7d9434/essay/RSVP_Monograph_Complete_Parts_I_II.tex	
standalone	standardgalactic/gamma-waves	essay/RSVP_Monograph_Complete_Parts_I_III.tex	The RSVP Treatise: Semantic Infrastructure and Modular Computation in an Entropy-Respecting Universe	article	3904	bf8bf3908531709c309de0c8df7dac322ad7833eff54d35d7d20051916f14efa	https://github.com/standardgalactic/gamma-waves/blob/0c766452d925c3223bb53e94f57da4f56b7d9434/essay/RSVP_Monograph_Complete_Parts_I_III.tex	
standalone	standardgalactic/gamma-waves	essay/RSVP_Monograph_Complete_Parts_I_II (1).tex	The RSVP Treatise: Semantic Infrastructure and Modular Computation in an Entropy-Respecting Universe	article	2540	24ebb064066602f142d4f2e1c05705980d2df58e642307fef9be0e9e46d3c8bc	https://github.com/standardgalactic/gamma-waves/blob/0c766452d925c3223bb53e94f57da4f56b7d9434/essay/RSVP_Monograph_Complete_Parts_I_II (1).tex	
standalone	standardgalactic/gamma-waves	essay/RSVP_Monograph_Complete_Parts_I_IV (2).tex	The RSVP Treatise: Semantic Infrastructure and Modular Computation in an Entropy-Respecting Universe	article	4322	5cb022e32ddcc01ddbcb9a2e719c75f5d3da86ab6f28d22ac183fae50da99382	https://github.com/standardgalactic/gamma-waves/blob/0c766452d925c3223bb53e94f57da4f56b7d9434/essay/RSVP_Monograph_Complete_Parts_I_IV (2).tex	
standalone	standardgalactic/gamma-waves	essay/RSVP_Monograph_Complete_Parts_I_IV (1).tex	The RSVP Treatise: Semantic Infrastructure and Modular Computation in an Entropy-Respecting Universe	article	8014	1dcd034bebc8c5540a1edcb418f92c30472fcc3b08b758fb7b6a26daee6bca75	https://github.com/standardgalactic/gamma-waves/blob/0c766452d925c3223bb53e94f57da4f56b7d9434/essay/RSVP_Monograph_Complete_Parts_I_IV (1).tex	
standalone	standardgalactic/gamma-waves	essay/RSVP_Monograph_Complete_Parts_I_IV (3).tex	The RSVP Treatise: Semantic Infrastructure and Modular Computation in an Entropy-Respecting Universe	article	8059	288db13ca36920365bda4bc2f03e65de12d5966d802acbf6c1f4c6754092dd3c	https://github.com/standardgalactic/gamma-waves/blob/0c766452d925c3223bb53e94f57da4f56b7d9434/essay/RSVP_Monograph_Complete_Parts_I_IV (3).tex	
draft	standardgalactic/haplopraxis	under-construction/developmental-opacity.tex	Developmental Opacity	article	3469	7514f29e8e3e06835044b9b01965f54266fd35e2ffcb5c90a47e4ab4b3d8d90f	https://github.com/standardgalactic/haplopraxis/blob/a43018e7550ddaeb3902e4622535cdba29f4ff0c/under-construction/developmental-opacity.tex	draft/placeholder language or path
draft	standardgalactic/human	projects/textbot.tex	Constraint Before Image [0.5em] A Text Physics Engine for Semantic Analysis and Multi-Modal Projection	article	8127	c65a68d02274d2c1dec3d5f265719bfe35725269c2424d96f78086718da5bc07	https://github.com/standardgalactic/human/blob/3bfae84e772bc1b8babd8efee5fa1e39c77ea22e/projects/textbot.tex	draft/placeholder language or path
draft	standardgalactic/human	projects/zebra-architecture.tex	Zebra: Distributed Semantic Infrastructure and the Functorial Realization of Text as Collaborative Media	article	6809	3ad715f42a772ba1af2936698955264edf790f4e7e33492038c802f927aeabc0	https://github.com/standardgalactic/human/blob/3bfae84e772bc1b8babd8efee5fa1e39c77ea22e/projects/zebra-architecture.tex	draft/placeholder language or path
untitled-document	standardgalactic/HYDRA	hydra.tex		book	19473	8795f83dafa423710f3cc79055d10a6f1e04cfc84dd9672958afb4f9ba26cfa3	https://github.com/standardgalactic/HYDRA/blob/606ad8cd6be889760cb664a697c453554d360aa0/hydra.tex	documentclass present but no title found
untitled-document	standardgalactic/HYDRA	hydra_architecture.tex		article	5975	5df6c093885ee9194cb86b160e17a076af2465cf08aef3568c2b93f36a0e0cc7	https://github.com/standardgalactic/HYDRA/blob/606ad8cd6be889760cb664a697c453554d360aa0/hydra_architecture.tex	documentclass present but no title found
untitled-document	standardgalactic/kitbash	paperbot/orientation-monograph.tex		article	1112	402773d8c3f64e9bc794a6feb307b474a20bde99670df04ae2dbbf57c63e1be2	https://github.com/standardgalactic/kitbash/blob/ceb2c5d039ee0a9075728a1e4fff28007087df00/paperbot/orientation-monograph.tex	documentclass present but no title found
standalone	standardgalactic/kitbash	On Gaudiness.tex	On Gaudiness Taste as Expressive Restraint	article	5252	507254058b803982dd139c0259ad03dabd9a35798f003d19e4d169a454656b72	https://github.com/standardgalactic/kitbash/blob/ceb2c5d039ee0a9075728a1e4fff28007087df00/On Gaudiness.tex	
standalone	standardgalactic/kitbash	paperbot/parliament_hydra.tex	Parliament on a Plenum [0.4em] Augmenting Paperbot Parliament with HYDRA Architecture	article	5103	77aff92894f7b56f262bf1a561368ddcf6a4404660e6880398b4f9f64f29dbf8	https://github.com/standardgalactic/kitbash/blob/ceb2c5d039ee0a9075728a1e4fff28007087df00/paperbot/parliament_hydra.tex	
standalone	standardgalactic/kitbash	paperbot/reachability_systems.tex	Civilizations as Reachability Systems [0.4em] A Geometric Reading of Turchin, McKee, and the Biology of Innovation	article	4254	6aecb55d89bdc2e8577cb1cfd9b17e927c1340f8c5ff718d6fbc7c3723eacdc7	https://github.com/standardgalactic/kitbash/blob/ceb2c5d039ee0a9075728a1e4fff28007087df00/paperbot/reachability_systems.tex	
standalone	standardgalactic/kitbash	physics/RSVP_Study_Guide (1).tex	RSVP Study Guide: A Comprehensive Framework for Relativistic Scalar Vector Plenum	report	3016	c5012371687600cbd465e8ac44093fbb5889367187e6f2cbb6253e129b735a3a	https://github.com/standardgalactic/kitbash/blob/ceb2c5d039ee0a9075728a1e4fff28007087df00/physics/RSVP_Study_Guide (1).tex	
standalone	standardgalactic/kitbash	essay/paper.tex	Entropic Paradoxes in Big Tech Critique: A Formal Analysis Through the RSVP Framework	article	2878	a46914def588b4b5011ebb9998e52aabc40e85b0074eaeb2b9eaff8391a4cdcf	https://github.com/standardgalactic/kitbash/blob/ceb2c5d039ee0a9075728a1e4fff28007087df00/essay/paper.tex	
draft	standardgalactic/kitbash	thesis/thesis.tex	Ledger and Junk: Opacity as the Condition of Generativity in Computational Systems	article	4370	cda29bb0843ba90d17a0567ce779ee4fec8c853e634f20c2006cf4092c3b3b9e	https://github.com/standardgalactic/kitbash/blob/ceb2c5d039ee0a9075728a1e4fff28007087df00/thesis/thesis.tex	draft/placeholder language or path
standalone	standardgalactic/kitbash	physics/RSVP_Study_Guide (3).tex	RSVP Study Guide: A Comprehensive Framework for Relativistic Scalar Vector Plenum	report	5716	cc37ce14f1fff818e60fc474e4b8291813cd62ab52537e01ed12b3e430c21037	https://github.com/standardgalactic/kitbash/blob/ceb2c5d039ee0a9075728a1e4fff28007087df00/physics/RSVP_Study_Guide (3).tex	
standalone	standardgalactic/kitbash	physics/RSVP_Study_Guide (2).tex	RSVP Study Guide: A Comprehensive Framework for Relativistic Scalar Vector Plenum	report	5718	86437e82009d6d5a98a8703c25493fbce38425318d919777a3fb7e61fcd7cd59	https://github.com/standardgalactic/kitbash/blob/ceb2c5d039ee0a9075728a1e4fff28007087df00/physics/RSVP_Study_Guide (2).tex	
standalone	standardgalactic/kitbash	prereq_textbook.tex	Renormalization, Asymptotic Safety, and the Scalar-Vector Plenum [0.8em] A Mathematical Introduction	book	13240	4a7dd0af4562dbd621249b966b4f6f46c3ebfba2f1eb1cc8de96954cd3ca4003	https://github.com/standardgalactic/kitbash/blob/ceb2c5d039ee0a9075728a1e4fff28007087df00/prereq_textbook.tex	
standalone	standardgalactic/kitbash	paperbot/paperbot-parliament.tex	Paperbot Parliament: A Multi-Agent Framework for Distinction-Centered Document Analysis [0.6em] Concept, Formal Theory, Algorithm, and First Experimental Run	article	6429	5425a1c943b25335cb2b88907cbe27e6878bdfa6dafcb9b6a93a5fdab7fc346e	https://github.com/standardgalactic/kitbash/blob/ceb2c5d039ee0a9075728a1e4fff28007087df00/paperbot/paperbot-parliament.tex	
standalone	standardgalactic/kitbash	Ephemeral Feeds.tex	Ephemeral Feeds and the Erasure of Context: Memory, Auditability, and the Design of Algorithmic Attention	article	5417	571058521e77a2e30499f5b5dcf3c5cd3e9567df20fe6e24ed4f92d0ca0f2cfb	https://github.com/standardgalactic/kitbash/blob/ceb2c5d039ee0a9075728a1e4fff28007087df00/Ephemeral Feeds.tex	
draft	standardgalactic/kitbash	processing/Draft 3.tex	The Politics of Oracle-Free Evaluation: Constraint, Generativity, and the Problem of Validation	article	2352	d15c4a02dc047f5a280281730c82f9c71125ce95b2a966de728864f0c3644adc	https://github.com/standardgalactic/kitbash/blob/ceb2c5d039ee0a9075728a1e4fff28007087df00/processing/Draft 3.tex	draft/placeholder language or path
draft	standardgalactic/kitbash	economics/essay.tex	Recursive Futarchy	article	9989	191089607649772d15e9a67218f8c94179028c61c92e5ad66dd274a6572e3649	https://github.com/standardgalactic/kitbash/blob/ceb2c5d039ee0a9075728a1e4fff28007087df00/economics/essay.tex	draft/placeholder language or path
draft	standardgalactic/kitbash	essay/draft-01/paper.tex	Entropic Paradoxes in Big Tech Critique: A Formal Analysis Through the RSVP Framework	article	1643	58e379172b2672ebde29f8cdab23f95b17c567c676fd5c44fd66695b0eb76953	https://github.com/standardgalactic/kitbash/blob/ceb2c5d039ee0a9075728a1e4fff28007087df00/essay/draft-01/paper.tex	draft/placeholder language or path
draft	standardgalactic/kitbash	processing/Draft 2.tex	The Politics of Oracle-Free Evaluation: Constraint, Generativity, and the Problem of Validation	article	3312	62ecc7bd1a90df981271ce970b8928cbf8e7a175dfee93a576a44191e769779e	https://github.com/standardgalactic/kitbash/blob/ceb2c5d039ee0a9075728a1e4fff28007087df00/processing/Draft 2.tex	draft/placeholder language or path
standalone	standardgalactic/kitbash	processing/essay/main.tex	From Gossip to Chokepoint Capitalism: Cycles of Semantic Constraint	article	1614	d741a19a5953e791b66b0cdbee128ab4849fc44fd02e32505ba0af280889c402	https://github.com/standardgalactic/kitbash/blob/ceb2c5d039ee0a9075728a1e4fff28007087df00/processing/essay/main.tex	
draft	standardgalactic/kitbash	essay/draft-02/paper.tex	Entropic Paradoxes in Big Tech Critique: A Formal Analysis Through the RSVP Framework	article	1881	fa23066bdbe9debf230776ac5dec7a181df08f3f0833a287087d63422c5f429d	https://github.com/standardgalactic/kitbash/blob/ceb2c5d039ee0a9075728a1e4fff28007087df00/essay/draft-02/paper.tex	draft/placeholder language or path
draft	standardgalactic/kitbash	processing/Draft 1.tex	The Politics of Oracle-Free Evaluation: Constraint, Generativity, and the Problem of Validation	article	3716	05eaac6534c822c4e57bbbcb8a91da214a7f63ef7b6c5625f9b9bbfe1c67f071	https://github.com/standardgalactic/kitbash/blob/ceb2c5d039ee0a9075728a1e4fff28007087df00/processing/Draft 1.tex	draft/placeholder language or path
draft	standardgalactic/kitbash	paperbot/draft/paperbot-parliament.tex	Paperbot Parliament: A Multi-Agent Framework for Distinction-Centered Document Analysis [0.6em] Concept, Formal Theory, Algorithm, and First Experimental Run	article	5301	aaf99bc331259b94f11492c5dab87725361a20a50930062d9a42ea81c2860393	https://github.com/standardgalactic/kitbash/blob/ceb2c5d039ee0a9075728a1e4fff28007087df00/paperbot/draft/paperbot-parliament.tex	draft/placeholder language or path
draft	standardgalactic/kitbash	asymptotic_safety.tex	Constraints of Asymptotically Safe Quantum Gravity on Scalar-Tensor Theories and Cosmic Strings	article	17056	fab80c8d75a51e96e7f4eb086733197a42b2e54550e32f03c8620d9251b3df42	https://github.com/standardgalactic/kitbash/blob/ceb2c5d039ee0a9075728a1e4fff28007087df00/asymptotic_safety.tex	draft/placeholder language or path
draft	standardgalactic/kitbash	essay/draft-03/paper.tex	Entropic Paradoxes in Big Tech Critique: A Formal Analysis Through the RSVP Framework	article	2712	a61c0e2c1336ed723b0891ad3c5258fc5c5a6b92db8c93aa77f30124903d6941	https://github.com/standardgalactic/kitbash/blob/ceb2c5d039ee0a9075728a1e4fff28007087df00/essay/draft-03/paper.tex	draft/placeholder language or path
standalone	standardgalactic/kitbash	cosmology/essay/essay.tex	Roads Not Taken: Encoding Ratchets in Cinema, Computation, and Cosmology	book	1927	f5e1368be222603eaa352772913bde556b9ed3bc8434e27eb6f6b5c7d2191656	https://github.com/standardgalactic/kitbash/blob/ceb2c5d039ee0a9075728a1e4fff28007087df00/cosmology/essay/essay.tex	
standalone	standardgalactic/kitbash	sandbox/essay/essay.tex	The Moon Should Not Be a Computer	article	3944	29ed3f318d040129883a234fbbc5dd4db084f37956d092a6f593c87c6a22aca2	https://github.com/standardgalactic/kitbash/blob/ceb2c5d039ee0a9075728a1e4fff28007087df00/sandbox/essay/essay.tex	
standalone	standardgalactic/kitbash	Ecphoric Synthesis.tex	Ecphoric Synthesis and Event-Historical Algebra A Formal Framework for Persistent Knowledge, Memory, and Meaning	article	11132	62ad73801929b6c5932d439fdd50222cdb8437e5d80cae16fd99e37ba9614b4f	https://github.com/standardgalactic/kitbash/blob/ceb2c5d039ee0a9075728a1e4fff28007087df00/Ecphoric Synthesis.tex	
draft	standardgalactic/kitbash	thesis/draft-01/thesis.tex	Ledger and Junk: Opacity as the Condition of Generativity in Computational Systems	article	3812	eb63edeae89d68743089085b07b86618450484fb88c80f5a19160c95a7755437	https://github.com/standardgalactic/kitbash/blob/ceb2c5d039ee0a9075728a1e4fff28007087df00/thesis/draft-01/thesis.tex	draft/placeholder language or path
standalone	standardgalactic/kitbash	Everlasting Redshift.tex	Everlasting Redshift Apparent Expansion in a Relaxing Universe	article	10109	7b72940a18700c1a32a5f32b04fd04ebf401ec50bb678507b1b619a56290fd6f	https://github.com/standardgalactic/kitbash/blob/ceb2c5d039ee0a9075728a1e4fff28007087df00/Everlasting Redshift.tex	
draft	standardgalactic/kitbash	thesis/draft-02/thesis.tex	Ledger and Junk: Opacity as the Condition of Generativity in Computational Systems	article	4190	d6c29a071d5334fa4d232c0c331053ed716063c9a9e0a08f943fef87d06fd153	https://github.com/standardgalactic/kitbash/blob/ceb2c5d039ee0a9075728a1e4fff28007087df00/thesis/draft-02/thesis.tex	draft/placeholder language or path
draft	standardgalactic/kitbash	thesis/draft-03/thesis.tex	Ledger and Junk: Opacity as the Condition of Generativity in Computational Systems	article	4337	b9f8e874be03683a71c311543ca7b9b1da7797948be15dd9140566f82a13a89f	https://github.com/standardgalactic/kitbash/blob/ceb2c5d039ee0a9075728a1e4fff28007087df00/thesis/draft-03/thesis.tex	draft/placeholder language or path
standalone	standardgalactic/kitbash	monograph/Scalar-Extraction.tex	Scalar Extraction in Platform Capitalism: A Field-Theoretic, Economic, and Algorithmic Theory of Extractive Social Networks and Their Non-Extractive Redesign	article	2609	30aeaffdbd7fb4323a5da4af1c4ec4691d26bc4bc0b6268e8757b245fdfe647d	https://github.com/standardgalactic/kitbash/blob/ceb2c5d039ee0a9075728a1e4fff28007087df00/monograph/Scalar-Extraction.tex	
standalone	standardgalactic/kitbash	paperbot/geometry-of-control.tex	The Geometry of Control [0.5em] Admissibility, Reachability, and Projection Collapse in Prisoners of Power	article	16128	8550ceb20dfbeb9eca3a19d494576bb9a46ae1e6af0248347304b9b26ab2f413	https://github.com/standardgalactic/kitbash/blob/ceb2c5d039ee0a9075728a1e4fff28007087df00/paperbot/geometry-of-control.tex	
standalone	standardgalactic/kitbash	paradox-of-precaution.tex	Paradox of Precaution 0.3em How AGI Safety Could Erode Human Trust 0.3em A Thermodynamic Theory of Mutual Corrigibility 0.3em Extended Version	article	8758	17135be1b7bf544e1d70afc76b22f4508bc18d7fd86e57b959abb1c8748b6ddb	https://github.com/standardgalactic/kitbash/blob/ceb2c5d039ee0a9075728a1e4fff28007087df00/paradox-of-precaution.tex	
standalone	standardgalactic/kitbash	cosmology/generative_memory.tex	Non-Markovian Generative Influence: A Unified Framework for Cognition, Cosmology, and Spectroscopy	article	1303	eb88a5428e9742b91d5decad02d6a1d2d2508635e4e9c75ddd0921bddd1864b7	https://github.com/standardgalactic/kitbash/blob/ceb2c5d039ee0a9075728a1e4fff28007087df00/cosmology/generative_memory.tex	
standalone	standardgalactic/kitbash	irreversible-histories.tex	Irreversible Histories as Ontological Primitives: A Constraint-First Foundation for Dynamic Ontologies	article	9351	877b812b2ea5defa74d3f4551aee005d208824cc32e029aef466c54a36f362dc	https://github.com/standardgalactic/kitbash/blob/ceb2c5d039ee0a9075728a1e4fff28007087df00/irreversible-histories.tex	
draft	standardgalactic/kitbash	research/working/essay.tex	From Frailty and Waste to Informational Security: RSVP as a Foundation for Idea Routing and Civic Coherence	book	10940	de176edc4f04b39fa92a9473c7c16851da06449346dce763366bfe9fda17e1ef	https://github.com/standardgalactic/kitbash/blob/ceb2c5d039ee0a9075728a1e4fff28007087df00/research/working/essay.tex	draft/placeholder language or path
draft	standardgalactic/kitbash	research/psychology/draft-01/emotions.tex	From Catharsis to Geometric Bayesianism: RSVP and the Demise of the Hydraulic Model	article	725	134beecd71953bbc00f4977cabdd2a1fbc3ba3f7f767c1ab2a83d01da872305c	https://github.com/standardgalactic/kitbash/blob/ceb2c5d039ee0a9075728a1e4fff28007087df00/research/psychology/draft-01/emotions.tex	draft/placeholder language or path
standalone	standardgalactic/kitbash	cosmology/rsvp_cosmology.tex	Cosmological Observables Without Expansion: A Scalar--Vector--Entropy Field Theory of Redshift, Luminosity Distance, and the Hubble Tension [1em] An RSVP and Spherepop Synthesis	article	8090	07e32e5b5125211dc723df6af8882a77ae315fbddc7f25dc6c83bd52c82dc2a1	https://github.com/standardgalactic/kitbash/blob/ceb2c5d039ee0a9075728a1e4fff28007087df00/cosmology/rsvp_cosmology.tex	
standalone	standardgalactic/kitbash	processing/unreadability.tex	% The Unreadability of Dynamic Readability: An Explicit Specification of a Conceptualization [0.5em] Progressive Methodological Refinement and Increasingly Rigorous Framework Instantiation	article	5450	34836605023b2c9b1da5acfc1751a72326ad30696e498649b223f18f0e5de0e1	https://github.com/standardgalactic/kitbash/blob/ceb2c5d039ee0a9075728a1e4fff28007087df00/processing/unreadability.tex	
standalone	standardgalactic/kitbash	cosmology/prereq_textbook.tex	Renormalization, Asymptotic Safety, and the Scalar-Vector Plenum [0.8em] A Mathematical Introduction	book	13240	4a7dd0af4562dbd621249b966b4f6f46c3ebfba2f1eb1cc8de96954cd3ca4003	https://github.com/standardgalactic/kitbash/blob/ceb2c5d039ee0a9075728a1e4fff28007087df00/cosmology/prereq_textbook.tex	
draft	standardgalactic/kitbash	physics/working/RSVP_Study_Guide.tex	RSVP Study Guide: A Comprehensive Framework for Relativistic Scalar Vector Plenum	report	11782	b4dfbd8492904941f2c5861f77c1fb3104503ed54414ea24365c7f42f1469286	https://github.com/standardgalactic/kitbash/blob/ceb2c5d039ee0a9075728a1e4fff28007087df00/physics/working/RSVP_Study_Guide.tex	draft/placeholder language or path
standalone	standardgalactic/kitbash	thesis/constraint_closure.tex	Inference as Constraint Closure: A Variational, Spectral, and Sheaf-Theoretic Framework for Reconstruction	article	5444	fcc3155e133e3497faae3c2c367d4da77a2c59347be12def6c61d4e38c948dae	https://github.com/standardgalactic/kitbash/blob/ceb2c5d039ee0a9075728a1e4fff28007087df00/thesis/constraint_closure.tex	
standalone	standardgalactic/kitbash	workspace/operator-ecology.tex	Operator Ecology	article	5134	adf6895d05e6af5e8d5ab037296ec21f51dc0dd65c954861cc34e6f15f6610c9	https://github.com/standardgalactic/kitbash/blob/ceb2c5d039ee0a9075728a1e4fff28007087df00/workspace/operator-ecology.tex	
standalone	standardgalactic/kitbash	essay/knowledge-ecosystems.tex	The Thermodynamics of Knowledge Ecosystems 0.5em Entropy, Freedom, and the Ethics of Repair	article	12582	d9c708c1f12a395709322542f5ef8cf10f2cf00a95543919dac9f72b4d9578fb	https://github.com/standardgalactic/kitbash/blob/ceb2c5d039ee0a9075728a1e4fff28007087df00/essay/knowledge-ecosystems.tex	
standalone	standardgalactic/kitbash	cosmology/rsvp_cosmology-1.tex	Cosmological Observables Without Expansion: A Scalar--Vector--Entropy Field Theory of Redshift, Luminosity Distance, and the Hubble Tension [1em] An RSVP and Spherepop Synthesis	article	9023	28e7fae8e1d14e7d6710f312a73136e7c8c79deeb93319375db8b66a0d5b4522	https://github.com/standardgalactic/kitbash/blob/ceb2c5d039ee0a9075728a1e4fff28007087df00/cosmology/rsvp_cosmology-1.tex	
standalone	standardgalactic/kitbash	Metric Interface Dynamics.tex	From Irreversible Constraint to Metric Interface Dynamics	article	9523	1b8df69afcf09bf483486670eb66a6fc031ca643ca01d93f16b72ddd4f0a51a7	https://github.com/standardgalactic/kitbash/blob/ceb2c5d039ee0a9075728a1e4fff28007087df00/Metric Interface Dynamics.tex	
draft	standardgalactic/kitbash	physics/working/draft-01/RSVP_Study_Guide.tex	RSVP Study Guide: A Comprehensive Framework for Relativistic Scalar Vector Plenum	report	5716	090d84979b283d8c3226f9c102e2381c6c986bceabcfd99bb6ccac5767ad5ac1	https://github.com/standardgalactic/kitbash/blob/ceb2c5d039ee0a9075728a1e4fff28007087df00/physics/working/draft-01/RSVP_Study_Guide.tex	draft/placeholder language or path
draft	standardgalactic/kitbash	operations/essay-02/draft-03.tex	The Role of Silence in Knowledge Systems	article	3402	6fcddbb0b3c8de3a660dd2af3a7cec5996c9c0a8d26448fffb0f828dae53fa23	https://github.com/standardgalactic/kitbash/blob/ceb2c5d039ee0a9075728a1e4fff28007087df00/operations/essay-02/draft-03.tex	draft/placeholder language or path
standalone	standardgalactic/kitbash	cosmology/rsvp_cosmology_v2.tex	Cosmological Observables Without Expansion: A Scalar--Vector--Entropy Field Theory of Redshift, Luminosity Distance, and the Hubble Tension [1em] An RSVP and Spherepop Synthesis	article	9998	a26898cec4674989842b181dbce383e3025338eab42d8e0cef65a5b491ef2fae	https://github.com/standardgalactic/kitbash/blob/ceb2c5d039ee0a9075728a1e4fff28007087df00/cosmology/rsvp_cosmology_v2.tex	
standalone	standardgalactic/kitbash	research/psychology/emotions.tex	From Catharsis to Geometric Bayesianism: RSVP and the Demise of the Hydraulic Model of Emotion	article	3640	7274fcd4284a5af60ecb4cd287b39e2a6cfb28aae8833bf7856f9cf880eaf36f	https://github.com/standardgalactic/kitbash/blob/ceb2c5d039ee0a9075728a1e4fff28007087df00/research/psychology/emotions.tex	
draft	standardgalactic/kitbash	operations/essay-02/draft-02.tex	The Role of Silence in Knowledge Systems	article	3713	b58c177054927410a042da6f22848c359a9cd4d7a5dd4c16043b7ab2bfc40817	https://github.com/standardgalactic/kitbash/blob/ceb2c5d039ee0a9075728a1e4fff28007087df00/operations/essay-02/draft-02.tex	draft/placeholder language or path
draft	standardgalactic/kitbash	operations/essay-02/draft-01.tex	The Role of Silence in Knowledge Systems	article	4386	98d6cb9c39f2ba7661ec83f21e8f3f0609ffdc0392bddd6dc340bd0c278ca367	https://github.com/standardgalactic/kitbash/blob/ceb2c5d039ee0a9075728a1e4fff28007087df00/operations/essay-02/draft-01.tex	draft/placeholder language or path
draft	standardgalactic/kitbash	top-level-ontology-draft-01.tex	Toward a Top-Level Ontology of Entropic Histories: A Scalar--Vector--Entropy Foundation for Ontology Engineering	article	7169	fb521c26f4f78bba702213ba39bdef33c266ff10eb6c7203ffb55dbf5b2c8d3e	https://github.com/standardgalactic/kitbash/blob/ceb2c5d039ee0a9075728a1e4fff28007087df00/top-level-ontology-draft-01.tex	draft/placeholder language or path
draft	standardgalactic/kitbash	cosmology/asymptotic_safety.tex	Constraints of Asymptotically Safe Quantum Gravity on Scalar-Tensor Theories and Cosmic Strings	article	17056	fab80c8d75a51e96e7f4eb086733197a42b2e54550e32f03c8620d9251b3df42	https://github.com/standardgalactic/kitbash/blob/ceb2c5d039ee0a9075728a1e4fff28007087df00/cosmology/asymptotic_safety.tex	draft/placeholder language or path
standalone	standardgalactic/kitbash	The Failure of Project Xanadu.tex	The Failure of Project Xanadu	article	4221	ed0952d84b68f17512cc0a41d3f7ccc1124c881d3b88f865b064a3d089734919	https://github.com/standardgalactic/kitbash/blob/ceb2c5d039ee0a9075728a1e4fff28007087df00/The Failure of Project Xanadu.tex	
standalone	standardgalactic/kitbash	operations/essay-03/essay-03.tex	Chokepoint Capitalism in Knowledge Infrastructures: An RSVP-Theoretic Analysis	article	4963	933d9dfe5ff0fb44b5bf9e89c108a0ab04a53f5382a4e70a9ef9fe56429b8382	https://github.com/standardgalactic/kitbash/blob/ceb2c5d039ee0a9075728a1e4fff28007087df00/operations/essay-03/essay-03.tex	
draft	standardgalactic/kitbash	top-level-ontology-draft-02.tex	Toward a Top-Level Ontology of Entropic Histories: A Scalar--Vector--Entropy Foundation for Ontology Engineering	article	10118	50a3ff6d303aa6bebe9e1506501096d3ec435dc1adc0c4047d8f2a9daac80ceb	https://github.com/standardgalactic/kitbash/blob/ceb2c5d039ee0a9075728a1e4fff28007087df00/top-level-ontology-draft-02.tex	draft/placeholder language or path
standalone	standardgalactic/kitbash	operations/essay-01/monograph.tex	From RSVP Field Dynamics to TAG Multi-Agent Hierarchies	article	3815	6ec0e4cba9f666f4dc184496b4014bceed1e460409d22ba0bfff72ffdb09e07a	https://github.com/standardgalactic/kitbash/blob/ceb2c5d039ee0a9075728a1e4fff28007087df00/operations/essay-01/monograph.tex	
untitled-document	standardgalactic/kitbash	processing/mundus_subterraneus.tex		memoir	14235	e58ecd0e1cfc29650f249202ea2b17ae66cf4ba815fc114735ca2d93119f6073	https://github.com/standardgalactic/kitbash/blob/ceb2c5d039ee0a9075728a1e4fff28007087df00/processing/mundus_subterraneus.tex	documentclass present but no title found
standalone	standardgalactic/kitbash	cosmology/rsvp_cosmology_v2-1.tex	Cosmological Observables Without Expansion: A Scalar--Vector--Entropy Field Theory of Redshift, Luminosity Distance, and the Hubble Tension [1em] An RSVP and Spherepop Synthesis	article	10130	a94ec1c330288538d77449fdbf577095acc829a640ec04b8e2cbdc505572b70d	https://github.com/standardgalactic/kitbash/blob/ceb2c5d039ee0a9075728a1e4fff28007087df00/cosmology/rsvp_cosmology_v2-1.tex	
standalone	standardgalactic/kitbash	research/math/entropic-gravity.tex	The Fall of Space: Entropic Relaxation and Structure Without Expansion in a Scalar-Vector Plenum	article	3950	7dbb15edf47c491e8fc25e8efb312d223d7e321ecbf6ff13ed118eaed4c6ed00	https://github.com/standardgalactic/kitbash/blob/ceb2c5d039ee0a9075728a1e4fff28007087df00/research/math/entropic-gravity.tex	
standalone	standardgalactic/kitbash	cosmology/constraint_geometry.tex	Constraint Geometry and Semantic Dynamics: [6pt] A Unified Field Theory of Hierarchical Inference, Cognitive Transformation, and Alignment	book	7948	62cf9e696ecbcf25746329c8b61e500cfd63040d5bfed5b6ac23977336f16d5c	https://github.com/standardgalactic/kitbash/blob/ceb2c5d039ee0a9075728a1e4fff28007087df00/cosmology/constraint_geometry.tex	
draft	standardgalactic/kitbash	cosmology/essay/draft-01/essay.tex	Roads Not Taken: Encoding Ratchets in Cinema, Computation, and Cosmology	book	12420	0548900861b01757cf3333515d947799d28489e37764242764b329bb36dfa95a	https://github.com/standardgalactic/kitbash/blob/ceb2c5d039ee0a9075728a1e4fff28007087df00/cosmology/essay/draft-01/essay.tex	draft/placeholder language or path
draft	standardgalactic/kitbash	research/working/draft-02/essay.tex	From Frailty and Waste to Informational Security: RSVP as a Foundation for Idea Routing and Civic Coherence	book	11003	c211519147ba44ac78197451eb3a1edf09c573c937a1910e2fb2a48a6351eed5	https://github.com/standardgalactic/kitbash/blob/ceb2c5d039ee0a9075728a1e4fff28007087df00/research/working/draft-02/essay.tex	draft/placeholder language or path
draft	standardgalactic/kitbash	research/working/draft-01/essay.tex	From Frailty and Waste to Informational Security: RSVP as a Foundation for Idea Routing and Civic Coherence	book	11588	1ccd80a7f8cdcf55638582f06b3fc58448b2060819b8c3cd8b5a1911fe6df0e1	https://github.com/standardgalactic/kitbash/blob/ceb2c5d039ee0a9075728a1e4fff28007087df00/research/working/draft-01/essay.tex	draft/placeholder language or path
draft	standardgalactic/kitbash	operations/essay-03/draft-01/essay.tex	Chokepoint Capitalism in Knowledge Infrastructures: An RSVP-Theoretic Analysis	article	2878	737a17f79421e043673ce7387b26166b9b37128ac3568ae13b4f6eb9ee359ce6	https://github.com/standardgalactic/kitbash/blob/ceb2c5d039ee0a9075728a1e4fff28007087df00/operations/essay-03/draft-01/essay.tex	draft/placeholder language or path
standalone	standardgalactic/kitbash	physics/constraint-accumulation.tex	Time as Irreversible Constraint Accumulation: An Event-Based Interpretation of Proper Time, Entropy, and Dissipative Structure	article	12449	62b7bc98867b81057a5e2b414f40e51730cd9f35c2b793338048cc4f82b9315f	https://github.com/standardgalactic/kitbash/blob/ceb2c5d039ee0a9075728a1e4fff28007087df00/physics/constraint-accumulation.tex	
standalone	standardgalactic/kitbash	philosophy/structural-semantics.tex	Structural Semantics	book	39324	44b39386110b020de899832106f1e22200c4af5a9b8debd810cbb71cccaaa021	https://github.com/standardgalactic/kitbash/blob/ceb2c5d039ee0a9075728a1e4fff28007087df00/philosophy/structural-semantics.tex	
standalone	standardgalactic/kitbash	research/essay/thermal-infrastructure.tex	A Categorical and Bioeconomic Framework for Useful Computation as Heat, Semantic Merging, and Polycomputational Agency	article	1293	82c43c84f9ed8c3eb4a85224b8b635034adf637d5baa171de374665048f818df	https://github.com/standardgalactic/kitbash/blob/ceb2c5d039ee0a9075728a1e4fff28007087df00/research/essay/thermal-infrastructure.tex	
standalone	standardgalactic/kitbash	Admissibility and Renormalization.tex	Admissibility and Renormalization Geometry as an Effective Interface	article	9235	c9cf30d8eb77a18cc991dcb15f7a26745fda0f9d40787a13389c42565f170f57	https://github.com/standardgalactic/kitbash/blob/ceb2c5d039ee0a9075728a1e4fff28007087df00/Admissibility and Renormalization.tex	
draft	standardgalactic/kitbash	research/psychology/draft-02/emotions.tex	From Catharsis to Geometric Bayesianism: RSVP and the Demise of the Hydraulic Model of Emotion	article	2345	fe25d43a8fca227bb6e92ea95afa7ccb267e3b699d0bda69e65c3104c97bfca8	https://github.com/standardgalactic/kitbash/blob/ceb2c5d039ee0a9075728a1e4fff28007087df00/research/psychology/draft-02/emotions.tex	draft/placeholder language or path
draft	standardgalactic/kitbash	research/math/draft-01/entropic-gravity.tex	The Fall of Space: Entropic Relaxation and Structure Without Expansion in a Scalar-Vector Plenum	article	1323	0f76e86e228ed6ffa67fdaa10f146639fff16e1401612586028c88a970c3aace	https://github.com/standardgalactic/kitbash/blob/ceb2c5d039ee0a9075728a1e4fff28007087df00/research/math/draft-01/entropic-gravity.tex	draft/placeholder language or path
untitled-document	standardgalactic/kitbash	cosmology/dynamics_of_theory_space.tex		book	30154	d4917e43325f248c6b9ec2eeb25155428718ae31a3e9a431cb0f2c873e961c02	https://github.com/standardgalactic/kitbash/blob/ceb2c5d039ee0a9075728a1e4fff28007087df00/cosmology/dynamics_of_theory_space.tex	documentclass present but no title found
draft	standardgalactic/kitbash	research/math/draft-03/entropic-gravity.tex	The Fall of Space: Entropic Relaxation and Structure Without Expansion in a Scalar-Vector Plenum	article	1603	d024a00dc275eaffb5dd7cbeb9fa16a3b3a1bf376581eb2f85f3d7c9b776c50a	https://github.com/standardgalactic/kitbash/blob/ceb2c5d039ee0a9075728a1e4fff28007087df00/research/math/draft-03/entropic-gravity.tex	draft/placeholder language or path
draft	standardgalactic/kitbash	cosmology/working/draft-05/incompleteness.tex	Incompleteness, Null Signals, and the Cosmological Plenum	article	1551	80762af4957b572b80c260a5c7856035b060d76e54be70a59de7f8b0b3b4e169	https://github.com/standardgalactic/kitbash/blob/ceb2c5d039ee0a9075728a1e4fff28007087df00/cosmology/working/draft-05/incompleteness.tex	draft/placeholder language or path
draft	standardgalactic/kitbash	cosmology/Axial Holonomy - draft 02.tex	Axial Holonomy and Visibility-Weighted Coherence: [4pt] Cosmic Birefringence in the Relativistic Scalar--Vector Plenum	article	4934	152f8ffd27ef288404d96067245a38cb7eb04a366b9eed0a96003561f6fe917d	https://github.com/standardgalactic/kitbash/blob/ceb2c5d039ee0a9075728a1e4fff28007087df00/cosmology/Axial Holonomy - draft 02.tex	draft/placeholder language or path
draft	standardgalactic/kitbash	research/math/draft-02/entropic-gravity.tex	The Fall of Space: Entropic Relaxation and Structure Without Expansion in a Scalar-Vector Plenum	article	2028	04c270d040edd5d67be6deed602b0be80ec7ed96b4e5781f1e53b9c3d0d5cfeb	https://github.com/standardgalactic/kitbash/blob/ceb2c5d039ee0a9075728a1e4fff28007087df00/research/math/draft-02/entropic-gravity.tex	draft/placeholder language or path
draft	standardgalactic/kitbash	cosmology/Axial Holonomy - draft 03.tex	Axial Holonomy and Visibility-Weighted Coherence: [4pt] Cosmic Birefringence in the Relativistic Scalar--Vector Plenum	article	7782	1c547755e3dfa98932d8e2b1e96f3452c75f88faceacb54e2cb4500ef18b51c9	https://github.com/standardgalactic/kitbash/blob/ceb2c5d039ee0a9075728a1e4fff28007087df00/cosmology/Axial Holonomy - draft 03.tex	draft/placeholder language or path
draft	standardgalactic/kitbash	cosmology/Axial Holonomy - draft 01.tex	Axial Holonomy and Visibility-Weighted Coherence: Cosmic Birefringence in the Relativistic Scalar--Vector Plenum	article	10407	5484d59d01efde47cbb4cd43ae6578edb5a5853ed7a975579141da9ade3b3973	https://github.com/standardgalactic/kitbash/blob/ceb2c5d039ee0a9075728a1e4fff28007087df00/cosmology/Axial Holonomy - draft 01.tex	draft/placeholder language or path
standalone	standardgalactic/kitbash	Transformation Before Representation.tex	Transformation Before Representation: A Compositional Operator Basis for Cognition, Gesture, and Narrative	article	11264	3adcc91ca45821b9a8ef7ffad390d19c11568a0a5e84ac21a61e94b9079ed435	https://github.com/standardgalactic/kitbash/blob/ceb2c5d039ee0a9075728a1e4fff28007087df00/Transformation Before Representation.tex	
standalone	standardgalactic/kitbash	geometry-as-computational-infrastructure.tex	Orthodromic Infrastructure Blueprint [0.5em] A Long-Term Architectural Specification for Civil Convergence	book	28272	112eaab29c9fbf470fd042fccdeee2ce3f9e30a1b60eb85d677e834e6d8b9695	https://github.com/standardgalactic/kitbash/blob/ceb2c5d039ee0a9075728a1e4fff28007087df00/geometry-as-computational-infrastructure.tex	
draft	standardgalactic/kitbash	physics/constraint-accumulation-draft-01.tex	Time as Irreversible Constraint Accumulation: An Event-Based Interpretation of Proper Time, Entropy, and Dissipative Structure	article	2601	671ebd3b961afecd4fa65c5ffe8519bb17d61522ae5c73a16922b11b932f7de0	https://github.com/standardgalactic/kitbash/blob/ceb2c5d039ee0a9075728a1e4fff28007087df00/physics/constraint-accumulation-draft-01.tex	draft/placeholder language or path
draft	standardgalactic/kitbash	research/math/draft-04/entropic-gravity.tex	The Fall of Space: Entropic Relaxation and Structure Without Expansion in a Scalar-Vector Plenum	article	3867	61a9be5c2b6b21b169473266d5649f2bbf53eb9fa37399fbb60147c84ff582ee	https://github.com/standardgalactic/kitbash/blob/ceb2c5d039ee0a9075728a1e4fff28007087df00/research/math/draft-04/entropic-gravity.tex	draft/placeholder language or path
draft	standardgalactic/kitbash	research/math/draft-06/entropic-gravity.tex	The Fall of Space: Entropic Relaxation and Structure Without Expansion in a Scalar-Vector Plenum	article	3949	076e2c2447eef7ecd305969c0848af9cfd225b26933a7a33cee0d55a5308be45	https://github.com/standardgalactic/kitbash/blob/ceb2c5d039ee0a9075728a1e4fff28007087df00/research/math/draft-06/entropic-gravity.tex	draft/placeholder language or path
draft	standardgalactic/kitbash	research/math/draft-05/entropic-gravity.tex	The Fall of Space: Entropic Relaxation and Structure Without Expansion in a Scalar-Vector Plenum	article	4679	eeb5b7af034937aefe7c6e5a0c3320677dad051500cb9ed1cb722a7207a1f829	https://github.com/standardgalactic/kitbash/blob/ceb2c5d039ee0a9075728a1e4fff28007087df00/research/math/draft-05/entropic-gravity.tex	draft/placeholder language or path
draft	standardgalactic/kitbash	cosmology/working/draft-03/incompleteness.tex	Incompleteness, Null Signals, and the Cosmological Plenum	article	3523	95a675613568147740bcf6c9886650680250ac3efbcd8d867c6768572b774295	https://github.com/standardgalactic/kitbash/blob/ceb2c5d039ee0a9075728a1e4fff28007087df00/cosmology/working/draft-03/incompleteness.tex	draft/placeholder language or path
draft	standardgalactic/kitbash	cosmology/working/draft-04/incompleteness.tex	Incompleteness, Null Signals, and the Cosmological Plenum	article	4026	dea52566a2711385fd3d9095d871e20ff6ea732accfa6e68e2c554300255fbaf	https://github.com/standardgalactic/kitbash/blob/ceb2c5d039ee0a9075728a1e4fff28007087df00/cosmology/working/draft-04/incompleteness.tex	draft/placeholder language or path
standalone	standardgalactic/kitbash	controversial-topics/background/monograph.tex	The Noise Tax: Entropy, Responsibility, and the Economics of Coherence	article	12803	cbc874e06480760d78973e26846ba67ae6012328bdfaf082ee40a7a60fec1ca8	https://github.com/standardgalactic/kitbash/blob/ceb2c5d039ee0a9075728a1e4fff28007087df00/controversial-topics/background/monograph.tex	
draft	standardgalactic/kitbash	draft/geometry-as-computational-infrastructure.tex	Orthodromic Infrastructure Blueprint [0.5em] A Long-Term Architectural Specification for Civil Convergence	book	25393	df097094e881b4e98fd89c24b64978fff51e67774a6da9ad18ed44648ebc6c33	https://github.com/standardgalactic/kitbash/blob/ceb2c5d039ee0a9075728a1e4fff28007087df00/draft/geometry-as-computational-infrastructure.tex	draft/placeholder language or path
standalone	standardgalactic/kitbash	physics/processing/constraint-accumulation.tex	Time as Irreversible Constraint Accumulation: An Event-Based Interpretation of Proper Time, Entropy, and Dissipative Structure	article	11875	83e0ad7e7413bc11876be4f6abe0fa8bc9a6c5153c73872d050917080a878204	https://github.com/standardgalactic/kitbash/blob/ceb2c5d039ee0a9075728a1e4fff28007087df00/physics/processing/constraint-accumulation.tex	
draft	standardgalactic/kitbash	research/essay/draft-01/thermal-infrastructure.tex	Entropy as Infrastructure: A Categorical and Bioeconomic Framework for Useful Computation as Heat, Semantic Merging, and Polycomputational Agency	article	2399	7cc6e044b677cf5f5138acc3d690945eed47d934b22fe9ee6a31a80eb2262867	https://github.com/standardgalactic/kitbash/blob/ceb2c5d039ee0a9075728a1e4fff28007087df00/research/essay/draft-01/thermal-infrastructure.tex	draft/placeholder language or path
draft	standardgalactic/kitbash	research/essay/draft-03/thermal-infrastructure.tex	A Categorical and Bioeconomic Framework for Useful Computation as Heat, Semantic Merging, and Polycomputational Agency	article	2187	f04dbcfe7487207fda79c6a9496f45b0905c31eb71d93f06065f01c8e0bcc1f5	https://github.com/standardgalactic/kitbash/blob/ceb2c5d039ee0a9075728a1e4fff28007087df00/research/essay/draft-03/thermal-infrastructure.tex	draft/placeholder language or path
draft	standardgalactic/kitbash	physics/working/RSVP_Study_Guide - incomplete.tex	RSVP Study Guide: A Comprehensive Framework for Relativistic Scalar Vector Plenum	report	7501	71b578049dbd5922cad114a59d8629c4fef0db20b7edcd117659f76da61e0b12	https://github.com/standardgalactic/kitbash/blob/ceb2c5d039ee0a9075728a1e4fff28007087df00/physics/working/RSVP_Study_Guide - incomplete.tex	draft/placeholder language or path
standalone	standardgalactic/library	physics/affine-quantum-deformation-summary.tex	Executive Summary: Affine Quantum Deformation and the Geometry of Awareness	article	187	a57ad8257063040d05ebb68881374b88b6a1c10a67bdb114e72b182d4f12e34a	https://github.com/standardgalactic/library/blob/90f45298e478cb8afa260c901687bc5778eec324/physics/affine-quantum-deformation-summary.tex	
standalone	standardgalactic/library	physics/affine-quantum-deformation-workshop.tex	Affine Quantum Deformation and the Geometry of Awareness	article	252	0e0c2b907ab48b1f7ad656f7739b0dc1d5203b9da5ef3d5e4f65a3cb0c9d6a99	https://github.com/standardgalactic/library/blob/90f45298e478cb8afa260c901687bc5778eec324/physics/affine-quantum-deformation-workshop.tex	
standalone	standardgalactic/library	physics/affine-quantum-deformation-abstract.tex	Affine Quantum Deformation and the Geometry of Awareness: A Unified Variational Framework	article	316	3708e31a66dc8ccfbc6e902fb2f4701ab1991503864b626876365479d4459c07	https://github.com/standardgalactic/library/blob/90f45298e478cb8afa260c901687bc5778eec324/physics/affine-quantum-deformation-abstract.tex	
draft	standardgalactic/library	vault/draft-01.tex	CLIO: A Unified Architecture of Feeling, Cognition, and Coherence [6pt] Solmsian Affective Neuroscience, RSVP Field Theory, and Recursive Inference	memoir	3531	a6251d5ca69dfe96104a8189f9f4eebd5da4bb95be0278e6a4135a1081ba336f	https://github.com/standardgalactic/library/blob/90f45298e478cb8afa260c901687bc5778eec324/vault/draft-01.tex	draft/placeholder language or path
untitled-document	standardgalactic/library	trajectories.tex		article	9490	f3f08e799e1866cee69273c087837371c3c9fc12030a59b9f0cf797cacdb3735	https://github.com/standardgalactic/library/blob/90f45298e478cb8afa260c901687bc5778eec324/trajectories.tex	documentclass present but no title found
draft	standardgalactic/library	essay/essay.tex	The Bicameral Illusion: Spectral Attractors and Autoregressive Cognition	article	13891	3f031a852f9e2850c6aaa4387a5bc9e619fb4606ec3bdf0d58ddefa2bfe7e296	https://github.com/standardgalactic/library/blob/90f45298e478cb8afa260c901687bc5778eec324/essay/essay.tex	draft/placeholder language or path
standalone	standardgalactic/library	geology/paper.tex	Planetary Autocatalysis: Hierarchical Selection, Entropy Fields, and the Emergence of Complexity	book	7195	a7efa6bb4b57e6f896c4b2328a8ad3668dee4784b746724136e8f448aa6cc7e1	https://github.com/standardgalactic/library/blob/90f45298e478cb8afa260c901687bc5778eec324/geology/paper.tex	
draft	standardgalactic/library	essay/draft-01.tex	The Bicameral Illusion: Spectral Attractors and Autoregressive Cognition	article	12541	1cf3cca070d567021903eb4295c17dde58a139accbca15ec3543fbb459dbce38	https://github.com/standardgalactic/library/blob/90f45298e478cb8afa260c901687bc5778eec324/essay/draft-01.tex	draft/placeholder language or path
untitled-document	standardgalactic/library	vault/monograph.tex		book	25830	c3df47726607eb5864f40e49d295b9753737680863941fd327dc1a43969e5cca	https://github.com/standardgalactic/library/blob/90f45298e478cb8afa260c901687bc5778eec324/vault/monograph.tex	documentclass present but no title found
standalone	standardgalactic/library	text_as_substrate.tex	Text as Substrate: On Semantic Compression and the Emergence of a Universal Representational Medium	article	21487	40d7ff468f28d1b7eb589e2d76989bd7c9bdae32161ac2c312820397ca0233b3	https://github.com/standardgalactic/library/blob/90f45298e478cb8afa260c901687bc5778eec324/text_as_substrate.tex	
untitled-document	standardgalactic/library	workspace/erasure_is_deformation.tex		article	7465	eb1289fa5ec75faef8a4b2e153543890f691183b0c5e68a628f708080c5e1f50	https://github.com/standardgalactic/library/blob/90f45298e478cb8afa260c901687bc5778eec324/workspace/erasure_is_deformation.tex	documentclass present but no title found
standalone	standardgalactic/library	text_as_substrate-v1.tex	Text as Substrate: On Semantic Compression and the Emergence of a Universal Representational Medium	article	11046	9247d4630f30509cf20de8364c37fd8715dbd3f2c1f070f529f062ba9c282ead	https://github.com/standardgalactic/library/blob/90f45298e478cb8afa260c901687bc5778eec324/text_as_substrate-v1.tex	
standalone	standardgalactic/library	Merit without Mercy.tex	Merit Without Mercy: Functional Reduction, Organizational Blindness, and the End of Human Justification	article	6177	5ed2de3da0e5602ba94575d08572499d9ce0d6244d0a67ecda142b259747fbbf	https://github.com/standardgalactic/library/blob/90f45298e478cb8afa260c901687bc5778eec324/Merit without Mercy.tex	
standalone	standardgalactic/library	pipeline/monograph.tex	Extrapolated Riemannian Curvature of Semantic Manifolds	article	9425	d758a3a3b9f02ce7ab082ec9b7b4188b24fb29cd5f741e9832b29b5607af47d8	https://github.com/standardgalactic/library/blob/90f45298e478cb8afa260c901687bc5778eec324/pipeline/monograph.tex	
standalone	standardgalactic/library	pipeline/suggestions - 02.tex	Extrapolated Riemannian Curvature of Semantic Manifolds	article	1436	8cfdacfaff90afb420346cee0a61714a47d510b1e5ab1df3051f8b5633894398	https://github.com/standardgalactic/library/blob/90f45298e478cb8afa260c901687bc5778eec324/pipeline/suggestions - 02.tex	
standalone	standardgalactic/library	constraint_geometry.tex	Constraint Geometry and Semantic Dynamics: [6pt] A Unified Field Theory of Hierarchical Inference, Cognitive Transformation, and Alignment	book	7948	62cf9e696ecbcf25746329c8b61e500cfd63040d5bfed5b6ac23977336f16d5c	https://github.com/standardgalactic/library/blob/90f45298e478cb8afa260c901687bc5778eec324/constraint_geometry.tex	
standalone	standardgalactic/library	field-dynamics-essay.tex	as Field Dynamics: [0.4em] The RSVP Interpretation of the Free Energy Principle	article	12068	ce8e4969d46b11f1e72eb866a565abdeae1e44d247cb462edea3c9cfccfc86b7	https://github.com/standardgalactic/library/blob/90f45298e478cb8afa260c901687bc5778eec324/field-dynamics-essay.tex	
draft	standardgalactic/library	Identity as Namespace - draft 01.tex	Identity as Namespace: Entropy, Reputation, and Metric Collapse in Platform Architectures	article	967	e9b93edb9ff32f38554978a4d3d28694fe3d19578d947ec3eb67e688e5d390ec	https://github.com/standardgalactic/library/blob/90f45298e478cb8afa260c901687bc5778eec324/Identity as Namespace - draft 01.tex	draft/placeholder language or path
standalone	standardgalactic/library	text_as_substrate-v2.tex	Text as Substrate: On Semantic Compression and the Emergence of a Universal Representational Medium	article	13113	30864ff7c7633f0e21126cb19d171adfe56d5d742ddafefd4085d75ac0df9b20	https://github.com/standardgalactic/library/blob/90f45298e478cb8afa260c901687bc5778eec324/text_as_substrate-v2.tex	
untitled-document	standardgalactic/library	workspace/admissibility_before_truth.tex		article	6588	6154f5cbca33391d20ab1fc35d23a49a668aeaca183a9c7065437830338115a5	https://github.com/standardgalactic/library/blob/90f45298e478cb8afa260c901687bc5778eec324/workspace/admissibility_before_truth.tex	documentclass present but no title found
standalone	standardgalactic/library	Identity as Namespace.tex	Identity as Namespace: Entropy, Reputation, and Metric Collapse in Platform Architectures	article	12292	f1763bc4dce07838cb5c608a302f1f1b9cbd88d2cf02d9d86cb66dc8f83912b0	https://github.com/standardgalactic/library/blob/90f45298e478cb8afa260c901687bc5778eec324/Identity as Namespace.tex	
draft	standardgalactic/library	geology/draft-01/paper.tex	Planetary Autocatalysis: Hierarchical Selection, Entropy Fields, and the Emergence of Complexity	book	6092	64ce491c67a0609d6cafb60ee75481f3ec126f5a3569bf41c9c1a1a159a01ea6	https://github.com/standardgalactic/library/blob/90f45298e478cb8afa260c901687bc5778eec324/geology/draft-01/paper.tex	draft/placeholder language or path
draft	standardgalactic/library	geology/draft-02/paper.tex	Planetary Autocatalysis: Hierarchical Selection, Entropy Fields, and the Emergence of Complexity	book	6093	32b1a4086d876286ce2b4fca8a6b3459c2700aa282100eeae580580adb8fcdbb	https://github.com/standardgalactic/library/blob/90f45298e478cb8afa260c901687bc5778eec324/geology/draft-02/paper.tex	draft/placeholder language or path
standalone	standardgalactic/library	The Stack Capture Race.tex	The Stack Capture Race	article	7957	d2ed71c8851826dcaf5c9b134ded5ad24aecb12671f3db5f5ea4ec50e426ba67	https://github.com/standardgalactic/library/blob/90f45298e478cb8afa260c901687bc5778eec324/The Stack Capture Race.tex	
draft	standardgalactic/library	geology/draft-03/paper.tex	Planetary Autocatalysis: Hierarchical Selection, Entropy Fields, and the Emergence of Complexity	book	6666	afa7ffe1fac7c7cddce84444512dd2f51f381851675726816ed45e76c0c04d6d	https://github.com/standardgalactic/library/blob/90f45298e478cb8afa260c901687bc5778eec324/geology/draft-03/paper.tex	draft/placeholder language or path
standalone	standardgalactic/library	physics/affine-quantum-deformation-article.tex	Affine Quantum Deformation and the Geometry of Awareness: A Unified Theory of Quantum Structure and Semantic Dynamics	article	555	9d94137f63bcdafe23192e6fcc56f08333d539761bda44b6a046779b9403eb12	https://github.com/standardgalactic/library/blob/90f45298e478cb8afa260c901687bc5778eec324/physics/affine-quantum-deformation-article.tex	
untitled-document	standardgalactic/library	workspace/cost_of_knowing.tex		article	9925	c0b25e8a25093b64e280b383ee36013b13eb01aa63b3ac858e0da9a034f07119	https://github.com/standardgalactic/library/blob/90f45298e478cb8afa260c901687bc5778eec324/workspace/cost_of_knowing.tex	documentclass present but no title found
standalone	standardgalactic/library	Hallucination is Normal.tex	Hallucination Is Normal: A Geometric Theory of Manifold-Aligned Semantic Dynamics	article	5915	24eeafa95b7118fc52df6c04ac63092f1ef3d831aaf53807be9d13305d2833a5	https://github.com/standardgalactic/library/blob/90f45298e478cb8afa260c901687bc5778eec324/Hallucination is Normal.tex	
standalone	standardgalactic/library	physics/monograph/essay.tex	Reflexive Field Dynamics: A Lagrangian Theory of Mind	book	5607	40819208526df958ede20d24db27ac6b6422e8c1ec30034a5729329341fffa6b	https://github.com/standardgalactic/library/blob/90f45298e478cb8afa260c901687bc5778eec324/physics/monograph/essay.tex	
standalone	standardgalactic/library	The Logic of Redundancy.tex	The Logic of Redundancy	article	13344	4ed52c765f626845fcd86dc90e4b26a39daac30b6cd9baaa2d46d9b5a36ec184	https://github.com/standardgalactic/library/blob/90f45298e478cb8afa260c901687bc5778eec324/The Logic of Redundancy.tex	
untitled-document	standardgalactic/library	monograph/binding_invariant.tex		article	7539	8246f6b4e866c964e749e031d5e1bbd9ba279ef99ffe78d36c265095f131c355	https://github.com/standardgalactic/library/blob/90f45298e478cb8afa260c901687bc5778eec324/monograph/binding_invariant.tex	documentclass present but no title found
standalone	standardgalactic/library	pipeline/suggestions - 01.tex	Extrapolated Riemannian Curvature of Semantic Manifolds	article	4272	3aaa84c3274a00cb6fbb950492c53d63c3f693e7c1b833fbc6eb3a9d183a36c6	https://github.com/standardgalactic/library/blob/90f45298e478cb8afa260c901687bc5778eec324/pipeline/suggestions - 01.tex	
standalone	standardgalactic/library	The Myth of Dual Cognition.tex	The Myth of Dual Cognition Automaticity, Attention, and the Misreading of System~1	article	4248	0cab51103b82da4e27acc3d5ec419ecdac4d7e5198a5dc627ee5a82f4810e3b7	https://github.com/standardgalactic/library/blob/90f45298e478cb8afa260c901687bc5778eec324/The Myth of Dual Cognition.tex	
draft	standardgalactic/library	resources/draft-01/geometric-memory.tex	Geometric Memory as Trajectory Influence on a Generative Substrate	article	896	1e41c78c9ffa34f8efb05808c75cbb2bfc6864c86c9d4d0fbe04835946104616	https://github.com/standardgalactic/library/blob/90f45298e478cb8afa260c901687bc5778eec324/resources/draft-01/geometric-memory.tex	draft/placeholder language or path
standalone	standardgalactic/library	Agency Is Not Computation.tex	Agency Is Not Computation Why Irreversibility, Not Intelligence, Defines the Limit of Artificial Systems	article	7238	0c771779f00375b0c17d381b34d1ddec18fcdb0783ef4ed8782e57caae0e7973	https://github.com/standardgalactic/library/blob/90f45298e478cb8afa260c901687bc5778eec324/Agency Is Not Computation.tex	
standalone	standardgalactic/library	resources/geometric-memory.tex	Geometric Memory as Trajectory Influence on a Generative Substrate	article	4721	9c4261990974875ce591966665bdbd6d1c9c40a6b154f8cc61cc435987006717	https://github.com/standardgalactic/library/blob/90f45298e478cb8afa260c901687bc5778eec324/resources/geometric-memory.tex	
standalone	standardgalactic/library	physics/monograph/incomplete.tex	Reflexive Field Dynamics: A Lagrangian Theory of Mind: To be assigned upon publication	book	2413	96100f8f264d04d9884a1d40150e840157c65e807fc1ca70f33e8e2b8981ec10	https://github.com/standardgalactic/library/blob/90f45298e478cb8afa260c901687bc5778eec324/physics/monograph/incomplete.tex	
standalone	standardgalactic/library	system/viewpoint-diversity.tex	Viewpoint Diversity: Cultural Constructs and the Architecture of Mind	book	14910	fd5cb0d561016fcf1e23ac4a3e27175bb32e384175a4c9dc7fba65afde7789ff	https://github.com/standardgalactic/library/blob/90f45298e478cb8afa260c901687bc5778eec324/system/viewpoint-diversity.tex	
standalone	standardgalactic/library	Indivisibility-and-entropy.tex	Indivisibility and Entropy in Quantum Theory Wave Functions as Compression Artifacts of a Thermodynamic Plenum	article	10080	13d05d3491267a54faf218409d2c44212b340ba9d52d995d634e64a2460d8c67	https://github.com/standardgalactic/library/blob/90f45298e478cb8afa260c901687bc5778eec324/Indivisibility-and-entropy.tex	
standalone	standardgalactic/library	Thermodynamic-Reachability.tex	Thermodynamic Reachability Geometric Bayesianism with Sparse Heuristics in Dynamically Constrained Systems	article	13915	f9931fd92d6dd958eac8bfaee076f8296ecd0fb814e4cce80e2fc3f9c16d5562	https://github.com/standardgalactic/library/blob/90f45298e478cb8afa260c901687bc5778eec324/Thermodynamic-Reachability.tex	
standalone	standardgalactic/library	Intelligence Is a Trajectory.tex	Intelligence Is a Trajectory	scrartcl	14226	5f65ce51303bc12f706725556c937fbf7213ee9f01494f85369c79b95f97a7d7	https://github.com/standardgalactic/library/blob/90f45298e478cb8afa260c901687bc5778eec324/Intelligence Is a Trajectory.tex	
standalone	standardgalactic/library	astrophysics/solar-interiors.tex	Degenerate Lattice Cores in Solar Interiors: Beyond the Point-Mass Approximation	article	4486	324729abe18d6a577f85dcffec07711de963a0edc84337562c6b3e06f75e40ed	https://github.com/standardgalactic/library/blob/90f45298e478cb8afa260c901687bc5778eec324/astrophysics/solar-interiors.tex	
standalone	standardgalactic/library	baseline/text_as_substrate.tex	Text as Substrate: On Semantic Compression and the Emergence of a Universal Representational Medium	article	21487	40d7ff468f28d1b7eb589e2d76989bd7c9bdae32161ac2c312820397ca0233b3	https://github.com/standardgalactic/library/blob/90f45298e478cb8afa260c901687bc5778eec324/baseline/text_as_substrate.tex	
untitled-document	standardgalactic/library	research/constraint-closure.tex		article	19609	687bd308d115831375bf5edcf4025e94718eb6f3b12a115a9543d3e4ffbbfe68	https://github.com/standardgalactic/library/blob/90f45298e478cb8afa260c901687bc5778eec324/research/constraint-closure.tex	documentclass present but no title found
draft	standardgalactic/library	monograph/draft-03/monograph.tex	User Friendliness as an Ecological Danger: The Predatory Enshittification of Digital Interfaces	book	4240	155b6d28bb0985eb3e563ea11883aceec92e47d85cf0f2e93d47489cb6aedea5	https://github.com/standardgalactic/library/blob/90f45298e478cb8afa260c901687bc5778eec324/monograph/draft-03/monograph.tex	draft/placeholder language or path
draft	standardgalactic/library	monograph/draft-04/monograph.tex	User Friendliness as an Ecological Danger: The Predatory Enshittification of Digital Interfaces	book	4147	016656b8b029a9c98200b540f86185895facbb4113def55fbbb426bad777d70a	https://github.com/standardgalactic/library/blob/90f45298e478cb8afa260c901687bc5778eec324/monograph/draft-04/monograph.tex	draft/placeholder language or path
draft	standardgalactic/library	pipeline/monograph - draft 03.tex	Extrapolated Riemannian Curvature of Semantic Manifolds	article	3789	705630b86c513d5c70d6941fc380ae7c454831e94b78ab2799755bff9f96d860	https://github.com/standardgalactic/library/blob/90f45298e478cb8afa260c901687bc5778eec324/pipeline/monograph - draft 03.tex	draft/placeholder language or path
draft	standardgalactic/library	monograph/draft-05/monograph.tex	User Friendliness as an Ecological Danger: The Predatory Enshittification of Digital Interfaces	book	4432	58809b9037af929af9b71a1d00f79b98b39b80a805e6ba2d7957b0694736f6ab	https://github.com/standardgalactic/library/blob/90f45298e478cb8afa260c901687bc5778eec324/monograph/draft-05/monograph.tex	draft/placeholder language or path
standalone	standardgalactic/library	monograph/constraint_regimes.tex	Constraint Regimes and the Structure of Surviving Objects On the Invariance of Selection Pressure Across Censorship, Feed Dynamics, and Cognitive Strategy	article	6837	4a0d058d8eeae7b26252e36fdb7b1c1872700b7f71359a4aabd8a8e0ffdad887	https://github.com/standardgalactic/library/blob/90f45298e478cb8afa260c901687bc5778eec324/monograph/constraint_regimes.tex	
draft	standardgalactic/library	monograph/draft-01/monograph.tex	User Friendliness as an Ecological Danger: The Predatory Enshittification of Digital Interfaces	book	5931	58febfcda7c20cf24730b714d6d71c6ca0101bb0310f8b493ce5ef49fc848889	https://github.com/standardgalactic/library/blob/90f45298e478cb8afa260c901687bc5778eec324/monograph/draft-01/monograph.tex	draft/placeholder language or path
draft	standardgalactic/library	monograph/draft-02/monograph.tex	User Friendliness as an Ecological Danger: The Predatory Enshittification of Digital Interfaces	book	5935	e205ccc61e1b92923ee05ab0ba0b4a3158fc059b5bd3456aef34b54ceb9e552a	https://github.com/standardgalactic/library/blob/90f45298e478cb8afa260c901687bc5778eec324/monograph/draft-02/monograph.tex	draft/placeholder language or path
draft	standardgalactic/library	monograph/draft-07/monograph.tex	User Friendliness as an Ecological Danger: The Predatory Enshittification of Digital Interfaces	book	5995	cdef9260716d9342681ee80f8e7f33905adf40e545d44ea33cce794a33f1cef4	https://github.com/standardgalactic/library/blob/90f45298e478cb8afa260c901687bc5778eec324/monograph/draft-07/monograph.tex	draft/placeholder language or path
draft	standardgalactic/library	monograph/draft-08/monograph.tex	User Friendliness as an Ecological Danger: The Predatory Enshittification of Digital Interfaces	book	5995	cdef9260716d9342681ee80f8e7f33905adf40e545d44ea33cce794a33f1cef4	https://github.com/standardgalactic/library/blob/90f45298e478cb8afa260c901687bc5778eec324/monograph/draft-08/monograph.tex	draft/placeholder language or path
draft	standardgalactic/library	monograph/draft-06/monograph.tex	User Friendliness as an Ecological Danger: The Predatory Enshittification of Digital Interfaces	book	6862	3b0180d5833e7f38e24d7965971ad8184f34936ddee4b37b08dd97795652477f	https://github.com/standardgalactic/library/blob/90f45298e478cb8afa260c901687bc5778eec324/monograph/draft-06/monograph.tex	draft/placeholder language or path
draft	standardgalactic/library	monograph/draft-09/monograph.tex	User Friendliness as an Ecological Danger: The Predatory Enshittification of Digital Interfaces	book	6799	57b6fc4c93f21f226135d9ef2b38200de5ce66cfc1877d5afcfdfc56dc1adf93	https://github.com/standardgalactic/library/blob/90f45298e478cb8afa260c901687bc5778eec324/monograph/draft-09/monograph.tex	draft/placeholder language or path
draft	standardgalactic/library	pipeline/monograph - draft 04.tex	Extrapolated Riemannian Curvature of Semantic Manifolds	article	5323	58f25e3475f708bb77bd6bf17b4fde7329d00aa9f9db9e969a522147ef6259f0	https://github.com/standardgalactic/library/blob/90f45298e478cb8afa260c901687bc5778eec324/pipeline/monograph - draft 04.tex	draft/placeholder language or path
draft	standardgalactic/library	pipeline/monograph - draft 01.tex	Extrapolated Riemannian Curvature of Semantic Manifolds	article	6332	28d20089f826209d46ea209ecfe41f397484153d127f1b2117e5bf7793f25c97	https://github.com/standardgalactic/library/blob/90f45298e478cb8afa260c901687bc5778eec324/pipeline/monograph - draft 01.tex	draft/placeholder language or path
standalone	standardgalactic/library	monograph/constraint_regimes-v1.tex	Constraint Regimes and the Structure of Surviving Objects On the Invariance of Selection Pressure Across Censorship, Feed Dynamics, and Cognitive Strategy	article	3507	9de4fc10eece02893d63dcf9a2743f91345ef2187aa01b8fff9f079aeeb07395	https://github.com/standardgalactic/library/blob/90f45298e478cb8afa260c901687bc5778eec324/monograph/constraint_regimes-v1.tex	
standalone	standardgalactic/library	processing/lower-vertebrates.tex	Lower Vertebrates: Structure, Constraint, and the Material Basis of Form	book	27348	7717833c56af339bf8c1d547d8bfd2bae686705d89475c7df1d21b7c45eaf9c5	https://github.com/standardgalactic/library/blob/90f45298e478cb8afa260c901687bc5778eec324/processing/lower-vertebrates.tex	
standalone	standardgalactic/library	Constraint Before Optimization.tex	Constraint Before Optimization: Toward a Thermodynamics of Trust and Meaning	article	6159	8ffaf7bc4f8544324a0bddb6a1ee4072bcd1f3bcdcd5684bf8a13c0d7e5d4af5	https://github.com/standardgalactic/library/blob/90f45298e478cb8afa260c901687bc5778eec324/Constraint Before Optimization.tex	
untitled-document	standardgalactic/library	research/constraint-closure-v1.tex		article	12107	ac121841c174778493992a4c2ba7b32fd33405afee06e4166bdf87fc0439ab46	https://github.com/standardgalactic/library/blob/90f45298e478cb8afa260c901687bc5778eec324/research/constraint-closure-v1.tex	documentclass present but no title found
draft	standardgalactic/library	pipeline/monograph - draft 02.tex	Extrapolated Riemannian Curvature of Semantic Manifolds	article	9857	c8c5a7b344c5fd16e0bbce5a9e4e03daad8cc7792c5c6bfaa81212807b7611db	https://github.com/standardgalactic/library/blob/90f45298e478cb8afa260c901687bc5778eec324/pipeline/monograph - draft 02.tex	draft/placeholder language or path
standalone	standardgalactic/library	monograph/topology_of_intention.tex	Topology of Intention [0.4em] Process-Based Identity and the Geometric Binding of the Self	article	4704	7240a4e60d91b608767e2982e8e3868bcb6a07668d32b8d2b85e7d2a36886019	https://github.com/standardgalactic/library/blob/90f45298e478cb8afa260c901687bc5778eec324/monograph/topology_of_intention.tex	
draft	standardgalactic/library	physics/monograph/draft-01/essay.tex	Reflexive Field Dynamics: A Lagrangian Theory of Mind	book	2683	11b343df0de6f0484a539f9719a386643d688ef95f446684edeaddc9b38e8d73	https://github.com/standardgalactic/library/blob/90f45298e478cb8afa260c901687bc5778eec324/physics/monograph/draft-01/essay.tex	draft/placeholder language or path
standalone	standardgalactic/library	intelligence-under-constraint.tex	Intelligence Under Constraint: Construction, Legibility, and Boundary Conditions	article	16793	117df13ec221e0cfeed4134cbf1fd0b6835cba2f52ec597a9aa221ed59b2f15f	https://github.com/standardgalactic/library/blob/90f45298e478cb8afa260c901687bc5778eec324/intelligence-under-constraint.tex	
standalone	standardgalactic/library	monograph/topology_of_intention-v1.tex	Topology of Intention [0.4em] Process-Based Identity and the Geometric Binding of the Self	article	2462	2f4a63bf33a9354384e32adcc6a1d839e7a8a910ae7e29a9f36405bba4ed72cb	https://github.com/standardgalactic/library/blob/90f45298e478cb8afa260c901687bc5778eec324/monograph/topology_of_intention-v1.tex	
draft	standardgalactic/library	physics/monograph/draft-02/essay.tex	Reflexive Field Dynamics: A Lagrangian Theory of Mind	book	3384	2ae28f25d0c4a4ba6b94d906aff9ccf4235f525fafdba52da712a4884b63a7bd	https://github.com/standardgalactic/library/blob/90f45298e478cb8afa260c901687bc5778eec324/physics/monograph/draft-02/essay.tex	draft/placeholder language or path
standalone	standardgalactic/library	projects/Distributed Centrality.tex	Centrality [0.4em] Symmetry Preservation in Nonequilibrium Semantic Substrates	article	6407	4aa7afb84c5df947dc04df6dcc7c738d1afd4570df6f21ef3188cd6d135dd346	https://github.com/standardgalactic/library/blob/90f45298e478cb8afa260c901687bc5778eec324/projects/Distributed Centrality.tex	
draft	standardgalactic/library	physics/energy_as_contradiction.tex	% A Monograph on Constraint, Displacement, and the Structure of Physical Reality [1.5ex] Energy as Contradiction [1ex] Constraint Propagation, the Mortality of Resolution, and the Ontology of Unfinished Physics	book	34368	3255e25a62b01f60ef9ee2d1e08d093b790475e06de88419d04c55042c4e4041	https://github.com/standardgalactic/library/blob/90f45298e478cb8afa260c901687bc5778eec324/physics/energy_as_contradiction.tex	draft/placeholder language or path
untitled-document	standardgalactic/library	workspace/geometry_of_witnesses.tex		article	13280	e38c6b78cae688043d89b19a60838d2785484cb8cf3e1bd53d7116bfb09e3d31	https://github.com/standardgalactic/library/blob/90f45298e478cb8afa260c901687bc5778eec324/workspace/geometry_of_witnesses.tex	documentclass present but no title found
standalone	standardgalactic/library	astrophysics/time/entropic-smoothing.tex	Entropic Smoothing and Relational Geodesics: A Sheaf--Functor Equivalence between RSVP Field Dynamics and Barbour's Configuration Space	article	2021	683064395baaf4c458919760639f0d9bd289634b4f577e054ad2fa7c29a7c9fa	https://github.com/standardgalactic/library/blob/90f45298e478cb8afa260c901687bc5778eec324/astrophysics/time/entropic-smoothing.tex	
standalone	standardgalactic/library	monograph/topology_of_intention-v2.tex	Topology of Intention [0.4em] Process-Based Identity and the Geometric Binding of the Self	article	4249	1ee450f356f829e6fe1c7502fe5330ce7dce31aaceda188a82611041a52f0d85	https://github.com/standardgalactic/library/blob/90f45298e478cb8afa260c901687bc5778eec324/monograph/topology_of_intention-v2.tex	
standalone	standardgalactic/library	computing/magnetic-fluidic-computing.tex	Magnetic Fluidic Computing [0.3em] Circulation, Admissibility, and the Architecture of Trajectory	article	8340	437a1b4efb6540366c561af2d9ac7b9bec54573fd84e05afc1393407847a5b54	https://github.com/standardgalactic/library/blob/90f45298e478cb8afa260c901687bc5778eec324/computing/magnetic-fluidic-computing.tex	
untitled-document	standardgalactic/library	workspace/conservation_of_ambiguity.tex		article	21209	0a52f5cae38fb9b4dc049181385ebb557ef246d9c435081c88a619bae04a5e56	https://github.com/standardgalactic/library/blob/90f45298e478cb8afa260c901687bc5778eec324/workspace/conservation_of_ambiguity.tex	documentclass present but no title found
standalone	standardgalactic/library	Simulation as Civic Infrastructure.tex	Simulation as Civic Infrastructure Preference Revelation and the End of Narrative Coordination	article	10626	5f9a568ee1aea19a2d5d8b4040401fb8824248bba6c80657c923ba57879cbb2a	https://github.com/standardgalactic/library/blob/90f45298e478cb8afa260c901687bc5778eec324/Simulation as Civic Infrastructure.tex	
standalone	standardgalactic/library	processing/The Coordination Engine.tex	The Coordination Engine: Civilization as an Error-Correcting System	article	14299	ea02016a8a1b6982601e041096d83aece893098b0b0949cf68f09ecd07e74038	https://github.com/standardgalactic/library/blob/90f45298e478cb8afa260c901687bc5778eec324/processing/The Coordination Engine.tex	
untitled-document	standardgalactic/library	monograph/processing/binding_invariant.tex		article	7539	8246f6b4e866c964e749e031d5e1bbd9ba279ef99ffe78d36c265095f131c355	https://github.com/standardgalactic/library/blob/90f45298e478cb8afa260c901687bc5778eec324/monograph/processing/binding_invariant.tex	documentclass present but no title found
standalone	standardgalactic/library	Worldline Selection Under Constraint.tex	Worldline Selection Under Constraint: Equilibrium Pruning in an Event-Historical Framework	article	7139	9375bc07a8d5f3d5274bd416be6230d85736570a492c414731b80ef86de18e20	https://github.com/standardgalactic/library/blob/90f45298e478cb8afa260c901687bc5778eec324/Worldline Selection Under Constraint.tex	
untitled-document	standardgalactic/library	workspace/observability_is_restorability.tex		article	6743	1d7659299e70bae73ddba48d9be041c6f7211c2f8c6914ac183d2ffb9fbb83eb	https://github.com/standardgalactic/library/blob/90f45298e478cb8afa260c901687bc5778eec324/workspace/observability_is_restorability.tex	documentclass present but no title found
standalone	standardgalactic/library	monograph/processing/constraint_regimes.tex	Constraint Regimes and the Structure of Surviving Objects On the Invariance of Selection Pressure Across Censorship, Feed Dynamics, and Cognitive Strategy	article	6837	4a0d058d8eeae7b26252e36fdb7b1c1872700b7f71359a4aabd8a8e0ffdad887	https://github.com/standardgalactic/library/blob/90f45298e478cb8afa260c901687bc5778eec324/monograph/processing/constraint_regimes.tex	
standalone	standardgalactic/library	monograph/processing/constraint_regimes-v1.tex	Constraint Regimes and the Structure of Surviving Objects On the Invariance of Selection Pressure Across Censorship, Feed Dynamics, and Cognitive Strategy	article	3507	9de4fc10eece02893d63dcf9a2743f91345ef2187aa01b8fff9f079aeeb07395	https://github.com/standardgalactic/library/blob/90f45298e478cb8afa260c901687bc5778eec324/monograph/processing/constraint_regimes-v1.tex	
standalone	standardgalactic/library	workspace/from-verification-to-commitment.tex	From Verification to Commitment: Histories, Repair Warrants, and Admissible Continuation in Agentic Systems	article	5087	1154647fda14111d6f432ae980232490bc5485270efbbff81a67a744f3c03905	https://github.com/standardgalactic/library/blob/90f45298e478cb8afa260c901687bc5778eec324/workspace/from-verification-to-commitment.tex	
standalone	standardgalactic/library	monograph/processing/topology_of_intention.tex	Topology of Intention [0.4em] Process-Based Identity and the Geometric Binding of the Self	article	4700	bc4bf1d3e460acee2026594ef87e01061c1984a86de0159169f9ce2f65575fda	https://github.com/standardgalactic/library/blob/90f45298e478cb8afa260c901687bc5778eec324/monograph/processing/topology_of_intention.tex	
standalone	standardgalactic/library	monograph/processing/topology_of_intention-v1.tex	Topology of Intention [0.4em] Process-Based Identity and the Geometric Binding of the Self	article	2462	2f4a63bf33a9354384e32adcc6a1d839e7a8a910ae7e29a9f36405bba4ed72cb	https://github.com/standardgalactic/library/blob/90f45298e478cb8afa260c901687bc5778eec324/monograph/processing/topology_of_intention-v1.tex	
draft	standardgalactic/library	resources/comparison-draft-01/geometric-memory.tex	Geometric Memory as Trajectory Influence on a Generative Substrate	article	1924	fa85ad032ecc872c7187bb2c55b6b074dd9ba764c52ae41c2ca943a0d34f8869	https://github.com/standardgalactic/library/blob/90f45298e478cb8afa260c901687bc5778eec324/resources/comparison-draft-01/geometric-memory.tex	draft/placeholder language or path
draft	standardgalactic/library	astrophysics/time/draft-01/entropic-smoothing.tex	Entropic Smoothing and Relational Geodesics: A Sheaf--Functor Equivalence between RSVP Field Dynamics and Barbour's Configuration Space	article	2542	df9f24912dd5aebf678a96d159dff159e75ba6f5da2530c76786993c94cff00e	https://github.com/standardgalactic/library/blob/90f45298e478cb8afa260c901687bc5778eec324/astrophysics/time/draft-01/entropic-smoothing.tex	draft/placeholder language or path
standalone	standardgalactic/library	monograph/processing/topology_of_intention-v2.tex	Topology of Intention [0.4em] Process-Based Identity and the Geometric Binding of the Self	article	4249	1ee450f356f829e6fe1c7502fe5330ce7dce31aaceda188a82611041a52f0d85	https://github.com/standardgalactic/library/blob/90f45298e478cb8afa260c901687bc5778eec324/monograph/processing/topology_of_intention-v2.tex	
standalone	standardgalactic/library	spectral-universality/spectral-universality.tex	Spectral Universality in Complex Systems: Random Matrices, Cortical Resonance, and RSVP Dynamics	article	12911	5289ee79895777d2fcb787a68cf518e1d282e5398a0d22627ae43b5b50858dd2	https://github.com/standardgalactic/library/blob/90f45298e478cb8afa260c901687bc5778eec324/spectral-universality/spectral-universality.tex	
draft	standardgalactic/library	astrophysics/time/draft-02/entropic-smoothing.tex	Entropic Smoothing and Relational Geodesics: A Sheaf--Functor Equivalence between RSVP Field Dynamics and Barbour's Configuration Space	article	7683	843e83f2c29a56d64a330b8921a36d268f0f85e9ce01259f0d310b5aec752738	https://github.com/standardgalactic/library/blob/90f45298e478cb8afa260c901687bc5778eec324/astrophysics/time/draft-02/entropic-smoothing.tex	draft/placeholder language or path
draft	standardgalactic/library	resources/comparison-draft-02/geometric-memory.tex	Geometric Memory as Trajectory Influence on a Generative Substrate	article	4797	5fc1ac0438dceb0e42381da15d6d3a8dcca86635f31b51aa6893c2eee1b9b734	https://github.com/standardgalactic/library/blob/90f45298e478cb8afa260c901687bc5778eec324/resources/comparison-draft-02/geometric-memory.tex	draft/placeholder language or path
draft	standardgalactic/library	processing/The Coordination Engine - draft 02.tex	The Coordination Engine: Civilization as an Error-Correcting System	article	9548	0b2dd27bb43127c0c02e5c52b127d2b7efdf1c5ec8b92ff2ac8a666dee9b6750	https://github.com/standardgalactic/library/blob/90f45298e478cb8afa260c901687bc5778eec324/processing/The Coordination Engine - draft 02.tex	draft/placeholder language or path
standalone	standardgalactic/library	Cognition-as-Constraint-Historical-Computation.tex	Cognition as Constraint-Historical Computation: A Formalization of the Info--Computational Framework	article	13550	d8f73d2fee6dc18fa1ed560d8e3d3fc4e60968ea161b5bd595f11ff9526cbbf4	https://github.com/standardgalactic/library/blob/90f45298e478cb8afa260c901687bc5778eec324/Cognition-as-Constraint-Historical-Computation.tex	
draft	standardgalactic/library	processing/The Coordination Engine - draft 01.tex	The Coordination Engine Civilization as an Error-Correcting System	article	16408	12ae6c3886c3963db431c41a80a78d14cf16ae702f7dea2bffc6c5c50e1f7573	https://github.com/standardgalactic/library/blob/90f45298e478cb8afa260c901687bc5778eec324/processing/The Coordination Engine - draft 01.tex	draft/placeholder language or path
citation-only	standardgalactic/memory	processing/main.tex	The Superuser Guide to LaTeX	superuserguide	61	ccd61e87f5aff6a75b8eddb59ca3e240135133d506a8f73136b4f30879414261	https://github.com/standardgalactic/memory/blob/92e0f421e8f472bb2de47636fea4b7dfa859d00f/processing/main.tex	name appears in citation but not author field
standalone	standardgalactic/memory	fusion-viability/main.tex	A Viability Theory of Fusion Reactors [0.3em] Beyond the Lawson Criterion	book	255	ca2106dadb90d8fc23aae4681130638ae0cf529788c9245ded1e054167873a16	https://github.com/standardgalactic/memory/blob/92e0f421e8f472bb2de47636fea4b7dfa859d00f/fusion-viability/main.tex	
standalone	standardgalactic/memory	processing/book1-latex-source/main.tex	A History of Machine Learning [0.5em] , Representations, and the Question of Grounding	book	93	b6aedb76a613ab114b8f112cb56eaa72a6331b231d1027299fdbf692236b18c4	https://github.com/standardgalactic/memory/blob/92e0f421e8f472bb2de47636fea4b7dfa859d00f/processing/book1-latex-source/main.tex	
citation-only	standardgalactic/memory	processing/superuser-guide-to-latex/main.tex	The Superuser Guide to LaTeX	superuserguide	61	ccd61e87f5aff6a75b8eddb59ca3e240135133d506a8f73136b4f30879414261	https://github.com/standardgalactic/memory/blob/92e0f421e8f472bb2de47636fea4b7dfa859d00f/processing/superuser-guide-to-latex/main.tex	name appears in citation but not author field
untitled-document	standardgalactic/memory	processing/dip-of-the-horizon.tex		article	99	34a187735bec83d6dad0eecc12799a3c9c18b456f597016dfd69e26572a20120	https://github.com/standardgalactic/memory/blob/92e0f421e8f472bb2de47636fea4b7dfa859d00f/processing/dip-of-the-horizon.tex	documentclass present but no title found
draft	standardgalactic/memory	persistent-generative-worlds/main.tex		book	430	7d00c65db738120010252275405b3da8b1f8bfa4c8aec3e81269a08533c0644e	https://github.com/standardgalactic/memory/blob/92e0f421e8f472bb2de47636fea4b7dfa859d00f/persistent-generative-worlds/main.tex	draft/placeholder language or path
standalone	standardgalactic/memory	beyond-optimal-foraging.tex	Beyond Optimal Foraging: Representation Repair and the Structural Consequences of AI-Augmented Research	article	6125	bb2d8592e64a9458fa62b224740fb521da5ed510181e182d3a13ae7c7345dd5b	https://github.com/standardgalactic/memory/blob/92e0f421e8f472bb2de47636fea4b7dfa859d00f/beyond-optimal-foraging.tex	
standalone	standardgalactic/memory	fusion-viability/fusion-viability-book-latex/main.tex	A Viability Theory of Fusion Reactors [0.3em] Beyond the Lawson Criterion	book	255	ca2106dadb90d8fc23aae4681130638ae0cf529788c9245ded1e054167873a16	https://github.com/standardgalactic/memory/blob/92e0f421e8f472bb2de47636fea4b7dfa859d00f/fusion-viability/fusion-viability-book-latex/main.tex	
draft	standardgalactic/memory	building-forth.tex	Building Forth from Spherepop Primitives: Stacks, Continuations, and Recursive Control	article	3305	e9332a19f8c122999bcbd7998145bc1440db4e6b6f529bce18a47c54c87117f1	https://github.com/standardgalactic/memory/blob/92e0f421e8f472bb2de47636fea4b7dfa859d00f/building-forth.tex	draft/placeholder language or path
untitled-document	standardgalactic/memory	selective-continuation.tex		article	5577	fd1dc64365d08f76edf4927ac36d93966a18beb641866e1d8edd410210ff38b1	https://github.com/standardgalactic/memory/blob/92e0f421e8f472bb2de47636fea4b7dfa859d00f/selective-continuation.tex	documentclass present but no title found
standalone	standardgalactic/memory	processing/constitutional-cybernetics.tex	Constitutional Cybernetics [1em] A Control-Theoretic Theory of Government	article	28511	6326e67a8153fa3a06d7cb3036b4710b286c63d7a3c0e387a871421d242526a9	https://github.com/standardgalactic/memory/blob/92e0f421e8f472bb2de47636fea4b7dfa859d00f/processing/constitutional-cybernetics.tex	
standalone	standardgalactic/paracosm	preamble.tex	RSVP Codex: The Zero Day Exploits Series Algebraic, Geometric, Categorical, and Sheaf-Theoretic Essays on the Plenum	book	32	4f757e50e7859b5253a13431f1b3ec0385633cb42e424372e179a1774e8f6e8b	https://github.com/standardgalactic/paracosm/blob/be0677c26c4e918e51b9bcdcc544b9f2e0be57e8/preamble.tex	
draft	standardgalactic/paracosm	template.tex	RSVP Codex: The Zero Day Exploits Series Algebraic, Geometric, Categorical, and Sheaf-Theoretic Essays on the Plenum	book	586	a898bd818ecf301a3cad13119d2d4c66b28ee092d77f32b1a229dc2c74d3ed1b	https://github.com/standardgalactic/paracosm/blob/be0677c26c4e918e51b9bcdcc544b9f2e0be57e8/template.tex	draft/placeholder language or path
standalone	standardgalactic/paracosm	workspace/proof-of-god.tex	Mathematical Proof for the Existence of God [0.3em] A Study in Constraint Theology	book	50660	9c152f16afb1bb59012852e2a3a6b614de7c362d22f60ba65cc98328056e42c6	https://github.com/standardgalactic/paracosm/blob/be0677c26c4e918e51b9bcdcc544b9f2e0be57e8/workspace/proof-of-god.tex	
draft	standardgalactic/research-projects	plenumhub_stage3/paper/main.tex	PlenumHub — Semantic Plenum	article	39	ca282b5c3523854e0254fb3c84ac01d72c684e925b02f5d9ecf4d57eb5ffff94	https://github.com/standardgalactic/research-projects/blob/cd5998d33ed0d460411607400b18789f3fbe262c/plenumhub_stage3/paper/main.tex	draft/placeholder language or path
standalone	standardgalactic/research-projects	plenumhub_repo/paper/PlenumHub.tex	PlenumHub: A Formal Semantic Compute Substrate for Modular Knowledge Systems	article	162	d2bef88f1e339ceb438c99b448b8fc82b7b78ca20ed90c09d99add4aaf2e1f09	https://github.com/standardgalactic/research-projects/blob/cd5998d33ed0d460411607400b18789f3fbe262c/plenumhub_repo/paper/PlenumHub.tex	
standalone	standardgalactic/research-projects	paper/semantic_entropy_formalism.tex	Semantic Entropy Formalism	article	118	610c7ddcfe54bf897df19c12cec64ff858fef0f83de0676b00b743ae3383ea29	https://github.com/standardgalactic/research-projects/blob/cd5998d33ed0d460411607400b18789f3fbe262c/paper/semantic_entropy_formalism.tex	
standalone	standardgalactic/research-projects	paper/typed_calculus.tex	PlenumHub: Typed Semantic Calculus (Stage 1)	article	333	aacf00a72cd22beeb2b61357cc2a069bce0e7b7a2f05b8ee7a3a02ef921d1a6f	https://github.com/standardgalactic/research-projects/blob/cd5998d33ed0d460411607400b18789f3fbe262c/paper/typed_calculus.tex	
standalone	standardgalactic/research-projects	goodhart.tex	Goodhart's Law as Boundary Entropy Collapse in Spherepop: A Playcosmic Interpretation of Metric Flattening	article	639	4ad345b50e30e5869573d8f7a7ffdf047029240e28a59f8dd17dcebce3a7a1aa	https://github.com/standardgalactic/research-projects/blob/cd5998d33ed0d460411607400b18789f3fbe262c/goodhart.tex	
standalone	standardgalactic/research-projects	proof.tex	Proof of the Anti-Admissibility Theorem via Composed Ritual and Cryptographic Resistances in Spherepop Calculus	article	947	05a9b70b954c465474b22a95ad71f97ee4198f3888c2134b5cc304cbbe44c3eb	https://github.com/standardgalactic/research-projects/blob/cd5998d33ed0d460411607400b18789f3fbe262c/proof.tex	
standalone	standardgalactic/research-projects	to_process/main.tex	The RSVP--Polyxan Universe: A Unified Theory of Meaning, Curvature, and Verification	book	165	fd9749a17d878cdd3f941412e32aca6d93280dcd0d5b2eb446b7142d69d0258b	https://github.com/standardgalactic/research-projects/blob/cd5998d33ed0d460411607400b18789f3fbe262c/to_process/main.tex	
citation-only	standardgalactic/research-projects	ellul-intro.tex	The Technological Society as a Pop-Optimizing Regime: Ellul's Structural Thesis and the Playcosm Bridge	article	939	4b68a8c99c44395aed4f624b3c3e05588ee4810b33d8b188703e4244af944bdd	https://github.com/standardgalactic/research-projects/blob/cd5998d33ed0d460411607400b18789f3fbe262c/ellul-intro.tex	name appears in citation but not author field
standalone	standardgalactic/research-projects	polanyi-spherepop.tex	Tacit Knowledge as Cryptographic Boundary Entropy in Spherepop: A Playcosmic Formalization of Polanyi	article	594	c1e42dc275b11e013d6824365e6adff718c1223af82c6e40b78042dd33171ea5	https://github.com/standardgalactic/research-projects/blob/cd5998d33ed0d460411607400b18789f3fbe262c/polanyi-spherepop.tex	
fragment	standardgalactic/research-projects	epistemology/shared/macros.tex			26	5d840340db500e7827e4dbfd512bd38489692f4943df935acc4b88333c39d88e	https://github.com/standardgalactic/research-projects/blob/cd5998d33ed0d460411607400b18789f3fbe262c/epistemology/shared/macros.tex	no title and no documentclass
standalone	standardgalactic/research-projects	anti-admissibility.tex	Sufficient Conditions for Anti-Admissibility via Composed Ritual and Cryptographic Resistances in Spherepop Pop Regimes	article	661	0d8d4b5ee009e0acb32056401f49878041b4e98abce390fe385ddb47fe0fbcfb	https://github.com/standardgalactic/research-projects/blob/cd5998d33ed0d460411607400b18789f3fbe262c/anti-admissibility.tex	
standalone	standardgalactic/research-projects	to_process/main_02.tex	RSVP--POLYXAN UNIFIED HYPERSTRUCTURE: [0.5em] A Field-Theoretic, Categorical, Computational, and Verification Framework for Semantic Galaxies	book	245	998fe65aff791faa557d4fd6962672d4a0e6865372743f61e677ce232448a401	https://github.com/standardgalactic/research-projects/blob/cd5998d33ed0d460411607400b18789f3fbe262c/to_process/main_02.tex	
fragment	standardgalactic/research-projects	to_process/preface.tex			832	f339b5816b21f1cd5fe592e0d590d91189d1b42270847b68da1e438a28bac04b	https://github.com/standardgalactic/research-projects/blob/cd5998d33ed0d460411607400b18789f3fbe262c/to_process/preface.tex	no title and no documentclass
standalone	standardgalactic/research-projects	spherepop-derivation.tex	The Playcosm Meets the Technological Society: Privilege Gates as Pop Regimes and Prefigurative Affordances as Anti-Admissible Spheres	article	688	302435946c1167253393ed1316119d6aa135daf5d47742b0362a3be62725383b	https://github.com/standardgalactic/research-projects/blob/cd5998d33ed0d460411607400b18789f3fbe262c/spherepop-derivation.tex	
standalone	standardgalactic/research-projects	paper/admissibility-log.tex	The Admissibility Log [0.5em] Resolution, Commitment, and the Geometry of Action	book	7841	0e7d2848c56a8b07878c9f59a0659dcbabfda84b8f7be66312734085a6621031	https://github.com/standardgalactic/research-projects/blob/cd5998d33ed0d460411607400b18789f3fbe262c/paper/admissibility-log.tex	
standalone	standardgalactic/research-projects	prefigurative-spherepop.tex	Prefigurative Play as Pre-Compilable Affordance Spheres in Spherepop: A Playcosmic Formalization	article	520	5c7fdbeed24a374a43a1097afc41d2b244fee7074348de2a9fecf16c2e5f7b25	https://github.com/standardgalactic/research-projects/blob/cd5998d33ed0d460411607400b18789f3fbe262c/prefigurative-spherepop.tex	
standalone	standardgalactic/research-projects	proof-specification.tex	Verification and Proof Manual for the RSVP--Polyxan Architecture	article	851	7e9f771a7c00df0b1cad99f3b17c064d32368a855641ce4672b0b02aed31f1d2	https://github.com/standardgalactic/research-projects/blob/cd5998d33ed0d460411607400b18789f3fbe262c/proof-specification.tex	
fragment	standardgalactic/research-projects	epistemology/shared/preamble/preamble.tex			46	038cb9a572fdad879bbaa96d897632ee0b5f24ba50d04499989d6467bc1608fb	https://github.com/standardgalactic/research-projects/blob/cd5998d33ed0d460411607400b18789f3fbe262c/epistemology/shared/preamble/preamble.tex	no title and no documentclass
standalone	standardgalactic/research-projects	spherepop-calculus.tex	Spherepop Calculus: A Formal Framework for Technological Dynamics, Resistance, and Prefiguration	article	1095	6704ead27ce0320cf40dd12fcb5a807454da5df2ebb0703f7948ac8397fc022e	https://github.com/standardgalactic/research-projects/blob/cd5998d33ed0d460411607400b18789f3fbe262c/spherepop-calculus.tex	
draft	standardgalactic/research-projects	RSVP-Theory.tex	% The Relativistic Scalar--Vector Plenum Constraint, History, and Entropy in a Non-Expanding Universe	book	24965	f6f69d418f45adf97e0af6edd68bd8f92b4fc0bc422e20039f4990bdf1ee6675	https://github.com/standardgalactic/research-projects/blob/cd5998d33ed0d460411607400b18789f3fbe262c/RSVP-Theory.tex	draft/placeholder language or path
standalone	standardgalactic/research-projects	textmonod-essay/monograph.tex	Monod-Inspired Stochastic Revision Models for Document Evolution, Generative Writing Dynamics, and Visualization Pipelines	article	1553	56420525d8335b1ec92290dea438fc9782c2e45ea2925169a3ec4b02ee8f4dcb	https://github.com/standardgalactic/research-projects/blob/cd5998d33ed0d460411607400b18789f3fbe262c/textmonod-essay/monograph.tex	
standalone	standardgalactic/research-projects	progress-report.tex	A Unified Outline of RSVP Research Projects	article	9801	0ed3ed9e3754aeeda7665c24647787cc6659e8a198ce31f66497f3749e7faa62	https://github.com/standardgalactic/research-projects/blob/cd5998d33ed0d460411607400b18789f3fbe262c/progress-report.tex	
draft	standardgalactic/research-projects	The Narrow Path.tex	The Narrow Path Between Domination and Chaos: Consent, Coordination, and Structural Control in the Age of Accelerating Intelligence	article	20312	2f84401e4db22020e716325f460a3e1845f612599b1c19b2d7f448bbc547342f	https://github.com/standardgalactic/research-projects/blob/cd5998d33ed0d460411607400b18789f3fbe262c/The Narrow Path.tex	draft/placeholder language or path
standalone	standardgalactic/research-projects	Spectacle Runtime.tex	Spectacle Runtime and the Compression of Meaning Temporal Form Social Media and the Reformatting of Collective Belief [0.5em] A Study in Media Ecology and Epistemic Architecture	article	7455	4d28448832ec7f236e14af11f3c638fa0bb6e21e5ce42a9033238c0e2c58395d	https://github.com/standardgalactic/research-projects/blob/cd5998d33ed0d460411607400b18789f3fbe262c/Spectacle Runtime.tex	
untitled-document	standardgalactic/research-projects	RSVP-meditations.tex		article	16018	ac887148d24128c7e9101338a5d953e855eefdf94f0c086d073713f231f4d210	https://github.com/standardgalactic/research-projects/blob/cd5998d33ed0d460411607400b18789f3fbe262c/RSVP-meditations.tex	documentclass present but no title found
draft	standardgalactic/research-projects	monograph/draft-03.tex	Takeoff Trajectories in the Stars! RSVP Tech Tree Simulator: Implications for AI Alignment, Civilizational Scaling, and Morphogenetic Governance	article	4340	e19fe252392521bc2fd41e9e29cd68c620286ac066c2db88c1c79b54497f5f90	https://github.com/standardgalactic/research-projects/blob/cd5998d33ed0d460411607400b18789f3fbe262c/monograph/draft-03.tex	draft/placeholder language or path
draft	standardgalactic/research-projects	monograph/draft-02.tex	Takeoff Trajectories in the Stars! RSVP Tech Tree Simulator: Implications for AI Alignment, Civilizational Scaling, and Morphogenetic Governance	article	4251	a498fb3a383ef077d79c7ed01d1cc644f3ee233f26480f6acccb0cff1ac3f4fd	https://github.com/standardgalactic/research-projects/blob/cd5998d33ed0d460411607400b18789f3fbe262c/monograph/draft-02.tex	draft/placeholder language or path
draft	standardgalactic/research-projects	PlenumHub/draft-01/monograph.tex	PlenumHub: A Homotopy–Coherent Substrate for Semantic Versioning, Proof-Carrying Merges, and Entropy-Laxed Knowledge Evolution	article	700	65f48f36d9434645f69eba0c2bbf66aaec66b5c79b9c9dedd86cf060ec2822ac	https://github.com/standardgalactic/research-projects/blob/cd5998d33ed0d460411607400b18789f3fbe262c/PlenumHub/draft-01/monograph.tex	draft/placeholder language or path
standalone	standardgalactic/research-projects	fixed-point-causality.tex	Fixed-Point Causality: Physics, Consciousness, and Computation in the Relativistic Scalar–Vector Plenum	article	2013	ddbbc3f79df261f82b0e437353c3c582e1aac28957c634bd38b4c49dc944cccc	https://github.com/standardgalactic/research-projects/blob/cd5998d33ed0d460411607400b18789f3fbe262c/fixed-point-causality.tex	
standalone	standardgalactic/research-projects	PlenumHub/monograph.tex	PlenumHub: A Formal Semantic Compute Substrate for Modular Knowledge Systems	article	4506	4106973c0ef27e85a6cd3a3a35fa1fae29ebd0c11ea2b8e227dde92c42c4c82f	https://github.com/standardgalactic/research-projects/blob/cd5998d33ed0d460411607400b18789f3fbe262c/PlenumHub/monograph.tex	
draft	standardgalactic/research-projects	monograph/draft-04.tex	Takeoff Trajectories in the Stars! RSVP Tech Tree Simulator: Implications for AI Alignment, Civilizational Scaling, and Morphogenetic Governance	article	11243	75777c149b4f310d77b8e34f835d7d2d6b4a98add689f3a766f4ff9eb980be40	https://github.com/standardgalactic/research-projects/blob/cd5998d33ed0d460411607400b18789f3fbe262c/monograph/draft-04.tex	draft/placeholder language or path
draft	standardgalactic/research-projects	textbook/draft/main.tex		book	28115	fd069438d93c2441191690253583eaffaf6cf84f9427e95c450b43069d9862fe	https://github.com/standardgalactic/research-projects/blob/cd5998d33ed0d460411607400b18789f3fbe262c/textbook/draft/main.tex	draft/placeholder language or path
standalone	standardgalactic/research-projects	delta-sigma-modulators/main.tex	Delta--Sigma Modulators and Data Converters: [6pt] A Field-Theoretic Approach to Quantization, Noise Shaping, and Information Flow	book	772	1b1aca600f3e4c72ced9e5c3af5c72797155fe06838c92b390b8ed5262d9eef0	https://github.com/standardgalactic/research-projects/blob/cd5998d33ed0d460411607400b18789f3fbe262c/delta-sigma-modulators/main.tex	
draft	standardgalactic/research-projects	Gallery Before Feed.tex	Gallery Before Feed: Why Engagement-Optimized Interfaces Destroy Coherence and How Merge-Aware Systems Restore Meaning	article	11437	c1c2afcc5bdba2e2b6a39e8f9128469929039699b4bbf0be593604445d1e6a02	https://github.com/standardgalactic/research-projects/blob/cd5998d33ed0d460411607400b18789f3fbe262c/Gallery Before Feed.tex	draft/placeholder language or path
standalone	standardgalactic/research-projects	Noun-Free Cognition.tex	Noun-Free Cognition: Difficulty, Abstraction, and the Mobility of Computation	article	16037	26b6c19f5c24747164caf9953c630dca6fd7ea851ccc806dd5816939158ab55d	https://github.com/standardgalactic/research-projects/blob/cd5998d33ed0d460411607400b18789f3fbe262c/Noun-Free Cognition.tex	
standalone	standardgalactic/research-projects	theoretical-perspective.tex	Entropy, Fields, and Civilization: A Theoretical Perspective on RSVP Dynamics	article	2207	35284174879358ad0e0af6134942a85be0525e15d0a6bd05040a2519e1e540a1	https://github.com/standardgalactic/research-projects/blob/cd5998d33ed0d460411607400b18789f3fbe262c/theoretical-perspective.tex	
standalone	standardgalactic/research-projects	Physics After Spacetime.tex	Physics After Spacetime Deriving Physical Law from Irreversible Entropy Flow	article	8381	7c18647b323b67ff3bce63948bbf3cc8df571955cebb32d9fdf0cd91dd746e34	https://github.com/standardgalactic/research-projects/blob/cd5998d33ed0d460411607400b18789f3fbe262c/Physics After Spacetime.tex	
standalone	standardgalactic/research-projects	Order and Obfuscation.tex	Order and Obfuscation [0.5em] Abstraction, Layering, and the Architecture of Computation	article	5765	a166234c0cfa027784557944f5ede9c265ae05a01a96d6cbfee9ae712eeb24b8	https://github.com/standardgalactic/research-projects/blob/cd5998d33ed0d460411607400b18789f3fbe262c/Order and Obfuscation.tex	
standalone	standardgalactic/research-projects	Irreversible-dynamics.tex	Irreversible Dynamics of Entropic Manifolds	article	6582	953f1dc8f8a9df833e47e0977e25031c598c69fcf84d1c6828e874fc41e2aea8	https://github.com/standardgalactic/research-projects/blob/cd5998d33ed0d460411607400b18789f3fbe262c/Irreversible-dynamics.tex	
standalone	standardgalactic/research-projects	Homotopy and Identity.tex	Homotopy and Identity A Dynamical Foundation for Upper-Level Ontology	article	8535	7aae9d8896938ddd35c3253a24df406479fd8c7975def0130c1c5ae26bce3b0f	https://github.com/standardgalactic/research-projects/blob/cd5998d33ed0d460411607400b18789f3fbe262c/Homotopy and Identity.tex	
standalone	standardgalactic/research-projects	epistemology/Epistemic-Tooling.tex	Instrumented Illegibility: Epistemic Tooling, Semantic Impedance, and the Design of Non-Didactic Interfaces	article	1222	e0a1dafa1da89082471263ca86b30319fac40afa61223e1327bc288c5d49d8bb	https://github.com/standardgalactic/research-projects/blob/cd5998d33ed0d460411607400b18789f3fbe262c/epistemology/Epistemic-Tooling.tex	
standalone	standardgalactic/research-projects	admissibility-lab/processing/intelligence-as-perspectival-convergence.tex	Intelligence as Perspectival Convergence	book	179	d6ac2e108728d766b30fee12fa047008a82d2bcbf0568906feb5087e46f02036	https://github.com/standardgalactic/research-projects/blob/cd5998d33ed0d460411607400b18789f3fbe262c/admissibility-lab/processing/intelligence-as-perspectival-convergence.tex	
standalone	standardgalactic/research-projects	epistemology/Spherepop-OS-alternate.tex	Spherepop OS: Deterministic Semantic Computation Below Language		941	774ee75266aa6bc861146070092f5487d253f4c4ab18658726bc7561d99f76d7	https://github.com/standardgalactic/research-projects/blob/cd5998d33ed0d460411607400b18789f3fbe262c/epistemology/Spherepop-OS-alternate.tex	
untitled-document	standardgalactic/research-projects	paper/ledger-without-value.tex		article	5004	4160d7579dff3c0c69a0aabf60df6571041b010bddb1367b6870392a488bc5a2	https://github.com/standardgalactic/research-projects/blob/cd5998d33ed0d460411607400b18789f3fbe262c/paper/ledger-without-value.tex	documentclass present but no title found
standalone	standardgalactic/research-projects	analysis/github_activity-2.tex	Preliminary Analysis of Developer Activity and Language Ecosystems in a Large GitHub Follow Network	article	3067	0296bdd689a46ef724a7817149bbddf966f5e1c0be4316844f0f410b7caaf9bc	https://github.com/standardgalactic/research-projects/blob/cd5998d33ed0d460411607400b18789f3fbe262c/analysis/github_activity-2.tex	
untitled-document	standardgalactic/research-projects	paper/error_as_obstruction.tex		article	6420	9b76f59bd6aa918478fa0c82ec8e50f15f62e969640c73841c6b68c19def3000	https://github.com/standardgalactic/research-projects/blob/cd5998d33ed0d460411607400b18789f3fbe262c/paper/error_as_obstruction.tex	documentclass present but no title found
standalone	standardgalactic/research-projects	essay/behavioural-capture.tex	Behavioural Capture and Authoritarianism: A Field Theory of Autonomy in the Predictive Age	report	4506	d658c4ca91c4e6dadce5bdf06b87d2e9fd97628d6c4d84781ad9fc3eb1caedcc	https://github.com/standardgalactic/research-projects/blob/cd5998d33ed0d460411607400b18789f3fbe262c/essay/behavioural-capture.tex	
standalone	standardgalactic/research-projects	history/repair-categories.tex	Repair Categories and the Local Geometry of Continuation	article	7759	064de5398ef37a29dd10994c9578dc1c65bbadb63ae167a115e2b9ca910f5c04	https://github.com/standardgalactic/research-projects/blob/cd5998d33ed0d460411607400b18789f3fbe262c/history/repair-categories.tex	
standalone	standardgalactic/research-projects	epistemology/agents-and-didactic-interfaces-v01.tex	Agents and Didactic Interfaces: On the Loss of Agency Under Semantic Compression	article	545	f882e5916cf9d0c11cfa416cef9c42bb9e279d88b57e452181fa12dbd0396f70	https://github.com/standardgalactic/research-projects/blob/cd5998d33ed0d460411607400b18789f3fbe262c/epistemology/agents-and-didactic-interfaces-v01.tex	
standalone	standardgalactic/research-projects	recursive-agency/monograph.tex	Recursive Agency and the Geometry of the Relativistic Scalar--Vector Plenum: A Unified Field Theory of Representation, Semantics, and Computational Life	article	4370	85a6e139290d432d1f649c7ae31604d6a54e48cf3db5c79cfa3ce7e02939d927	https://github.com/standardgalactic/research-projects/blob/cd5998d33ed0d460411607400b18789f3fbe262c/recursive-agency/monograph.tex	
standalone	standardgalactic/research-projects	paper/entropic-decimation.tex	Constraint Closure and Entropic Decimation: Toward a Unified Field Theory of Computation, Cognition, and Cosmology	article	7500	e8f0b66c22a64b699d360909130c038568e481204e68232fe7ac8f646d040a59	https://github.com/standardgalactic/research-projects/blob/cd5998d33ed0d460411607400b18789f3fbe262c/paper/entropic-decimation.tex	
standalone	standardgalactic/research-projects	labs/monograph/monograph.tex	RSVP Dynamics: Scalar--Vector--Entropy Fields, Observer Holography, and the Architecture of Synthetic Cognition [6pt] A Unified Mathematical and Philosophical Monograph Incorporating the RSVP Labs 1--40	article	34046	63f33a5100f0c1a089639669d54f186fba03b6f8ece2df51856d069cca67f282	https://github.com/standardgalactic/research-projects/blob/cd5998d33ed0d460411607400b18789f3fbe262c/labs/monograph/monograph.tex	
untitled-document	standardgalactic/research-projects	photonics/bayesian-photonics.tex		book	10382	8e5043b244230b0bf6d5a7e04c6488f4e683b8ae8ccbeae8cd56df18ebcd5078	https://github.com/standardgalactic/research-projects/blob/cd5998d33ed0d460411607400b18789f3fbe262c/photonics/bayesian-photonics.tex	documentclass present but no title found
standalone	standardgalactic/research-projects	active-inference/monograph.tex	Simulated Agency as Active Control: A Unified Framework Integrating Choice Theory, Perceptual Control Theory, the Free Energy Principle, Sparse Semantic Projection, and Sheaf-Theoretic Coherence	article	17154	093071719dd98a0cf6929e5e9e37699c5853a9d1e05e7380448e2e39930966f6	https://github.com/standardgalactic/research-projects/blob/cd5998d33ed0d460411607400b18789f3fbe262c/active-inference/monograph.tex	
draft	standardgalactic/research-projects	working/capital_order_rsvp.tex		article	19004	3586b3059bb2289a40048d7bf70919580e9bd87a010146b10fcd170c0b69bcc8	https://github.com/standardgalactic/research-projects/blob/cd5998d33ed0d460411607400b18789f3fbe262c/working/capital_order_rsvp.tex	draft/placeholder language or path
draft	standardgalactic/research-projects	RSVP-Monograph/RSVP-Theory.tex	% The Relativistic Scalar--Vector Plenum Constraint, History, and Entropy in a Non-Expanding Universe	book	24965	f6f69d418f45adf97e0af6edd68bd8f92b4fc0bc422e20039f4990bdf1ee6675	https://github.com/standardgalactic/research-projects/blob/cd5998d33ed0d460411607400b18789f3fbe262c/RSVP-Monograph/RSVP-Theory.tex	draft/placeholder language or path
draft	standardgalactic/research-projects	Personal Superintelligence.tex	Personal Superintelligence and the Collapse of the Feed Algorithmic Coherence, Attention Economies, and the Loss of Public Sensemaking	article	25595	adf37ffbf31437387fd1056fea9c7ddff7c0fe9e279b2f496f0f33ad43802a1c	https://github.com/standardgalactic/research-projects/blob/cd5998d33ed0d460411607400b18789f3fbe262c/Personal Superintelligence.tex	draft/placeholder language or path
standalone	standardgalactic/research-projects	paper/flash_reluctance_engine.tex	% A Multimodal Flash--Reluctance Engine: [0.4em] Thermodynamic, Electromagnetic, and Mechanical Coupling in a Regulated Rotational Energy Transducer%	article	7447	3f8abc4e6f618146394d7c748980d6e64140c127cf193169e4d14600dd314416	https://github.com/standardgalactic/research-projects/blob/cd5998d33ed0d460411607400b18789f3fbe262c/paper/flash_reluctance_engine.tex	
standalone	standardgalactic/research-projects	The Ergonomics of Prediction.tex	The Ergonomics of Prediction: Gesture, Ergodicity, and the Cost of Micro-Friction in Trace-Based Keyboards	article	6710	2b96042a9bf782fa47a5578bc97d379f70f944ab43d917bfd7455dca01751d99	https://github.com/standardgalactic/research-projects/blob/cd5998d33ed0d460411607400b18789f3fbe262c/The Ergonomics of Prediction.tex	
draft	standardgalactic/research-projects	rsvp-lab/trajectory_inference.tex	Trajectory Inference, Emergent Structure, and the Return of Dynamical Thought: Contemporary Scientific Convergences Across Neuroscience, Cosmology, Machine Learning, and Biological Computation	article	4486	a544258f36fe9ef655f345d5def85ae50fd817b02cd1b70e164853a3b8c78177	https://github.com/standardgalactic/research-projects/blob/cd5998d33ed0d460411607400b18789f3fbe262c/rsvp-lab/trajectory_inference.tex	draft/placeholder language or path
standalone	standardgalactic/research-projects	epistemology/Strategic-Refusal.tex	Strategic Refusal: Intelligence After Goodhart	article	3612	93c450529cc03bb4aff2dcee0f29de96dc7a618812ae457359e757b40c4ebff1	https://github.com/standardgalactic/research-projects/blob/cd5998d33ed0d460411607400b18789f3fbe262c/epistemology/Strategic-Refusal.tex	
standalone	standardgalactic/research-projects	Persistence Before Efficiency.tex	Persistence Before Efficiency A Constraint-First Theory of Civilization	article	5103	b3142f343c75186ec264a83a9ede33e0cc43dbcb4ff2e7ea48de331406005459	https://github.com/standardgalactic/research-projects/blob/cd5998d33ed0d460411607400b18789f3fbe262c/Persistence Before Efficiency.tex	
standalone	standardgalactic/research-projects	polyxan-starspace-specification.tex	POLYXAN--RSVP STARSPACE A Formal Specification for a Xanadu--RSVP Social Hyperstructure with Multi-Galaxy Semantic Dynamics and Generative Field Algorithms	article	2408	de9035899079f1218620992b06a366ba744d2a7b7f9cd9796f2d7c34cd83d7ec	https://github.com/standardgalactic/research-projects/blob/cd5998d33ed0d460411607400b18789f3fbe262c/polyxan-starspace-specification.tex	
standalone	standardgalactic/research-projects	interpretability/Event-Nodes.tex	Event-Nodes, Texture-Nodes, and Causal Structure: From State Intervention to Event-Historical Mechanistic Explanation	article	10059	b68927becf6e2a9cb367752e79ce1f0d62b1d4cf05bf786c31d2daa952b094bc	https://github.com/standardgalactic/research-projects/blob/cd5998d33ed0d460411607400b18789f3fbe262c/interpretability/Event-Nodes.tex	
standalone	standardgalactic/research-projects	history/terminal-and-traversal.tex	Terminal and Traversal-Dependent Texts A Theory of What Reading Actually Costs	article	4859	d3c7f6a83abf7e7f6504feadde0e21abd59423d0a496f82c8b0585974d8149e9	https://github.com/standardgalactic/research-projects/blob/cd5998d33ed0d460411607400b18789f3fbe262c/history/terminal-and-traversal.tex	
standalone	standardgalactic/research-projects	Aurora/gesture-before-symbol.tex	Gesture Before Symbol: Recovering Latent Structure in Keyboard Input	article	12794	4fa2d76c3a9dcb1056ecce699e3bb42cb10908dbecace9a2e3902f7188a69c2b	https://github.com/standardgalactic/research-projects/blob/cd5998d33ed0d460411607400b18789f3fbe262c/Aurora/gesture-before-symbol.tex	
standalone	standardgalactic/research-projects	Aurora/obstruction-cohomology.tex	Obstruction Cohomology and the Topology of Failure Constraint Closure Across Differential, Recursive, and Semantic Regimes	article	9210	fa03d24dc52d59eb94df4648ead6e73c974ee5e94b8d3c1745fcc9c807ae7e8c	https://github.com/standardgalactic/research-projects/blob/cd5998d33ed0d460411607400b18789f3fbe262c/Aurora/obstruction-cohomology.tex	
draft	standardgalactic/research-projects	working/distributed_cognition.tex	Distributed Minds and Generative Substrates: Threshold Diffusion, Causal Insulation, and the Architecture of Inference at Scale	article	8706	35e59e84ec6a5a47e9cbe8c8a3e5f0cec051c7d1e4b4a34d22bf6ef5f1d39921	https://github.com/standardgalactic/research-projects/blob/cd5998d33ed0d460411607400b18789f3fbe262c/working/distributed_cognition.tex	draft/placeholder language or path
draft	standardgalactic/research-projects	working/steam_cellulose_domes.tex	Steam-Formed Cellulose Domes: Morphogenetic Construction Using Intermittent Steam Inflation and Magnet-Directed Reinforcement	article	10216	8a87bd07cdf610b4e49afffa00f7f0673512dba1f3e38eca39b8979403e99236	https://github.com/standardgalactic/research-projects/blob/cd5998d33ed0d460411607400b18789f3fbe262c/working/steam_cellulose_domes.tex	draft/placeholder language or path
standalone	standardgalactic/research-projects	textbook/autonomy-of-refusal.tex	The Autonomy of Refusal Constraint, Residue, and the Geometry of Persistence	book	44177	2ba9ec7777f982287311cc6b512e4b720937fa881c55cce4c651162f4cffdea0	https://github.com/standardgalactic/research-projects/blob/cd5998d33ed0d460411607400b18789f3fbe262c/textbook/autonomy-of-refusal.tex	
draft	standardgalactic/research-projects	Gallery Before Feed - draft 01.tex	Gallery Before Feed: Why Engagement-Optimized Interfaces Destroy Coherence and How Merge-Aware Systems Restore Meaning	article	7914	a40e3361bc7fb27c5bba360ce00ce2dc9d546ed8522b92be8890a363cca0738a	https://github.com/standardgalactic/research-projects/blob/cd5998d33ed0d460411607400b18789f3fbe262c/Gallery Before Feed - draft 01.tex	draft/placeholder language or path
draft	standardgalactic/research-projects	semantic-calculus/EBSSC-draft-02.tex	Entropy-Bounded Sparse Semantic Calculus (EBSSC) A Unified Framework for Geometric Semantics and Sparse Policy Control	article	2507	538eb335ccc23444f229b12eea230e3d941a03eb45af45fee69c000442d6e38a	https://github.com/standardgalactic/research-projects/blob/cd5998d33ed0d460411607400b18789f3fbe262c/semantic-calculus/EBSSC-draft-02.tex	draft/placeholder language or path
standalone	standardgalactic/research-projects	Constraints-without-Commitment.tex	Constraints Without Commitment: On the Limits of Algebraic Unification in Contemporary Deep Learning	article	7754	d44085b27375569f407a893d10c47929a13060d1d5913dc692958affa2571582	https://github.com/standardgalactic/research-projects/blob/cd5998d33ed0d460411607400b18789f3fbe262c/Constraints-without-Commitment.tex	
draft	standardgalactic/research-projects	history/draft/repair-categories.tex	Repair Categories and the Local Geometry of Continuation	article	5725	63ac9a21f0c7d91223042774ba23b63e734c54564b3e36d84c6e7d221639484c	https://github.com/standardgalactic/research-projects/blob/cd5998d33ed0d460411607400b18789f3fbe262c/history/draft/repair-categories.tex	draft/placeholder language or path
standalone	standardgalactic/research-projects	RSVP-Monograph/Volume-I-Foundations/main-vol1.tex	: Mathematical Foundations of Lamphrodynamic Field Theory	book	520	a9f0104fd2ce9e372302096592fecf414f34a8f5a4c54c5eb35cb99cf9dcfd48	https://github.com/standardgalactic/research-projects/blob/cd5998d33ed0d460411607400b18789f3fbe262c/RSVP-Monograph/Volume-I-Foundations/main-vol1.tex	
standalone	standardgalactic/research-projects	interpretability/Causal Mediation.tex	Causal Mediation, Event Structure, and Regime-Sensitive Mechanistic Interpretability	article	2756	a4023a438fa7ead071b7f2336ccd5223ef0f1414373ac7ca73a22ce3d093e682	https://github.com/standardgalactic/research-projects/blob/cd5998d33ed0d460411607400b18789f3fbe262c/interpretability/Causal Mediation.tex	
standalone	standardgalactic/research-projects	Irreversibility as Architecture.tex	Irreversibility as Architecture: Physics, Computation, and the Limits of Transformation	article	6827	9b186b2ed3bdba48d4db36ef1205c8eed564b52617a48263d6fc9c93d72b47e6	https://github.com/standardgalactic/research-projects/blob/cd5998d33ed0d460411607400b18789f3fbe262c/Irreversibility as Architecture.tex	
standalone	standardgalactic/research-projects	polyxan-semantic-hyperstructure.tex	RSVP--Polyxan: A Unified Field Theory of Semantic Hyperstructures	article	9791	2e39952f10b1dc217b8c6afe4c1ef57e06238e3dad5ece6318f4f2197dff4d88	https://github.com/standardgalactic/research-projects/blob/cd5998d33ed0d460411607400b18789f3fbe262c/polyxan-semantic-hyperstructure.tex	
standalone	standardgalactic/research-projects	RSVP-Monograph/Volume-III-Extensions/main-vol3.tex	: Extensions, Interpretations, and New Directions	book	465	e68a428716cecc33e1b4fe26fd7b04a6c4f038a7f95f6d9623c9afb37ca60265	https://github.com/standardgalactic/research-projects/blob/cd5998d33ed0d460411607400b18789f3fbe262c/RSVP-Monograph/Volume-III-Extensions/main-vol3.tex	
untitled-document	standardgalactic/research-projects	Aurora/recomposable-fragmentation.tex		amsart	7075	39bb4175116c50556f6fd9797c8e9d2c8e3a3fa049edb1fad6646e0c67b0515a	https://github.com/standardgalactic/research-projects/blob/cd5998d33ed0d460411607400b18789f3fbe262c/Aurora/recomposable-fragmentation.tex	documentclass present but no title found
standalone	standardgalactic/research-projects	epistemology/agents-and-didactic-interfaces-v02.tex	Agents and Didactic Interfaces: On the Loss of Agency Under Semantic Compression	article	701	40a53a86969c2c1ee53c9ca5702d0d3a2774c274a56ac3bc10258d68bac81fb4	https://github.com/standardgalactic/research-projects/blob/cd5998d33ed0d460411607400b18789f3fbe262c/epistemology/agents-and-didactic-interfaces-v02.tex	
standalone	standardgalactic/research-projects	philosophy/reality_reachability.tex	Reality Is What Can Be Reached: Reachability, Identification, and the Limits of Abstraction	article	16198	256461baef293c63ac4f81c364dbca8eefe105e52bc093409bdc8ef5cdac0f68	https://github.com/standardgalactic/research-projects/blob/cd5998d33ed0d460411607400b18789f3fbe262c/philosophy/reality_reachability.tex	
standalone	standardgalactic/research-projects	categorical-structure-of-alignment.tex	The Categorical Structure of Alignment [0.4em] Representation, Motivation, and the Preservation of Normative Invariants	article	23023	533efabc2f683bea15c4dbbd1016af3a3a09c17513473a3f3428b8dbe371d7cf	https://github.com/standardgalactic/research-projects/blob/cd5998d33ed0d460411607400b18789f3fbe262c/categorical-structure-of-alignment.tex	
untitled-document	standardgalactic/research-projects	major_projects/RSVP-meditations.tex		article	16018	ac887148d24128c7e9101338a5d953e855eefdf94f0c086d073713f231f4d210	https://github.com/standardgalactic/research-projects/blob/cd5998d33ed0d460411607400b18789f3fbe262c/major_projects/RSVP-meditations.tex	documentclass present but no title found
draft	standardgalactic/research-projects	semantic-calculus/EBSSC-draft-01.tex	Entropy-Bounded Sparse Semantic Calculus (EBSSC) A Unified Syntax and Semantics for SpherePOP and Latent Policy Selection	article	14175	ee883c9eac90851f7c179e52cf4242659b76891477fa26e4e01ac0e53a7c10c4	https://github.com/standardgalactic/research-projects/blob/cd5998d33ed0d460411607400b18789f3fbe262c/semantic-calculus/EBSSC-draft-01.tex	draft/placeholder language or path
standalone	standardgalactic/research-projects	epistemology/spherepop/Replayable-Memory.tex	Replayable Memory and the Cognitive Basis of Abstraction	article	1201	1a62de90411d93497d794e230924321529edbac93f2ec6320e5942b3aa4d0160	https://github.com/standardgalactic/research-projects/blob/cd5998d33ed0d460411607400b18789f3fbe262c/epistemology/spherepop/Replayable-Memory.tex	
draft	standardgalactic/research-projects	photonics/drafts/bayesian-photonics.tex		book	8056	ebf15df4d1216292b536119aaf9fb3d2c8ac2074c81ed6ab00e8b15a054e141a	https://github.com/standardgalactic/research-projects/blob/cd5998d33ed0d460411607400b18789f3fbe262c/photonics/drafts/bayesian-photonics.tex	draft/placeholder language or path
standalone	standardgalactic/research-projects	interpretability/recency-as-salience.tex	Recency as Salience: Observable Distance as a Proxy for Relational Distance	article	3018	6a1798632390409aedd581378cf2ee917b1fc7a3b969855a0e4e80ffc7787375	https://github.com/standardgalactic/research-projects/blob/cd5998d33ed0d460411607400b18789f3fbe262c/interpretability/recency-as-salience.tex	
standalone	standardgalactic/research-projects	history/Evolutionary Development.tex	Evolutionary Development in the Relativistic Scalar Vector Plenum: An Entropic Field Theory of Complex Systems	article	15557	a76b6d9a5e638d0451af453c0f390f5d12c5260cbb36712821ecad5ee2e3465e	https://github.com/standardgalactic/research-projects/blob/cd5998d33ed0d460411607400b18789f3fbe262c/history/Evolutionary Development.tex	
standalone	standardgalactic/research-projects	epistemology/Semantic-Construction.tex	Compression, Abstraction, and Semantic Construction: A Structural Response to the Mathematical Foundations of Intelligence	article	4910	2fb1fd352168969d913a732f00566febd967ffff2f48825849433d0f19bda9bf	https://github.com/standardgalactic/research-projects/blob/cd5998d33ed0d460411607400b18789f3fbe262c/epistemology/Semantic-Construction.tex	
draft	standardgalactic/research-projects	working/constraint-first-topology.tex	Constraint-First Topology: Foam Cobordisms, Nilpotent Transport, and Immersed Singularities as Admissibility Geometry	article	7798	cda7ec3dfd486c45d829a8436a0cac8ced7d263c959f0a39bbacb613e393bd15	https://github.com/standardgalactic/research-projects/blob/cd5998d33ed0d460411607400b18789f3fbe262c/working/constraint-first-topology.tex	draft/placeholder language or path
draft	standardgalactic/research-projects	policy-selection/draft-01/monograph.tex	Policy Selection in the Latent Action Space: A Unifying Theory of Thought, Inference, and Sparse Agency	article	3413	10adbf00e44e65e0690a0f3b2fcc187b661788b76ab50ae3c27e870f7a354b81	https://github.com/standardgalactic/research-projects/blob/cd5998d33ed0d460411607400b18789f3fbe262c/policy-selection/draft-01/monograph.tex	draft/placeholder language or path
standalone	standardgalactic/research-projects	admissibility-lab/motor_phonology.tex	Motor Phonology and Symbolic Reachability: Keyboards, Scripts, and the Generative Minimum	article	10938	92148699f7468c5042be32bd94fc37d5fc269a1539b4fd0969ba483497ce4a6a	https://github.com/standardgalactic/research-projects/blob/cd5998d33ed0d460411607400b18789f3fbe262c/admissibility-lab/motor_phonology.tex	
standalone	standardgalactic/research-projects	philosophy/astrophysics_after_uniform_object.tex	Astrophysics After the Uniform Object [0.5em] Stratification, Burst Cycles, Reservoirs, and Reachability from Compact Stars to the Cosmic Web	article	5055	c11df5ca481c1739e4d88d556614f0bed16f20544bd4124a467ce1a6082e9b1f	https://github.com/standardgalactic/research-projects/blob/cd5998d33ed0d460411607400b18789f3fbe262c/philosophy/astrophysics_after_uniform_object.tex	
draft	standardgalactic/research-projects	epistemology/Spherepop-OS-extended.tex	Spherepop OS: A Deterministic Semantic Operating System Formal Specification, Architectural Rationale, and Foundations of Pre-Linguistic Intelligence	article	7641	d2932104d9cd1e692c70539aeb4c3f82eaa7a212151badcb18d0ae4ed4e07c98	https://github.com/standardgalactic/research-projects/blob/cd5998d33ed0d460411607400b18789f3fbe262c/epistemology/Spherepop-OS-extended.tex	draft/placeholder language or path
standalone	standardgalactic/research-projects	epistemology/spherepop/Semantic-Stability.tex	Information, Entropy, and Semantic Stability: Abstraction Beyond Compression	article	1447	154ea4739226f010fc8df63f43e4aa74b93e65b0fd16fb786f4697ee2e5a0b38	https://github.com/standardgalactic/research-projects/blob/cd5998d33ed0d460411607400b18789f3fbe262c/epistemology/spherepop/Semantic-Stability.tex	
draft	standardgalactic/research-projects	Aurora/gesture-before-symbol-draft.tex	Gesture Before Symbol: Recovering Latent Structure in Keyboard Input	article	12076	a462924da65fd089f4460ee56e30283363a5b6f2f78f4693f5ad1185495f3782	https://github.com/standardgalactic/research-projects/blob/cd5998d33ed0d460411607400b18789f3fbe262c/Aurora/gesture-before-symbol-draft.tex	draft/placeholder language or path
standalone	standardgalactic/research-projects	epistemology/spherepop/Semantic-Consistency.tex	Semantic Consistency as a Systems Invariant: Replay, Abstraction, and Event-Sourced Computation	article	1113	2f4a14dc4d6be5d6a82eab396a9f81f2baa9de3b031acddb075b34c167d070b8	https://github.com/standardgalactic/research-projects/blob/cd5998d33ed0d460411607400b18789f3fbe262c/epistemology/spherepop/Semantic-Consistency.tex	
draft	standardgalactic/research-projects	policy-selection/draft-03/monograph.tex	Policy Selection in the Latent Action Space: A Unifying Theory of Thought, Inference, and Sparse Agency	article	6374	56e681d1d1ec1bd042fec0d1c9f8db557562a00354b40e13a32ea6f4e471baba	https://github.com/standardgalactic/research-projects/blob/cd5998d33ed0d460411607400b18789f3fbe262c/policy-selection/draft-03/monograph.tex	draft/placeholder language or path
draft	standardgalactic/research-projects	textbook/autonomy-of-refusal-draft.tex	The Autonomy of Refusal Constraint, Residue, and the Geometry of Persistence	book	36256	143d6cf04affc935862af0706a6e0eabac8630689ad5265162460d8d92c51fd9	https://github.com/standardgalactic/research-projects/blob/cd5998d33ed0d460411607400b18789f3fbe262c/textbook/autonomy-of-refusal-draft.tex	draft/placeholder language or path
standalone	standardgalactic/research-projects	analysis/github_developer_lifecycles.tex	Developer Lifecycles and Language Ecosystem Dynamics on GitHub: A Large-Scale Analysis of a Follow Network	article	5761	11327c3bb5f467932cb1addad35f7a4baa29071149e1024f6bac67705e02d20e	https://github.com/standardgalactic/research-projects/blob/cd5998d33ed0d460411607400b18789f3fbe262c/analysis/github_developer_lifecycles.tex	
standalone	standardgalactic/research-projects	history/wave_to_continuation_dynamics.tex	From Wave Dynamics to Continuation Dynamics: Why Neural Oscillations May Be Realizations Rather Than Explanations	article	10090	6f441430ef86a197019efb0af812601b14c1b88f88ab660a40484e743b61f1a0	https://github.com/standardgalactic/research-projects/blob/cd5998d33ed0d460411607400b18789f3fbe262c/history/wave_to_continuation_dynamics.tex	
draft	standardgalactic/research-projects	categorical-structure-of-alignment-v1.tex	The Categorical Structure of Alignment:\ Representation, Motivation, and the Preservation of Normative Invariants	article	12997	1f6f80da787db3e1d4399352fe0d553fcbfd5f64dba008e98ea46d2517b41b21	https://github.com/standardgalactic/research-projects/blob/cd5998d33ed0d460411607400b18789f3fbe262c/categorical-structure-of-alignment-v1.tex	draft/placeholder language or path
untitled-document	standardgalactic/research-projects	epistemology/recursive-admissibility.tex		book	16933	a8ea117eae894f73381b124ccd01f3a28eaa8e5674b5ada6b59bb9578579b4bf	https://github.com/standardgalactic/research-projects/blob/cd5998d33ed0d460411607400b18789f3fbe262c/epistemology/recursive-admissibility.tex	documentclass present but no title found
standalone	standardgalactic/research-projects	Aurora/biodiversity-as-infrastructure.tex	% Biodiversity as Infrastructure [0.5em] Toward the Universalization of Living Roofs: [0.2em] A Thermodynamic and Ecological Argument for Architectural Necessity	article	5895	1149bb5487e35ef6be41a1e5c58cdfb1c226f10ba37f148df8b61489e2f22176	https://github.com/standardgalactic/research-projects/blob/cd5998d33ed0d460411607400b18789f3fbe262c/Aurora/biodiversity-as-infrastructure.tex	
draft	standardgalactic/research-projects	The Ergonomics of Prediction - draft 01.tex	The Ergonomics of Prediction: Gesture, Ergodicity, and the Cost of Micro-Friction in Trace-based Keyboards	article	3789	5a1284b49df29540cc589bc4d68b650d310d1d3960a06476d0ecc39b6d1af7f5	https://github.com/standardgalactic/research-projects/blob/cd5998d33ed0d460411607400b18789f3fbe262c/The Ergonomics of Prediction - draft 01.tex	draft/placeholder language or path
draft	standardgalactic/research-projects	polyxan-semantic-hyperstructure-draft.tex	RSVP--Polyxan: A Unified Field Theory of Semantic Hyperstructures	article	7687	634819061e44b592796ce6148e7c1c586bc4b3370e705a2ef395131b9fcbf495	https://github.com/standardgalactic/research-projects/blob/cd5998d33ed0d460411607400b18789f3fbe262c/polyxan-semantic-hyperstructure-draft.tex	draft/placeholder language or path
untitled-document	standardgalactic/research-projects	epistemology/morphology-as-computation.tex		article	16072	531cfabcd7485488665dc0c7c238c398bf311feaceef71e26a17d95590d478db	https://github.com/standardgalactic/research-projects/blob/cd5998d33ed0d460411607400b18789f3fbe262c/epistemology/morphology-as-computation.tex	documentclass present but no title found
standalone	standardgalactic/research-projects	recursive-agency/lamphrodynamic-flows.tex	Deep Learning Solvers as Lamphrodynamic Flows in RSVP Field Theory	article	9230	9729780c33df2dd8f411daef4ebd08f7651e59d2f72099737f4c02cb78eb8627	https://github.com/standardgalactic/research-projects/blob/cd5998d33ed0d460411607400b18789f3fbe262c/recursive-agency/lamphrodynamic-flows.tex	
draft	standardgalactic/research-projects	policy-selection/draft-03/monograph-02.tex	Policy Selection in the Latent Action Space: A Unifying Theory of Thought, Inference, and Sparse Agency	article	6343	07d3941c94c0e5ba48ad8b7dc443e46326b9ca3953882a2e66c3c85a1f916c47	https://github.com/standardgalactic/research-projects/blob/cd5998d33ed0d460411607400b18789f3fbe262c/policy-selection/draft-03/monograph-02.tex	draft/placeholder language or path
standalone	standardgalactic/research-projects	interpretability/Two-Channel Causal Mediation.tex	Two-Channel Causal Mediation, Regime Structure, and Resilience in Mechanistic and Knowledge Networks	article	1266	059de689a62f1fb1bea3d02415f51b7a5565df45a2c81a249ba59cd73db2ed0d	https://github.com/standardgalactic/research-projects/blob/cd5998d33ed0d460411607400b18789f3fbe262c/interpretability/Two-Channel Causal Mediation.tex	
standalone	standardgalactic/research-projects	admissibility-lab/eight_letter_keyboard.tex	The Eight-Letter Keyboard: Motor Compression, Finger Identity, and Hierarchical Symbolic Access	article	5392	ec37f5ad6b802a770a80e5b8ea9d599d2f5432bbb6e9bb80500d632455b2cf7f	https://github.com/standardgalactic/research-projects/blob/cd5998d33ed0d460411607400b18789f3fbe262c/admissibility-lab/eight_letter_keyboard.tex	
standalone	standardgalactic/research-projects	textmonod-essay/stochastic-revision-models.tex	Stochastic Revision Models for Document Evolution, Generative Writing Dynamics, and Visualization Pipelines	article	3778	c230c7f3b54792d2b0eb8d726d7486015f2b79a182a8da683851bfface99d955	https://github.com/standardgalactic/research-projects/blob/cd5998d33ed0d460411607400b18789f3fbe262c/textmonod-essay/stochastic-revision-models.tex	
standalone	standardgalactic/research-projects	epistemology/Abstraction-as-Stabilized-Replay.tex	Abstraction as Stabilized Replay: Memory, Equivalence, and Semantic Depth	article	1414	7ec1a2e250360954bfeb9f52846e325185056c1982eb0246581667974f8f2cb8	https://github.com/standardgalactic/research-projects/blob/cd5998d33ed0d460411607400b18789f3fbe262c/epistemology/Abstraction-as-Stabilized-Replay.tex	
standalone	standardgalactic/research-projects	interpretability/Event-Nodes and Texture-nodes.tex	Event-Nodes and Texture-Nodes: Extending Causal Mechanistic Interpretability with Irreversible Structure	article	1202	3051d0fddc3c9863e52293463f4cc230c9e772c84662180a7fc23187ab58ea43	https://github.com/standardgalactic/research-projects/blob/cd5998d33ed0d460411607400b18789f3fbe262c/interpretability/Event-Nodes and Texture-nodes.tex	
standalone	standardgalactic/research-projects	epistemology/spherepop/Replayable-Construction.tex	Replayable Construction and the Computational Basis of Abstraction	article	1334	b5bdc44bf35b937dfd4d02a3ff59a02c738569174181a63d920bc0782bfade54	https://github.com/standardgalactic/research-projects/blob/cd5998d33ed0d460411607400b18789f3fbe262c/epistemology/spherepop/Replayable-Construction.tex	
standalone	standardgalactic/research-projects	epistemology/spherepop/Replay-and-Invariance.tex	Replay and Invariance: Toward a Structural Geometry of Semantic Systems	article	1829	4cefa70b2907a51703557aa549c2ebe467276c7a18367fc4e36d771d225c2ae4	https://github.com/standardgalactic/research-projects/blob/cd5998d33ed0d460411607400b18789f3fbe262c/epistemology/spherepop/Replay-and-Invariance.tex	
standalone	standardgalactic/research-projects	RSVP-Monograph/Volume-II-Applications/main-vol2.tex	: Physical Applications: Cosmology and Gravity [4pt] Emergent Spacetime, Entropic Gravity, and Observational Predictions	book	1144	ae48a4d4e35cd764dae836aae9fec75d66259deefa133b9a1ae890a55e480ad0	https://github.com/standardgalactic/research-projects/blob/cd5998d33ed0d460411607400b18789f3fbe262c/RSVP-Monograph/Volume-II-Applications/main-vol2.tex	
standalone	standardgalactic/research-projects	Collective Intelligence Under Constraint.tex	Collective Intelligence Under Constraint: Search Efficiency, Horizon Collapse, and Anti-Cognitive Platform Design	article	6701	d7018b312c2516e95df457858f26b98ae2c208e2b35a7de05660da9037bca473	https://github.com/standardgalactic/research-projects/blob/cd5998d33ed0d460411607400b18789f3fbe262c/Collective Intelligence Under Constraint.tex	
standalone	standardgalactic/research-projects	interpretability/From Inspection to Intervention.tex	From Inspection to Intervention: Causal Mechanisms and Algorithmic Understanding in Neural Networks	article	1175	63bdc3aa55bf5720079332553ca19f9076991bb24ab987dfdadf8ee0c7f4d1ec	https://github.com/standardgalactic/research-projects/blob/cd5998d33ed0d460411607400b18789f3fbe262c/interpretability/From Inspection to Intervention.tex	
draft	standardgalactic/research-projects	analysis/github_developer_lifecycles-draft.tex	Developer Lifecycles and Language Ecosystem Dynamics on GitHub: A Large-Scale Analysis of a Follow Network	article	4225	60a5ee1f74e7459109c68cf4d6bf75db0de3a778e87247122888b73f35fc6d01	https://github.com/standardgalactic/research-projects/blob/cd5998d33ed0d460411607400b18789f3fbe262c/analysis/github_developer_lifecycles-draft.tex	draft/placeholder language or path
draft	standardgalactic/research-projects	intelligence/semantic-relaxation-networks.tex		article	17343	82cc2da522291f64bf52bfaacaac284f202769ea7869d7d0d635af8118cd7387	https://github.com/standardgalactic/research-projects/blob/cd5998d33ed0d460411607400b18789f3fbe262c/intelligence/semantic-relaxation-networks.tex	draft/placeholder language or path
untitled-document	standardgalactic/research-projects	philosophy/reconstruction_and_distinction.tex		article	22769	cd7010833ddbdab0bdc45a76c9cd74a27d9717766b324d3f2ef3980d099b8e15	https://github.com/standardgalactic/research-projects/blob/cd5998d33ed0d460411607400b18789f3fbe262c/philosophy/reconstruction_and_distinction.tex	documentclass present but no title found
standalone	standardgalactic/research-projects	epistemology/agents-and-didactic-interfaces.tex	Agents and Didactic Interfaces: Semantic Compression, Constraint Loss, and the Conditions of Responsibility		4661	0c04e97c3842bcae53637fea4f342083ed5d203a089cea74af27719de237dfe9	https://github.com/standardgalactic/research-projects/blob/cd5998d33ed0d460411607400b18789f3fbe262c/epistemology/agents-and-didactic-interfaces.tex	
standalone	standardgalactic/research-projects	Local Tractability and Global Dysfunction.tex	Local Tractability and Global Dysfunction Institutional Mediation, Epistemic Efficiency, and the Rationality of Non-Intervention	article	25956	a949067fc3d61d093ea3345a3fd8be5938323748893404616053ee86cdd7b762	https://github.com/standardgalactic/research-projects/blob/cd5998d33ed0d460411607400b18789f3fbe262c/Local Tractability and Global Dysfunction.tex	
draft	standardgalactic/research-projects	textbook/draft/The_Ecology_of_Distinctions.tex		book	28115	fd069438d93c2441191690253583eaffaf6cf84f9427e95c450b43069d9862fe	https://github.com/standardgalactic/research-projects/blob/cd5998d33ed0d460411607400b18789f3fbe262c/textbook/draft/The_Ecology_of_Distinctions.tex	draft/placeholder language or path
draft	standardgalactic/research-projects	history/Evolutionary Development - draft 01.tex	Evolutionary Development in the Relativistic Scalar Vector Plenum: An Entropic Field Theory of Complex Systems	article	6394	ca7a9a06611815771e6912a363cc5b8f8e2708434f878a6eefe11bd43376eb1f	https://github.com/standardgalactic/research-projects/blob/cd5998d33ed0d460411607400b18789f3fbe262c/history/Evolutionary Development - draft 01.tex	draft/placeholder language or path
standalone	standardgalactic/research-projects	interpretability/Mechanistic Interpretability.tex	Mechanistic Interpretability as Causal Reverse Engineering	article	3699	8ed1af154952e85d115920990924954a3f31aa2371f6b4fffc084a4d6fb4a814	https://github.com/standardgalactic/research-projects/blob/cd5998d33ed0d460411607400b18789f3fbe262c/interpretability/Mechanistic Interpretability.tex	
draft	standardgalactic/research-projects	admissibility-lab/continuations_before_objects.tex	Continuations Before Objects [0.6em] A Geometric Theory of Intelligent Persistence	book	34875	0771e9a0beaffd58360db1f0ec57e0a1d80110c477da1fb8261de9bb06cfafab	https://github.com/standardgalactic/research-projects/blob/cd5998d33ed0d460411607400b18789f3fbe262c/admissibility-lab/continuations_before_objects.tex	draft/placeholder language or path
standalone	standardgalactic/research-projects	interpretability/The Limits of Interpretability.tex	The Limits of Interpretability	article	3106	f9dbf11277bf3f40b80fcc6dbc39c312a45db5946754012faa47b800e630c318	https://github.com/standardgalactic/research-projects/blob/cd5998d33ed0d460411607400b18789f3fbe262c/interpretability/The Limits of Interpretability.tex	
standalone	standardgalactic/research-projects	epistemology/agents-and-didactic-interfaces-v03.tex	Agents and Didactic Interfaces: Semantic Compression, Constraint Loss, and the Conditions of Responsibility		3644	218b2cc815bb60f468b27f6a5d033cfce7c43093c85a181fe6010b58197dc6ee	https://github.com/standardgalactic/research-projects/blob/cd5998d33ed0d460411607400b18789f3fbe262c/epistemology/agents-and-didactic-interfaces-v03.tex	
draft	standardgalactic/research-projects	interpretability/Two-Channel Causal Mediation - draft 01.tex	Two-Channel Causal Mediation: Event-Nodes, Texture-Nodes, and Irreversibility in Mechanistic Interpretability	article	1189	9c17eb7bc760cc676c6182a1935e7cb8ac16c1c9f85e6612043ffeb714125a55	https://github.com/standardgalactic/research-projects/blob/cd5998d33ed0d460411607400b18789f3fbe262c/interpretability/Two-Channel Causal Mediation - draft 01.tex	draft/placeholder language or path
untitled-document	standardgalactic/research-projects	epistemology/processing/morphology-as-computation.tex		article	16072	531cfabcd7485488665dc0c7c238c398bf311feaceef71e26a17d95590d478db	https://github.com/standardgalactic/research-projects/blob/cd5998d33ed0d460411607400b18789f3fbe262c/epistemology/processing/morphology-as-computation.tex	documentclass present but no title found
draft	standardgalactic/research-projects	interpretability/Event-Nodes and Texture-nodes - draft 01.tex	Event-Nodes and Texture-Nodes: Extending Causal Mechanistic Interpretability with Event-Historical Structure	article	1212	2edd6e5f9232aafac9876a97cca8a656ac090e013819bd6796a70e4d3c04d914	https://github.com/standardgalactic/research-projects/blob/cd5998d33ed0d460411607400b18789f3fbe262c/interpretability/Event-Nodes and Texture-nodes - draft 01.tex	draft/placeholder language or path
standalone	standardgalactic/research-projects	epistemology/intelligence-as-structural-compression.tex	Intelligence as Structural Compression: A Theory of Mind Recognition via Effective Assembly	article	4788	07e83c2c9c36f448a6955eb1fd8ee2b6a0ee61238f3051a8cf49ff66cacd011e	https://github.com/standardgalactic/research-projects/blob/cd5998d33ed0d460411607400b18789f3fbe262c/epistemology/intelligence-as-structural-compression.tex	
standalone	standardgalactic/research-projects	processing/Collective Intelligence Under Constraint.tex	Collective Intelligence Under Constraint: Search Efficiency, Horizon Collapse, and Anti-Cognitive Platform Design	article	6701	d7018b312c2516e95df457858f26b98ae2c208e2b35a7de05660da9037bca473	https://github.com/standardgalactic/research-projects/blob/cd5998d33ed0d460411607400b18789f3fbe262c/processing/Collective Intelligence Under Constraint.tex	
chapter	standardgalactic/research-projects	RSVP-Monograph/Volume-III-Extensions/chapters/ch01-spherepop-homotopy.tex			630	7ae17c872b3950ec3f4696e3d7e50ce87f8e45c16bff6e3d5366d1a8e1b852e5	https://github.com/standardgalactic/research-projects/blob/cd5998d33ed0d460411607400b18789f3fbe262c/RSVP-Monograph/Volume-III-Extensions/chapters/ch01-spherepop-homotopy.tex	chapter/section path or fragment without document title
draft	standardgalactic/research-projects	Local Tractability and Global Dysfunction - draft 01.tex	Local Tractability and Global Dysfunction Epistemic Efficiency, Institutional Ritual, and the Logic of Non-Intervention	article	4999	f14b32fa69cd6070c7213f3ca61425cf4e79c4bca146e80dc430cf8667c2d6e5	https://github.com/standardgalactic/research-projects/blob/cd5998d33ed0d460411607400b18789f3fbe262c/Local Tractability and Global Dysfunction - draft 01.tex	draft/placeholder language or path
standalone	standardgalactic/research-projects	admissibility-lab/processing/copies-before-originals.tex	Copies Before Originals [0.3em] Convergence, Admissibility, and the Explanatory Status of the First Instance	article	8763	34d9ea6550205d5328ca01e6dffd7d92801956853951065a800ce9704c5a84fb	https://github.com/standardgalactic/research-projects/blob/cd5998d33ed0d460411607400b18789f3fbe262c/admissibility-lab/processing/copies-before-originals.tex	
standalone	standardgalactic/research-projects	interpretability/Causal Mechanistic Interpretability.tex	Causal Mechanistic Interpretability: From Inspection to Event-Historical Structures, Two-Channel Mediation, and Resilience in Neural and Knowledge Systems	article	10755	34411741f9ed03bd92e03832b02466cc9da745093238a7db656f4e4fdc8152fe	https://github.com/standardgalactic/research-projects/blob/cd5998d33ed0d460411607400b18789f3fbe262c/interpretability/Causal Mechanistic Interpretability.tex	
standalone	standardgalactic/research-projects	epistemology/spherepop/Abstraction-before-Representation.tex	Abstraction Before Representation: Deterministic Replay, Semantic Equivalence, and the Ontology of Intelligence	article	2616	6fb179dd8df1cbb63d1e93a280b94b59d89567f63be67ebd6ffb2c611ee8d45a	https://github.com/standardgalactic/research-projects/blob/cd5998d33ed0d460411607400b18789f3fbe262c/epistemology/spherepop/Abstraction-before-Representation.tex	
standalone	standardgalactic/research-projects	admissibility-lab/processing/autobiographical-erasure.tex	Erasure in Scientific Writing [0.3em] Interpretive Drift, Compression, and the Search for Invariants	article	23714	e08ad1a325558f9300a806feb2d0f833a602e9f4f83345d1df904923af8c46cf	https://github.com/standardgalactic/research-projects/blob/cd5998d33ed0d460411607400b18789f3fbe262c/admissibility-lab/processing/autobiographical-erasure.tex	
standalone	standardgalactic/research-projects	admissibility-lab/processing/containers-before-contents.tex	Containers Before Contents [0.3em] Boundary Dynamics, Selective Permeability, and the Mathematics of Inside	article	13380	fcca3d29eaa547e0bb5a881f56a2cf76cb635db772e5976aa8770535895b8907	https://github.com/standardgalactic/research-projects/blob/cd5998d33ed0d460411607400b18789f3fbe262c/admissibility-lab/processing/containers-before-contents.tex	
draft	standardgalactic/research-projects	interpretability/Causal Mechanistic Interpretability - draft 01.tex	Causal Mechanistic Interpretability: From Inspection to Event-Historical Structures, Two-Channel Mediation, and Resilience in Neural and Knowledge Systems	article	994	86e26d3b40840661ab0d3d971720080a07909303d2442a1446620569622ac22e	https://github.com/standardgalactic/research-projects/blob/cd5998d33ed0d460411607400b18789f3fbe262c/interpretability/Causal Mechanistic Interpretability - draft 01.tex	draft/placeholder language or path
draft	standardgalactic/research-projects	major_projects/CrystalEconomy/cinematic-reconstruction-v1.tex	Cinematic Reconstruction [4pt] A Framework for Video Generation, Compression, and Diagnosis via Persistent World State	article	11295	3f2db5a82e25924d67f6980412d721abdec9c8fc2688d155549a4cd176a7669a	https://github.com/standardgalactic/research-projects/blob/cd5998d33ed0d460411607400b18789f3fbe262c/major_projects/CrystalEconomy/cinematic-reconstruction-v1.tex	draft/placeholder language or path
draft	standardgalactic/research-projects	major_projects/CrystalEconomy/cinematic-reconstruction-v2.tex	Cinematic Reconstruction [4pt] A Framework for Video Generation, Compression, and Diagnosis via Persistent World State	article	15590	7a0cfb6f0bbf80aa88afeffedf5cc4c2969d238b190dd94e708fcf6c3793b944	https://github.com/standardgalactic/research-projects/blob/cd5998d33ed0d460411607400b18789f3fbe262c/major_projects/CrystalEconomy/cinematic-reconstruction-v2.tex	draft/placeholder language or path
draft	standardgalactic/research-projects	major_projects/CrystalEconomy/cinematic-reconstruction-v3.tex	Cinematic Reconstruction [4pt] A Framework for Video Generation, Compression, and Diagnosis via Persistent World State	article	17569	3f42ba72fad5f508f737db71fbc986fe469caa664c62e8523d2753d254f6b686	https://github.com/standardgalactic/research-projects/blob/cd5998d33ed0d460411607400b18789f3fbe262c/major_projects/CrystalEconomy/cinematic-reconstruction-v3.tex	draft/placeholder language or path
draft	standardgalactic/research-projects	major_projects/CrystalEconomy/cinematic-reconstruction-v4.tex	Cinematic Reconstruction [4pt] A Framework for Video Generation, Compression, and Diagnosis via Persistent World State	article	19935	015f048052f6d128b831b93510633e127f2ef7bb3ef46b5258cdb6704ac1cf0b	https://github.com/standardgalactic/research-projects/blob/cd5998d33ed0d460411607400b18789f3fbe262c/major_projects/CrystalEconomy/cinematic-reconstruction-v4.tex	draft/placeholder language or path
draft	standardgalactic/research-projects	major_projects/CrystalEconomy/cinematic-reconstruction-v6.tex	Cinematic Reconstruction [4pt] A Framework for Video Generation, Compression, and Diagnosis via Persistent World State	article	21798	a8025b278c223a3188f59fbb85e450255eb8a801a9811bd3f28ae394f65d1652	https://github.com/standardgalactic/research-projects/blob/cd5998d33ed0d460411607400b18789f3fbe262c/major_projects/CrystalEconomy/cinematic-reconstruction-v6.tex	draft/placeholder language or path
draft	standardgalactic/research-projects	major_projects/CrystalEconomy/cinematic-reconstruction-v5.tex	Cinematic Reconstruction [4pt] A Framework for Video Generation, Compression, and Diagnosis via Persistent World State	article	22078	68ad5534ff5c9fd89543ca706784a640b20704c8e8cbbe7a23cc3dcd21cb6600	https://github.com/standardgalactic/research-projects/blob/cd5998d33ed0d460411607400b18789f3fbe262c/major_projects/CrystalEconomy/cinematic-reconstruction-v5.tex	draft/placeholder language or path
draft	standardgalactic/research-projects	major_projects/CrystalEconomy/cinematic-reconstruction-v7.tex	Cinematic Reconstruction [4pt] A Framework for Video Generation, Compression, and Diagnosis via Persistent World State	article	23261	0be05022f60fe950f920042d1bc7a53af033a5a30581795014dbbff910ef4f64	https://github.com/standardgalactic/research-projects/blob/cd5998d33ed0d460411607400b18789f3fbe262c/major_projects/CrystalEconomy/cinematic-reconstruction-v7.tex	draft/placeholder language or path
draft	standardgalactic/research-projects	epistemology/intelligence-as-structural-compression-draft-01.tex	Intelligence as Structural Compression: A Theory of Mind Recognition via Effective Assembly	article	3768	b593cd9728027c12ef783d743d6ad991ba273b5bafc3990becca9c7983e3d270	https://github.com/standardgalactic/research-projects/blob/cd5998d33ed0d460411607400b18789f3fbe262c/epistemology/intelligence-as-structural-compression-draft-01.tex	draft/placeholder language or path
standalone	standardgalactic/robotics	hierarchical_continuation.tex	Hierarchical Continuation and the Geometry of Locomotion	article	10228	27fa03b9c0f3b02b39152cd0b1581bb70a649bf8321aacf095b9f2a7619a968e	https://github.com/standardgalactic/robotics/blob/2aa6bc5ff61759fdd617860bcc76b9514397b543/hierarchical_continuation.tex	
standalone	standardgalactic/robotics	continuation_geometry_of_circuits.tex	The Continuation Geometry of Circuits	article	29775	e9a9722170d0c2974dd53d4e4839499455593fc2a86c0039d1ec81775dcaa08d	https://github.com/standardgalactic/robotics/blob/2aa6bc5ff61759fdd617860bcc76b9514397b543/continuation_geometry_of_circuits.tex	
standalone	standardgalactic/robotics	processing/hierarchical_continuation.tex	Hierarchical Continuation and the Geometry of Locomotion	article	10228	27fa03b9c0f3b02b39152cd0b1581bb70a649bf8321aacf095b9f2a7619a968e	https://github.com/standardgalactic/robotics/blob/2aa6bc5ff61759fdd617860bcc76b9514397b543/processing/hierarchical_continuation.tex	
standalone	standardgalactic/robotics	processing/continuation_geometry_of_circuits.tex	The Continuation Geometry of Circuits	article	29775	e9a9722170d0c2974dd53d4e4839499455593fc2a86c0039d1ec81775dcaa08d	https://github.com/standardgalactic/robotics/blob/2aa6bc5ff61759fdd617860bcc76b9514397b543/processing/continuation_geometry_of_circuits.tex	
standalone	standardgalactic/spherepop	prototypes/docs/computing-with-spherepop.tex	Computing with Spherepop: A Geometric Merge--Collapse Calculus	article	207	0f463d71f8a619707382288d668e99d6d5fcbd2164fd06f61cb8bda22b33fadc	https://github.com/standardgalactic/spherepop/blob/f188dc2b536cca28147aff8b31434ec46a48de8a/prototypes/docs/computing-with-spherepop.tex	
standalone	standardgalactic/spherepop	prototypes/docs/spherepop-racket-tutorial.tex	Spherepop in Racket: A Short Tutorial	article	96	751a44181f2772be59994a9c4bbb567fba8bc8466395550094a69d9fac7bab43	https://github.com/standardgalactic/spherepop/blob/f188dc2b536cca28147aff8b31434ec46a48de8a/prototypes/docs/spherepop-racket-tutorial.tex	
standalone	standardgalactic/spherepop	prototypes/docs/spherepop-python-tutorial.tex	Spherepop in Python: Usage and Development Notes	article	57	371cab322cb57d4d5b51789f8ecd7c6f9bf5ffa0a58650d7c4a1fa385f5b7b10	https://github.com/standardgalactic/spherepop/blob/f188dc2b536cca28147aff8b31434ec46a48de8a/prototypes/docs/spherepop-python-tutorial.tex	
standalone	standardgalactic/spherepop	prototypes/docs/spherepop-haskell-tutorial.tex	Spherepop in Haskell: Core and Parallel Variants	article	82	cf07dd461d732519c046aa9bace5729aeddbf9f6f75a8a5f89cf0c07a36fb7d9	https://github.com/standardgalactic/spherepop/blob/f188dc2b536cca28147aff8b31434ec46a48de8a/prototypes/docs/spherepop-haskell-tutorial.tex	
standalone	standardgalactic/spherepop	prototypes/roadmap.tex	A Roadmap for Implementing Utilities in Spherepop Calculus	article	774	dd9bc6510f8efa93d5c68b94bab56eadf3c390b5d918d5916b6de4e513a86592	https://github.com/standardgalactic/spherepop/blob/f188dc2b536cca28147aff8b31434ec46a48de8a/prototypes/roadmap.tex	
standalone	standardgalactic/spherepop	prototypes/canonicalization.tex	: A Canonicalization Utility for Spherepop OS	article	552	17d1742873e83ec7b52b9e570f00e6eee23bbb498f4dda223bb923cabd084b6a	https://github.com/standardgalactic/spherepop/blob/f188dc2b536cca28147aff8b31434ec46a48de8a/prototypes/canonicalization.tex	
standalone	standardgalactic/spherepop	Spherepop-OS.tex	Spherepop OS: A Deterministic Semantic Operating System\ Formal Specification and Architectural Rationale	article	2271	7042adff166cd5647d7cb8a5acbaf25193110d3ce443f223bd698d6a200e632a	https://github.com/standardgalactic/spherepop/blob/f188dc2b536cca28147aff8b31434ec46a48de8a/Spherepop-OS.tex	
standalone	standardgalactic/spherepop	processing/monograph.tex	Geometry of Spherepop 0.4em A Recursive Geometry of Coherence in the RSVP Framework 0.4em With Applications to AGI Safety, Trust, and the Paradox of Precaution	article	2588	9369d81a2eb18db2a57f9e006f19cd40578601e913879b67e72b8bc060c59d53	https://github.com/standardgalactic/spherepop/blob/f188dc2b536cca28147aff8b31434ec46a48de8a/processing/monograph.tex	
draft	standardgalactic/spherepop	essay/draft-01/essay.tex	Spherepop Calculus: A Geometric and Probabilistic Extension of Lambda Calculus	article	1072	a632dea2c76363e4ef2953c6c737c2aa8bbdefc1a40f589d3ed52c64e6b2cce8	https://github.com/standardgalactic/spherepop/blob/f188dc2b536cca28147aff8b31434ec46a48de8a/essay/draft-01/essay.tex	draft/placeholder language or path
standalone	standardgalactic/spherepop	essay/spherepop_calculus.tex	Spherepop Calculus: Internalizing Probability, Concurrency, and Geometry	article	592	9456454f0b9a0da8efa101638302ceb9b98c98dd47207aa2357c0edd5ccc76ca	https://github.com/standardgalactic/spherepop/blob/f188dc2b536cca28147aff8b31434ec46a48de8a/essay/spherepop_calculus.tex	
standalone	standardgalactic/spherepop	processing/essay.tex	Spherepop: A Language for Geometric Computation Unified Rigorous Specification	article	3600	3a7ed515e7c9502d069619646517147c0866000db814391945d340d09c00d231	https://github.com/standardgalactic/spherepop/blob/f188dc2b536cca28147aff8b31434ec46a48de8a/processing/essay.tex	
standalone	standardgalactic/spherepop	Scope as Geometry.tex	Scope as Geometry in Time-Bound Systems A History-First Foundation for Computation and Meaning	article	7115	21a0d161001245015c014fb2bd3cafff247e412c716f020701755d104cfe81c3	https://github.com/standardgalactic/spherepop/blob/f188dc2b536cca28147aff8b31434ec46a48de8a/Scope as Geometry.tex	
standalone	standardgalactic/spherepop	processing/adaptive-trust/Adaptive_Trust_Dynamics_Corpus/index.tex	Adaptive Trust Dynamics Corpus	article	55	b5c9f83f52680f43e0d52cd976dfb8ab1e3a7ea84e79306bac5799ed247d7d9b	https://github.com/standardgalactic/spherepop/blob/f188dc2b536cca28147aff8b31434ec46a48de8a/processing/adaptive-trust/Adaptive_Trust_Dynamics_Corpus/index.tex	
standalone	standardgalactic/spherepop	Joy-of-Spherepop.tex	The Joy of Spherepop: An Event--History Calculus for a Finite World	article	13936	aa721ebdf902aac39759c23c45742932a4c9cac948211f4dd577c42cd56a066e	https://github.com/standardgalactic/spherepop/blob/f188dc2b536cca28147aff8b31434ec46a48de8a/Joy-of-Spherepop.tex	
standalone	standardgalactic/spherepop	Throwing-the-game.tex	Throwing the Game: Refusal, Event-Driven Cognition, and the Survival of Value Beyond Autoregressive Intelligence	article	8083	ba8fbd24029a6cbf9fd041672cd584ff0d5b0fca9776c81a8a8d7b436999ee1d	https://github.com/standardgalactic/spherepop/blob/f188dc2b536cca28147aff8b31434ec46a48de8a/Throwing-the-game.tex	
untitled-document	standardgalactic/spherepop	entropy_of_austerity.tex		article	3397	65001e62e2434c9a9995b3a43c052f9ccaafcc98f05c8ec6469d181311fdc315	https://github.com/standardgalactic/spherepop/blob/f188dc2b536cca28147aff8b31434ec46a48de8a/entropy_of_austerity.tex	documentclass present but no title found
standalone	standardgalactic/spherepop	History as Identity.tex	History as Identity: The Append-Only Algebra of Spherepop	article	8013	8450f4940e83dea177d3274a8758f93a81e9096b58d8955466c48177688aa0e5	https://github.com/standardgalactic/spherepop/blob/f188dc2b536cca28147aff8b31434ec46a48de8a/History as Identity.tex	
standalone	standardgalactic/spherepop	throwing_the_game_v2.tex	Throwing the Game: Refusal, Event-Driven Cognition, and the Survival of Value Beyond Autoregressive Intelligence	article	12336	d3f6f05bcaa1b2ebbd881cfa676d57a78dc194542a746fd136f95f02063d9691	https://github.com/standardgalactic/spherepop/blob/f188dc2b536cca28147aff8b31434ec46a48de8a/throwing_the_game_v2.tex	
standalone	standardgalactic/spherepop	Operational-Mereology.tex	From Sets to Parts: Operational Mereology via Event--Sourced Semantics	article	6880	a4541eb6190198c50668d1087d46939cbec29def70ff6868895dd8bd2f58fdf9	https://github.com/standardgalactic/spherepop/blob/f188dc2b536cca28147aff8b31434ec46a48de8a/Operational-Mereology.tex	
standalone	standardgalactic/spherepop	spherepop-foundations.tex	Spherepop Calculus and Amplitwistor Computation: A Geometric--Thermodynamic Foundation for AI	article	7773	e19daf410e04e7f733e9c6dac8101aa6589c95c5f6be267c51e9a4a1b220ebb7	https://github.com/standardgalactic/spherepop/blob/f188dc2b536cca28147aff8b31434ec46a48de8a/spherepop-foundations.tex	
standalone	standardgalactic/spherepop	The Forkability of Time.tex	The Forkability of Time	article	5365	a3e3b3c2195bf50e34bda2b921fb98bbd71f7aee1b5c69f277fc05bec3f528fc	https://github.com/standardgalactic/spherepop/blob/f188dc2b536cca28147aff8b31434ec46a48de8a/The Forkability of Time.tex	
draft	standardgalactic/spherepop	essay/draft-01/spherepop_calculus.tex	Spherepop Calculus: Internalizing Probability, Concurrency, and Geometry	article	706	b249bf564a44fe2111d3bd52531c7a82200f7afe3bd2dfd6aca0d5f0692ae9ee	https://github.com/standardgalactic/spherepop/blob/f188dc2b536cca28147aff8b31434ec46a48de8a/essay/draft-01/spherepop_calculus.tex	draft/placeholder language or path
draft	standardgalactic/spherepop	intelligence-explosion.tex	Globally Persistent Recomposable Thought [4pt] GitHub, the Intelligence Explosion, and the Admissibility Geometry of Collective Cognition	article	14765	8750cf597abef28e0372ccf5608e0d692ae32df5d6b257394bc59c84bb8281b7	https://github.com/standardgalactic/spherepop/blob/f188dc2b536cca28147aff8b31434ec46a48de8a/intelligence-explosion.tex	draft/placeholder language or path
standalone	standardgalactic/spherepop	the-autonomy-of-refusal.tex	The Autonomy of Refusal: Abstraction, Agency, and the Limits of Scalable Intelligence	article	8772	8ba0850636e5edbf7e11c14c5769c082a3b23ee24167b17729dff401b33eada3	https://github.com/standardgalactic/spherepop/blob/f188dc2b536cca28147aff8b31434ec46a48de8a/the-autonomy-of-refusal.tex	
standalone	standardgalactic/spherepop	Spherepop_Specifications.tex	Spherepop: A Language for Geometric Computation Unified Specification	article	5790	b0c756e7cfb412570db37cb4999ba12b1ffc6fedb638588c7532a8f45637da1e	https://github.com/standardgalactic/spherepop/blob/f188dc2b536cca28147aff8b31434ec46a48de8a/Spherepop_Specifications.tex	
standalone	standardgalactic/spherepop	History as Identity - v01.tex	History as Identity: The Append-Only Algebra of Spherepop	article	4924	bf212cdf130bc764c9ba67281d253594bd140b9395fdac2ef22d0ec00e6c7584	https://github.com/standardgalactic/spherepop/blob/f188dc2b536cca28147aff8b31434ec46a48de8a/History as Identity - v01.tex	
standalone	standardgalactic/spherepop	History as Identity - v02.tex	History as Identity: The Append-Only Algebra of Spherepop	article	5920	edfedd1d50eae539f2a58776b9f39bf50eb9d99f8da5fd2159adea0aa09627ec	https://github.com/standardgalactic/spherepop/blob/f188dc2b536cca28147aff8b31434ec46a48de8a/History as Identity - v02.tex	
draft	standardgalactic/spherepop	computing-with-spherepop.tex	Computing with Spherepop: Foundations of Geometric Merge--Collapse Computation	article	13414	32e1eb21a444ecb6b8de2bfabe10ce3b27bf16e3f906d8103ba97ec8d1b61e7b	https://github.com/standardgalactic/spherepop/blob/f188dc2b536cca28147aff8b31434ec46a48de8a/computing-with-spherepop.tex	draft/placeholder language or path
standalone	standardgalactic/spherepop	Computation After Storage.tex	Computation After Storage: Toward an Entropic Theory of Semantic Infrastructure	article	8117	04a15e2e943ba8027f72eae3b91ec9e14fa3f386687106b1dc4ee88077755170	https://github.com/standardgalactic/spherepop/blob/f188dc2b536cca28147aff8b31434ec46a48de8a/Computation After Storage.tex	
draft	standardgalactic/spherepop	Joy-of-Spherepop-draft-01.tex	The Joy of Spherepop: An Event--History Calculus for a Finite World	article	11266	59774a8063fd83168c7dab93d7ffafc48c4938c163cb1db6fa161f9868d68369	https://github.com/standardgalactic/spherepop/blob/f188dc2b536cca28147aff8b31434ec46a48de8a/Joy-of-Spherepop-draft-01.tex	draft/placeholder language or path
draft	standardgalactic/spherepop	working/execution history.tex	Execution, History, and Reduction: A Minimal Operational Kernel for Computation	article	11448	31dceafdfb6b7a9649302cff53ff1f9ea97661881426b85dc59337c9fb0bf489	https://github.com/standardgalactic/spherepop/blob/f188dc2b536cca28147aff8b31434ec46a48de8a/working/execution history.tex	draft/placeholder language or path
standalone	standardgalactic/spherepop	Introducción a Spherepop.tex	Introducción a Spherepop Un cálculo de historia de eventos	article	13148	98ffb342b39d72c41e2e0e290f21bc3290ddb097946d5a36b97b2eeb70005cc5	https://github.com/standardgalactic/spherepop/blob/f188dc2b536cca28147aff8b31434ec46a48de8a/Introducción a Spherepop.tex	
standalone	standardgalactic/spherepop	Active Geodesic Inference.tex	Active Geodesic Inference Reasoning as Field Dynamics, Synchronization, and Semantic Folding	article	15065	2543dc8cb3e0f6bda5d9dccc9ab6932601acac1a9612c9c0dce73177cde78473	https://github.com/standardgalactic/spherepop/blob/f188dc2b536cca28147aff8b31434ec46a48de8a/Active Geodesic Inference.tex	
standalone	standardgalactic/spherepop	textbook/repairing-futures.tex	Repairing Futures [0.6em] Admissible Continuation, Historical Reconstruction, and Diffusion-Based Physical Simulation	article	8067	09209b3daa425d7684220a3fc3882bcff80632d3b6fb845ab90540d648ff1979	https://github.com/standardgalactic/spherepop/blob/f188dc2b536cca28147aff8b31434ec46a48de8a/textbook/repairing-futures.tex	
standalone	standardgalactic/spherepop	identity_as_event_history.tex	Identity as Event History [0.4em] Irreversibility, Commitment, and the Ontology of Irreversible Processes	article	24733	a60908a1657d0eb76ce5cc0ee598eb4ccb659809d2b1244f98e404f52479041f	https://github.com/standardgalactic/spherepop/blob/f188dc2b536cca28147aff8b31434ec46a48de8a/identity_as_event_history.tex	
draft	standardgalactic/spherepop	The Calculus of Commitment.tex	The Calculus of Commitment A Structural Theory of Computation	article	12339	8774f5d9815375cfa0844adfb03d0dce33f791cae41b3b1ca58e3116ae85381c	https://github.com/standardgalactic/spherepop/blob/f188dc2b536cca28147aff8b31434ec46a48de8a/The Calculus of Commitment.tex	draft/placeholder language or path
standalone	standardgalactic/spherepop	Structured Irreversibility.tex	Structured Irreversibility Discrete Rewriting and Coherence Realization	article	10997	823cd4c808a12fdd45ad40968e8c1a0282f0e26af96e6fd1a8f7892888f18b71	https://github.com/standardgalactic/spherepop/blob/f188dc2b536cca28147aff8b31434ec46a48de8a/Structured Irreversibility.tex	
standalone	standardgalactic/spherepop	textbook/language_as_generator.tex	Language Is Not a Lookup Table [0.5em] On Generativity, Combinatorics, and the Poverty of Phrase-Based Authorship Detection	article	5726	d30e430d5033ecf4e2c3637aa34215387d9880443f20e98b7d5eb4ca3e91f419	https://github.com/standardgalactic/spherepop/blob/f188dc2b536cca28147aff8b31434ec46a48de8a/textbook/language_as_generator.tex	
standalone	standardgalactic/spherepop	processing/geometry/monograph.tex	Geometry of Spherepop 0.4em A Recursive Geometry of Coherence in the RSVP Framework 0.4em With Applications to AGI Safety, Trust, and the Paradox of Precaution	article	8809	65d6e69885fab8eae078d957e56b6a128d77b28be0f21f44766881344b4dc810	https://github.com/standardgalactic/spherepop/blob/f188dc2b536cca28147aff8b31434ec46a48de8a/processing/geometry/monograph.tex	
standalone	standardgalactic/spherepop	textbook/refusal-structures.tex	Types as Refusal Structures Toward a Calculus of Constructions in Spherepop	article	29416	c7bb73e521833819b4fa3acd30d80f9ce06623611801da04ce2dbbe83f9d222c	https://github.com/standardgalactic/spherepop/blob/f188dc2b536cca28147aff8b31434ec46a48de8a/textbook/refusal-structures.tex	
draft	standardgalactic/spherepop	textbook/ecology-of-thought.tex	The Ecology of Thought [0.8em] Environment as a Persistent Computational Structure	article	34596	7a0130dda4c90f7e808b35c471f911cd532b586f023ca99a048338dd7a25c2ef	https://github.com/standardgalactic/spherepop/blob/f188dc2b536cca28147aff8b31434ec46a48de8a/textbook/ecology-of-thought.tex	draft/placeholder language or path
standalone	standardgalactic/spherepop	monograph/spherepop-calculus.tex	Spherepop Calculus	article	7815	25bd0b022d42919c63cb0c95e5d06fb88da043dde65b76886d56727e465c301f	https://github.com/standardgalactic/spherepop/blob/f188dc2b536cca28147aff8b31434ec46a48de8a/monograph/spherepop-calculus.tex	
standalone	standardgalactic/spherepop	textbook/beyond-parentheses.tex	Beyond Parentheses: [0.4em] A Geometric Foundation for Concurrent Computation through the Spherepop Calculus [1.2em] Evaluation as the Construction of Irreversible Computational Histories	article	32096	bf69c84a32f836a223025ff0f66f4db56afe33ed6b4b8fedd45a1f3dd46ed0a6	https://github.com/standardgalactic/spherepop/blob/f188dc2b536cca28147aff8b31434ec46a48de8a/textbook/beyond-parentheses.tex	
standalone	standardgalactic/spherepop	Event-historical Aggregation.tex	Event--Historical Aggregation: Map--Reduce as Commitment in Spherepop	article	10415	a35f866a0624b6b153d1d65fc32473255feac462820aac8c055ed80ab7a7805d	https://github.com/standardgalactic/spherepop/blob/f188dc2b536cca28147aff8b31434ec46a48de8a/Event-historical Aggregation.tex	
standalone	standardgalactic/spherepop	identity_as_event_history-v1.tex	Identity as Event History: A Worked Introduction to Spherepop	article	13443	66abf21af62479b1884b8f759086a910b00814a13ce9841d1de2cf3f924b683f	https://github.com/standardgalactic/spherepop/blob/f188dc2b536cca28147aff8b31434ec46a48de8a/identity_as_event_history-v1.tex	
standalone	standardgalactic/spherepop	Spherepop Trajectory Collapse.tex	Spherepop Trajectory Collapse: A First-Person Game for Visualizing Semantic Uncertainty	article	10334	554067a8be3cab78bdd1066a1e06d26b076c4b3f99784a15309f9c3880ded269	https://github.com/standardgalactic/spherepop/blob/f188dc2b536cca28147aff8b31434ec46a48de8a/Spherepop Trajectory Collapse.tex	
standalone	standardgalactic/spherepop	textbook/rotation_admissibility.tex	Rotation Before Number: Admissibility, Geometry, and the Quotient Structure of Quantum Mechanics	article	4499	bac6ba1cb900e334d6c251bfc2752413145a2f1433bdba46a3748a1f641117e3	https://github.com/standardgalactic/spherepop/blob/f188dc2b536cca28147aff8b31434ec46a48de8a/textbook/rotation_admissibility.tex	
standalone	standardgalactic/spherepop	textbook/negation-before-logic.tex	Negation Before Logic: Inferential Fields, Orientation Reversal, and the Geometry of Admissible Inference	article	22152	cc5d1d789da1244b016e60cbdb37edfac13654539dce9189a9e183027e8a5d4e	https://github.com/standardgalactic/spherepop/blob/f188dc2b536cca28147aff8b31434ec46a48de8a/textbook/negation-before-logic.tex	
standalone	standardgalactic/spherepop	processing/adaptive-trust/corpus.tex	Trust Dynamics: Complete Corpus [0.5em] First Cycle (Essays 1--20) $$ Renewal Sequence (Essays 1--20)	article	2742	68bd7462c2687f299df75d29cbdd007012bf056be976f82cd75465207d32e466	https://github.com/standardgalactic/spherepop/blob/f188dc2b536cca28147aff8b31434ec46a48de8a/processing/adaptive-trust/corpus.tex	
standalone	standardgalactic/spherepop	prototypes/Operational-Mereology.tex	From Sets to Parts: Operational Mereology via Event--Sourced Semantics	article	5243	e13c07880365c59d5a38499aa97590e3a6f2fa3cdf2b5f1b5ab7094d7946d15e	https://github.com/standardgalactic/spherepop/blob/f188dc2b536cca28147aff8b31434ec46a48de8a/prototypes/Operational-Mereology.tex	
standalone	standardgalactic/spherepop	textbook/dependent-type-theory.tex	Building a Type Calculus and the Calculus of Constructions in Spherepop A Historical Foundation for Dependent Type Theory	article	33373	b1c34890e7b402ff0b1d9a91956a9d80146d4c07ba7b7bf9275ef3e7d50860c3	https://github.com/standardgalactic/spherepop/blob/f188dc2b536cca28147aff8b31434ec46a48de8a/textbook/dependent-type-theory.tex	
standalone	standardgalactic/spherepop	processing/adaptive-trust/Adaptive_Trust_Dynamics_Corpus/Cycle2_Renewal/essay_2_17.tex	Negentropic Care in AI Evolution: Spectrum Thresholds for Mutual Adaptation	article	48	69dbe6a606ed271232486b5b035818ed61a4310c2125dfd474b6d97bdf366d8e	https://github.com/standardgalactic/spherepop/blob/f188dc2b536cca28147aff8b31434ec46a48de8a/processing/adaptive-trust/Adaptive_Trust_Dynamics_Corpus/Cycle2_Renewal/essay_2_17.tex	
standalone	standardgalactic/spherepop	processing/adaptive-trust/Adaptive_Trust_Dynamics_Corpus/Cycle2_Renewal/essay_2_19.tex	Trust Optimization in Biotech Ecosystems: SITH for Entropy-Regulated Innovation	article	47	e5a9854c57f549c9fc94cf817e952100c79302c97f0c1ffee6e434825b4e068a	https://github.com/standardgalactic/spherepop/blob/f188dc2b536cca28147aff8b31434ec46a48de8a/processing/adaptive-trust/Adaptive_Trust_Dynamics_Corpus/Cycle2_Renewal/essay_2_19.tex	
standalone	standardgalactic/spherepop	processing/adaptive-trust/Adaptive_Trust_Dynamics_Corpus/Cycle2_Renewal/essay_2_07.tex	Entropy-Limited Myths in Digital Cultures: Bounded Recursion for Narrative Sustainability	article	48	4ca34a5cd80bb87b7d7792fa418d7d1a6df1898d03aecd540a8ea87ff314f07f	https://github.com/standardgalactic/spherepop/blob/f188dc2b536cca28147aff8b31434ec46a48de8a/processing/adaptive-trust/Adaptive_Trust_Dynamics_Corpus/Cycle2_Renewal/essay_2_07.tex	
standalone	standardgalactic/spherepop	processing/adaptive-trust/Adaptive_Trust_Dynamics_Corpus/Cycle2_Renewal/essay_2_04.tex	Evolutionary Attention Dynamics: Cladistic Pathways in Adaptive Learning Networks	article	47	afd972cc94d54c621dc1c54434493c99483b3dc152dd8b27b8efeeb3c5f6db4a	https://github.com/standardgalactic/spherepop/blob/f188dc2b536cca28147aff8b31434ec46a48de8a/processing/adaptive-trust/Adaptive_Trust_Dynamics_Corpus/Cycle2_Renewal/essay_2_04.tex	
standalone	standardgalactic/spherepop	processing/adaptive-trust/Adaptive_Trust_Dynamics_Corpus/Cycle2_Renewal/essay_2_03.tex	Tensorial Ethics in Recursive Markets: Curvature Metrics for Fair Futarchy	article	48	f573ffffb205a3074e279a46b46183f48c2a7f8ae26b4b033496ce95e4a8dfd9	https://github.com/standardgalactic/spherepop/blob/f188dc2b536cca28147aff8b31434ec46a48de8a/processing/adaptive-trust/Adaptive_Trust_Dynamics_Corpus/Cycle2_Renewal/essay_2_03.tex	
standalone	standardgalactic/spherepop	processing/adaptive-trust/Adaptive_Trust_Dynamics_Corpus/Cycle2_Renewal/essay_2_11.tex	Homotopy Throttles in Knowledge Amplification: Sustainable Semantic Scaling	article	46	91e326927e7cb358aa47431cccec7d7a206464fb909739cab64b0ca1d654628a	https://github.com/standardgalactic/spherepop/blob/f188dc2b536cca28147aff8b31434ec46a48de8a/processing/adaptive-trust/Adaptive_Trust_Dynamics_Corpus/Cycle2_Renewal/essay_2_11.tex	
standalone	standardgalactic/spherepop	processing/adaptive-trust/Adaptive_Trust_Dynamics_Corpus/Cycle2_Renewal/essay_2_15.tex	Institutional Cosmology: Entropy Equations for Organizational Longevity	article	45	1d728cf13eca37e938dbf55e5fec5234410276c6e3130ccd3c195aa43ba31ed2	https://github.com/standardgalactic/spherepop/blob/f188dc2b536cca28147aff8b31434ec46a48de8a/processing/adaptive-trust/Adaptive_Trust_Dynamics_Corpus/Cycle2_Renewal/essay_2_15.tex	
standalone	standardgalactic/spherepop	processing/adaptive-trust/Adaptive_Trust_Dynamics_Corpus/Cycle2_Renewal/essay_2_14.tex	Interpretive Temperature in Automated Narratives: Yarncrawler for Coherent Generation	article	47	e14074f78d75373ae4860abe09edead1bc7e5157a9871d1e552e27c7d254055f	https://github.com/standardgalactic/spherepop/blob/f188dc2b536cca28147aff8b31434ec46a48de8a/processing/adaptive-trust/Adaptive_Trust_Dynamics_Corpus/Cycle2_Renewal/essay_2_14.tex	
standalone	standardgalactic/spherepop	processing/adaptive-trust/Adaptive_Trust_Dynamics_Corpus/Cycle2_Renewal/essay_2_16.tex	Temporal Synchronization in Multi-Agent Agency: CLIO Operators for Detection	article	47	c4bf30d60b9fcdf92edf5cf61660141401fe565407559f9e77fe8a7066b0e48a	https://github.com/standardgalactic/spherepop/blob/f188dc2b536cca28147aff8b31434ec46a48de8a/processing/adaptive-trust/Adaptive_Trust_Dynamics_Corpus/Cycle2_Renewal/essay_2_16.tex	
standalone	standardgalactic/spherepop	processing/adaptive-trust/Adaptive_Trust_Dynamics_Corpus/Cycle2_Renewal/essay_2_06.tex	Energy–Trust Duality in Geozotic Networks: Hysteresis in Sustainable Power Sharing	article	48	b433e848dbd1166f9cc943f48074a53a27371e94d5a2ad5d81bf7db5340b431e	https://github.com/standardgalactic/spherepop/blob/f188dc2b536cca28147aff8b31434ec46a48de8a/processing/adaptive-trust/Adaptive_Trust_Dynamics_Corpus/Cycle2_Renewal/essay_2_06.tex	
standalone	standardgalactic/spherepop	processing/adaptive-trust/Adaptive_Trust_Dynamics_Corpus/Cycle2_Renewal/essay_2_08.tex	Signal Correction in Punitive Socio-Fields: RSVP for Restorative Justice	article	47	0dfd0d73eba58902e9af41833ba161c33deed9686103cc499cd2ebbbc943aff4	https://github.com/standardgalactic/spherepop/blob/f188dc2b536cca28147aff8b31434ec46a48de8a/processing/adaptive-trust/Adaptive_Trust_Dynamics_Corpus/Cycle2_Renewal/essay_2_08.tex	
standalone	standardgalactic/spherepop	processing/adaptive-trust/Adaptive_Trust_Dynamics_Corpus/Cycle2_Renewal/essay_2_18.tex	Policy Alignment via Homotopy: Governance in Layered Recursions	article	46	b89376419a2de291ebe619229efd66af0e239711aaa6eb871781a8423b55ea9e	https://github.com/standardgalactic/spherepop/blob/f188dc2b536cca28147aff8b31434ec46a48de8a/processing/adaptive-trust/Adaptive_Trust_Dynamics_Corpus/Cycle2_Renewal/essay_2_18.tex	
standalone	standardgalactic/spherepop	processing/adaptive-trust/Adaptive_Trust_Dynamics_Corpus/Cycle2_Renewal/essay_2_09.tex	Neurogeometric Phase Alignment: Amplitwist Applications in Cognitive Interfaces	article	46	ea34bb751d8dce839a3813ee033c83a76f7e9a8ce0e50271b8fae4379f67eef6	https://github.com/standardgalactic/spherepop/blob/f188dc2b536cca28147aff8b31434ec46a48de8a/processing/adaptive-trust/Adaptive_Trust_Dynamics_Corpus/Cycle2_Renewal/essay_2_09.tex	
standalone	standardgalactic/spherepop	processing/adaptive-trust/Adaptive_Trust_Dynamics_Corpus/Cycle2_Renewal/essay_2_10.tex	Fractal Agency in Ecological Triads: Entropy Coherence Across Scales	article	47	66cbfe5ff32e7eaf2cda0996c374bed3e1433a6b6c82375891d6ed431dae0467	https://github.com/standardgalactic/spherepop/blob/f188dc2b536cca28147aff8b31434ec46a48de8a/processing/adaptive-trust/Adaptive_Trust_Dynamics_Corpus/Cycle2_Renewal/essay_2_10.tex	
standalone	standardgalactic/spherepop	processing/adaptive-trust/Adaptive_Trust_Dynamics_Corpus/Cycle2_Renewal/essay_2_01.tex	Negentropic Shocks in Institutional Renewal: Overcoming Hysteresis in Bureaucratic Systems	article	48	97064c1197249cfb3cf74e6b9131e21b4465ebca706b6ae5b12ef7453ebb89ca	https://github.com/standardgalactic/spherepop/blob/f188dc2b536cca28147aff8b31434ec46a48de8a/processing/adaptive-trust/Adaptive_Trust_Dynamics_Corpus/Cycle2_Renewal/essay_2_01.tex	
standalone	standardgalactic/spherepop	processing/adaptive-trust/Adaptive_Trust_Dynamics_Corpus/Cycle2_Renewal/essay_2_05.tex	Presheaf Repair in Fragmented Cognition: Operator Ecology for Mental Integration	article	48	72dc2e14bb8153b0925e26bbe1c066bdf8eb35e65cd2f63b611d7403e23be4ef	https://github.com/standardgalactic/spherepop/blob/f188dc2b536cca28147aff8b31434ec46a48de8a/processing/adaptive-trust/Adaptive_Trust_Dynamics_Corpus/Cycle2_Renewal/essay_2_05.tex	
standalone	standardgalactic/spherepop	processing/adaptive-trust/Adaptive_Trust_Dynamics_Corpus/Cycle2_Renewal/essay_2_02.tex	Phase-Lock Collapse in Collaborative AI: Entropy Bounds on Multi-Model Consensus	article	48	ff6c995671288eb5179cbda32213920a52490d92807509160be1272cca5c2642	https://github.com/standardgalactic/spherepop/blob/f188dc2b536cca28147aff8b31434ec46a48de8a/processing/adaptive-trust/Adaptive_Trust_Dynamics_Corpus/Cycle2_Renewal/essay_2_02.tex	
standalone	standardgalactic/spherepop	processing/adaptive-trust/Adaptive_Trust_Dynamics_Corpus/Cycle2_Renewal/essay_2_13.tex	Narrative Coherence in Media Ecologies: Operator Dynamics for Generative Stories	article	48	a1b5bfd8ad554ed6020641b30eba63b64ab28a7724eca54d2022fa8d863860b8	https://github.com/standardgalactic/spherepop/blob/f188dc2b536cca28147aff8b31434ec46a48de8a/processing/adaptive-trust/Adaptive_Trust_Dynamics_Corpus/Cycle2_Renewal/essay_2_13.tex	
standalone	standardgalactic/spherepop	processing/adaptive-trust/Adaptive_Trust_Dynamics_Corpus/Cycle2_Renewal/essay_2_12.tex	Curvature Symmetry in Social Liberation: Field-Theoretic Dismantling of Hierarchies	article	47	f08a027d524b0fb5c99ca6ac542fe5eeca36bdc976481f0b1fd31b93ea3bf76f	https://github.com/standardgalactic/spherepop/blob/f188dc2b536cca28147aff8b31434ec46a48de8a/processing/adaptive-trust/Adaptive_Trust_Dynamics_Corpus/Cycle2_Renewal/essay_2_12.tex	
standalone	standardgalactic/spherepop	processing/adaptive-trust/Adaptive_Trust_Dynamics_Corpus/Cycle2_Renewal/essay_2_20.tex	Cultural Narrative Bounds: Preventing Singularity in Evolutionary Myths	article	46	11108a4c209fd17c6ab165276d7a037da0bc06e6952c2443a209f470a73ec0d4	https://github.com/standardgalactic/spherepop/blob/f188dc2b536cca28147aff8b31434ec46a48de8a/processing/adaptive-trust/Adaptive_Trust_Dynamics_Corpus/Cycle2_Renewal/essay_2_20.tex	
standalone	standardgalactic/spherepop	Introducción a Spherepop - v01.tex	Introducción a Spherepop Un cálculo de historia de eventos	article	13496	f2a25c5742dbf026b3b7ca522410d4a9e7d5568d837d6034a281f8178815f3e9	https://github.com/standardgalactic/spherepop/blob/f188dc2b536cca28147aff8b31434ec46a48de8a/Introducción a Spherepop - v01.tex	
standalone	standardgalactic/spherepop	history/The History of Spherepop.tex	The History of Spherepop: From Language Games to Universal Computation	article	9285	73894af117ad9fdffefc767aea094880a8519aabe1ceae5cc960926e62938946	https://github.com/standardgalactic/spherepop/blob/f188dc2b536cca28147aff8b31434ec46a48de8a/history/The History of Spherepop.tex	
draft	standardgalactic/spherepop	dynamics/spherepop_scope_dynamics.tex		article	10027	b90385d71a06520e2050a3a10fdf19f9ecf40073dd6c3bbba90890ae1719dfe0	https://github.com/standardgalactic/spherepop/blob/f188dc2b536cca28147aff8b31434ec46a48de8a/dynamics/spherepop_scope_dynamics.tex	draft/placeholder language or path
standalone	standardgalactic/spherepop	processing/adaptive-trust/monograph.tex	Trust Dynamics Exhibit Hysteresis [0.5em] Implications for AI Governance and Institutional Design	article	2461	d00d90450501106d54a1c23953eab2c6397f42be84c306087aad612f15548057	https://github.com/standardgalactic/spherepop/blob/f188dc2b536cca28147aff8b31434ec46a48de8a/processing/adaptive-trust/monograph.tex	
standalone	standardgalactic/spherepop	processing/adaptive-trust/Adaptive_Trust_Dynamics_Corpus/Cycle1_Diagnosis/essay_1_05.tex	Sheaf-Theoretic Coherence in Distributed Cognition: Bridging RSVP and Operator Ecology	article	48	4b4884536489eca973a1e2c37b257e9cf0ef119db4b55af6bcba803e0cbc4e2c	https://github.com/standardgalactic/spherepop/blob/f188dc2b536cca28147aff8b31434ec46a48de8a/processing/adaptive-trust/Adaptive_Trust_Dynamics_Corpus/Cycle1_Diagnosis/essay_1_05.tex	
standalone	standardgalactic/spherepop	processing/adaptive-trust/Adaptive_Trust_Dynamics_Corpus/Cycle1_Diagnosis/essay_1_04.tex	Attentional Cladistics Revisited: Evolutionary Thresholds in Multi-Agent Learning Environments	article	47	630a816a682810aa9410c780c90e3261bd470c90fb3931998cd8d4732aca2e06	https://github.com/standardgalactic/spherepop/blob/f188dc2b536cca28147aff8b31434ec46a48de8a/processing/adaptive-trust/Adaptive_Trust_Dynamics_Corpus/Cycle1_Diagnosis/essay_1_04.tex	
standalone	standardgalactic/spherepop	processing/adaptive-trust/Adaptive_Trust_Dynamics_Corpus/Cycle1_Diagnosis/essay_1_08.tex	Punitive Signals in Socio-Symbolic Fields: A RSVP Intervention for Governance Reform	article	49	2c0ebf73c6a0aea7f8562e31910895523f2c304c8409019df886ec515387194d	https://github.com/standardgalactic/spherepop/blob/f188dc2b536cca28147aff8b31434ec46a48de8a/processing/adaptive-trust/Adaptive_Trust_Dynamics_Corpus/Cycle1_Diagnosis/essay_1_08.tex	
standalone	standardgalactic/spherepop	processing/adaptive-trust/Adaptive_Trust_Dynamics_Corpus/Cycle1_Diagnosis/essay_1_16.tex	Multi-Scale Temporal Dynamics in Agency Detection: From Assembly to Forest-Scale Cognition	article	49	588d9af7f2e58259bd1a9837cf29d4ba6399bfcdc28fb9e9c29492de2342c5a3	https://github.com/standardgalactic/spherepop/blob/f188dc2b536cca28147aff8b31434ec46a48de8a/processing/adaptive-trust/Adaptive_Trust_Dynamics_Corpus/Cycle1_Diagnosis/essay_1_16.tex	
standalone	standardgalactic/spherepop	processing/adaptive-trust/Adaptive_Trust_Dynamics_Corpus/Cycle1_Diagnosis/essay_1_19.tex	Entropy-Regulated Permeability in Bioforge Incubators: Trust in Biotechnological Networks	article	47	33bbd3925efb62be2fba5caeb901b5a245e2af29700709ca48b33e781caa0013	https://github.com/standardgalactic/spherepop/blob/f188dc2b536cca28147aff8b31434ec46a48de8a/processing/adaptive-trust/Adaptive_Trust_Dynamics_Corpus/Cycle1_Diagnosis/essay_1_19.tex	
standalone	standardgalactic/spherepop	processing/adaptive-trust/Adaptive_Trust_Dynamics_Corpus/Cycle1_Diagnosis/essay_1_17.tex	The Care–Domestication Spectrum: Thresholds in AI-Human Evolutionary Creativity	article	46	d62b3697ecc4f094647b24282805c9fc343e977fd3946c394d0ed9e0f8f1f0c9	https://github.com/standardgalactic/spherepop/blob/f188dc2b536cca28147aff8b31434ec46a48de8a/processing/adaptive-trust/Adaptive_Trust_Dynamics_Corpus/Cycle1_Diagnosis/essay_1_17.tex	
standalone	standardgalactic/spherepop	processing/adaptive-trust/Adaptive_Trust_Dynamics_Corpus/Cycle1_Diagnosis/essay_1_03.tex	Curvature Contraction in Ethical Futarchies: A Field-Theoretic Approach to Moral Decision-Making	article	49	3593835de7762833812a48b3bd91371781683c8693b367b8d54f6636d87672fc	https://github.com/standardgalactic/spherepop/blob/f188dc2b536cca28147aff8b31434ec46a48de8a/processing/adaptive-trust/Adaptive_Trust_Dynamics_Corpus/Cycle1_Diagnosis/essay_1_03.tex	
standalone	standardgalactic/spherepop	processing/adaptive-trust/Adaptive_Trust_Dynamics_Corpus/Cycle1_Diagnosis/essay_1_14.tex	Yarncrawler Dynamics: Semantic Recursion in Essay Generation Pipelines	article	46	5e2efaec3b99e84397380012b408ddbeb81023167fece67cc4811b6d25c63d97	https://github.com/standardgalactic/spherepop/blob/f188dc2b536cca28147aff8b31434ec46a48de8a/processing/adaptive-trust/Adaptive_Trust_Dynamics_Corpus/Cycle1_Diagnosis/essay_1_14.tex	
standalone	standardgalactic/spherepop	processing/adaptive-trust/Adaptive_Trust_Dynamics_Corpus/Cycle1_Diagnosis/essay_1_18.tex	Homotopy-Based Governance: Sheaf Consistency in Recursive Futarchies	article	45	b2675fb50c9f053b7d294ed92b36149ddf57e322f140b941026e45a6c90e47cd	https://github.com/standardgalactic/spherepop/blob/f188dc2b536cca28147aff8b31434ec46a48de8a/processing/adaptive-trust/Adaptive_Trust_Dynamics_Corpus/Cycle1_Diagnosis/essay_1_18.tex	
standalone	standardgalactic/spherepop	processing/adaptive-trust/Adaptive_Trust_Dynamics_Corpus/Cycle1_Diagnosis/essay_1_10.tex	The Termite–Neuron–Forest Triad: Marginalized Intelligences in Ecological Agency	article	46	0d08843f9bf2d9f7c0df14f34e2487177afe265d8f5a9e4cee6617e184711d0c	https://github.com/standardgalactic/spherepop/blob/f188dc2b536cca28147aff8b31434ec46a48de8a/processing/adaptive-trust/Adaptive_Trust_Dynamics_Corpus/Cycle1_Diagnosis/essay_1_10.tex	
standalone	standardgalactic/spherepop	processing/adaptive-trust/Adaptive_Trust_Dynamics_Corpus/Cycle1_Diagnosis/essay_1_01.tex	Entropy Budgets in Cognitive Architectures: Preventing Over-Recursion in Human–AI Symbiosis	article	48	53f4147a0a4f013e970941263deb728e1afaef29701d3bd4659f9d73a8357339	https://github.com/standardgalactic/spherepop/blob/f188dc2b536cca28147aff8b31434ec46a48de8a/processing/adaptive-trust/Adaptive_Trust_Dynamics_Corpus/Cycle1_Diagnosis/essay_1_01.tex	
standalone	standardgalactic/spherepop	processing/adaptive-trust/Adaptive_Trust_Dynamics_Corpus/Cycle1_Diagnosis/essay_1_12.tex	Field-Theoretic Patriarchy: Colonial Roots and Radical RSVP Solutions	article	46	46eb2823444c574b8c02e6926d943113e7787ef870e2e0fef32b9fd3feba4a9f	https://github.com/standardgalactic/spherepop/blob/f188dc2b536cca28147aff8b31434ec46a48de8a/processing/adaptive-trust/Adaptive_Trust_Dynamics_Corpus/Cycle1_Diagnosis/essay_1_12.tex	
standalone	standardgalactic/spherepop	processing/adaptive-trust/Adaptive_Trust_Dynamics_Corpus/Cycle1_Diagnosis/essay_1_15.tex	Cosmological Constraints on Institutional Recursion: Deriving Entropy from RSVP Primitives	article	48	877d1c35e18508756044e90d9bb1b742212ebd98c4cf6a1003b611e7ec29dd7d	https://github.com/standardgalactic/spherepop/blob/f188dc2b536cca28147aff8b31434ec46a48de8a/processing/adaptive-trust/Adaptive_Trust_Dynamics_Corpus/Cycle1_Diagnosis/essay_1_15.tex	
standalone	standardgalactic/spherepop	processing/adaptive-trust/Adaptive_Trust_Dynamics_Corpus/Cycle1_Diagnosis/essay_1_09.tex	Amplitwist Operators in Neurogeometric Design: From Trust to Perceptual Stability	article	48	d052b1515f227d5ceac9866c82666882747432e7a0b94d3d33155239ed82c050	https://github.com/standardgalactic/spherepop/blob/f188dc2b536cca28147aff8b31434ec46a48de8a/processing/adaptive-trust/Adaptive_Trust_Dynamics_Corpus/Cycle1_Diagnosis/essay_1_09.tex	
standalone	standardgalactic/spherepop	processing/adaptive-trust/Adaptive_Trust_Dynamics_Corpus/Cycle1_Diagnosis/essay_1_02.tex	The Semantic Singularity: When Recursive Interpretation Exceeds Dissipative Capacity	article	47	8ff56a504154aba413f0174e5d99e97178ef64aaefc651b9ff4a424c9c1e304c	https://github.com/standardgalactic/spherepop/blob/f188dc2b536cca28147aff8b31434ec46a48de8a/processing/adaptive-trust/Adaptive_Trust_Dynamics_Corpus/Cycle1_Diagnosis/essay_1_02.tex	
standalone	standardgalactic/spherepop	processing/adaptive-trust/Adaptive_Trust_Dynamics_Corpus/Cycle1_Diagnosis/essay_1_20.tex	The Recursive Singularity in Cultural Evolution: Bounded Narratives for Long-Term Coherence	article	49	e6f1c93bb88efdd905f23109630b820144bdeff17db8c5129435a318c9fed07f	https://github.com/standardgalactic/spherepop/blob/f188dc2b536cca28147aff8b31434ec46a48de8a/processing/adaptive-trust/Adaptive_Trust_Dynamics_Corpus/Cycle1_Diagnosis/essay_1_20.tex	
standalone	standardgalactic/spherepop	processing/adaptive-trust/Adaptive_Trust_Dynamics_Corpus/Cycle1_Diagnosis/essay_1_06.tex	The Paradox of Permeability: Trust Hysteresis in Geozotic Power Systems	article	48	22f4d650f32a425923f15ebd99062f93d74466aacd1abe4d773432fda81951d9	https://github.com/standardgalactic/spherepop/blob/f188dc2b536cca28147aff8b31434ec46a48de8a/processing/adaptive-trust/Adaptive_Trust_Dynamics_Corpus/Cycle1_Diagnosis/essay_1_06.tex	
standalone	standardgalactic/spherepop	processing/adaptive-trust/Adaptive_Trust_Dynamics_Corpus/Cycle1_Diagnosis/essay_1_07.tex	Bounded Immersion in Mythic Computation: Entropy Limits on Narrative Recursion	article	48	44ed8608a90d035038276084edd3cca11f8402c59fbc214c4678115242e4fad2	https://github.com/standardgalactic/spherepop/blob/f188dc2b536cca28147aff8b31434ec46a48de8a/processing/adaptive-trust/Adaptive_Trust_Dynamics_Corpus/Cycle1_Diagnosis/essay_1_07.tex	
standalone	standardgalactic/spherepop	processing/adaptive-trust/Adaptive_Trust_Dynamics_Corpus/Cycle1_Diagnosis/essay_1_13.tex	Operator Ecology in Generative Cinema: Coherence Beyond Chokepoints	article	46	6b43d9293073cae550233bfe789e39b40faa34f6792f173762bab656847154dc	https://github.com/standardgalactic/spherepop/blob/f188dc2b536cca28147aff8b31434ec46a48de8a/processing/adaptive-trust/Adaptive_Trust_Dynamics_Corpus/Cycle1_Diagnosis/essay_1_13.tex	
standalone	standardgalactic/spherepop	processing/adaptive-trust/Adaptive_Trust_Dynamics_Corpus/Cycle1_Diagnosis/essay_1_11.tex	Recursive Amplification in Semantic Infrastructure: Throttling for Sustainable Scaling	article	47	50fb678ef6c720b14ad028a4e7bf6fc074dd4184dcd5e0fbdcec20be420e20f9	https://github.com/standardgalactic/spherepop/blob/f188dc2b536cca28147aff8b31434ec46a48de8a/processing/adaptive-trust/Adaptive_Trust_Dynamics_Corpus/Cycle1_Diagnosis/essay_1_11.tex	
standalone	standardgalactic/spherepop	Computation as Semantic Maintenance.tex	Computation as Semantic Maintenance: Embodied Knowledge, Structural Capability, and the Laws of Development	article	12450	605cbe1ff627de414b86dbace2322dbcb9ab874b56a79f41f1ccb850331a252f	https://github.com/standardgalactic/spherepop/blob/f188dc2b536cca28147aff8b31434ec46a48de8a/Computation as Semantic Maintenance.tex	
draft	standardgalactic/spherepop	processing/intelligence-explosion.tex	Globally Persistent Recomposable Thought [4pt] GitHub, the Intelligence Explosion, and the Admissibility Geometry of Collective Cognition	article	14765	8750cf597abef28e0372ccf5608e0d692ae32df5d6b257394bc59c84bb8281b7	https://github.com/standardgalactic/spherepop/blob/f188dc2b536cca28147aff8b31434ec46a48de8a/processing/intelligence-explosion.tex	draft/placeholder language or path
standalone	standardgalactic/spherepop	processing/Spherepop_Specifications.tex	Spherepop: A Language for Geometric Computation Unified Specification	article	5790	b0c756e7cfb412570db37cb4999ba12b1ffc6fedb638588c7532a8f45637da1e	https://github.com/standardgalactic/spherepop/blob/f188dc2b536cca28147aff8b31434ec46a48de8a/processing/Spherepop_Specifications.tex	
draft	standardgalactic/spherepop	working/Structured Irreversibility.tex	Structured Irreversibility Discrete Rewriting and Coherence Realization	article	10997	823cd4c808a12fdd45ad40968e8c1a0282f0e26af96e6fd1a8f7892888f18b71	https://github.com/standardgalactic/spherepop/blob/f188dc2b536cca28147aff8b31434ec46a48de8a/working/Structured Irreversibility.tex	draft/placeholder language or path
draft	standardgalactic/spherepop	textbook/memory-before-representation.tex		book	9483	891aef9e50ea8d2ad791bb053ef3a58c9aaf2816aa337d6346cdcb50eb7495f8	https://github.com/standardgalactic/spherepop/blob/f188dc2b536cca28147aff8b31434ec46a48de8a/textbook/memory-before-representation.tex	draft/placeholder language or path
draft	standardgalactic/spherepop	working/execution history - draft 02.tex	Execution, History, and Reduction: Toward a Minimal Operational Kernel of Computation	article	8086	7eb534d7323bf23a7c0579ed926addeb26c7ed03d734797cb4783eb46eaf6e71	https://github.com/standardgalactic/spherepop/blob/f188dc2b536cca28147aff8b31434ec46a48de8a/working/execution history - draft 02.tex	draft/placeholder language or path
draft	standardgalactic/spherepop	working/execution history - draft 04.tex	Execution, History, and Reduction: A Minimal Operational Kernel for Computation	article	8912	8daeb093a6df88c2ebae9b5e7b6662f0c25c6cb3181eed34313a6c898fc4a75a	https://github.com/standardgalactic/spherepop/blob/f188dc2b536cca28147aff8b31434ec46a48de8a/working/execution history - draft 04.tex	draft/placeholder language or path
draft	standardgalactic/spherepop	working/execution history - draft 03.tex	Execution, History, and Reduction: A Minimal Operational Kernel for Computation	article	13624	ae5ccf23f94397839893b4e41ea856fc802a745112e1aac4c3fb864259137f94	https://github.com/standardgalactic/spherepop/blob/f188dc2b536cca28147aff8b31434ec46a48de8a/working/execution history - draft 03.tex	draft/placeholder language or path
untitled-document	standardgalactic/spherepop	textbook/economy-of-forgotten-things.tex		book	31959	6007fdf22586b3a6537950a1d5caed9965af5a26be2c384c60e40ee8e03b067d	https://github.com/standardgalactic/spherepop/blob/f188dc2b536cca28147aff8b31434ec46a48de8a/textbook/economy-of-forgotten-things.tex	documentclass present but no title found
draft	standardgalactic/spherepop	processing/draft/intelligence-explosion.tex	Globally Persistent Recomposable Thought [4pt] GitHub, the Intelligence Explosion, and the Admissibility Geometry of Collective Cognition	article	8391	98a0c7013401e311b5880be5f38692b0a3d22aff0917db87b42a8bf84f8c2ad1	https://github.com/standardgalactic/spherepop/blob/f188dc2b536cca28147aff8b31434ec46a48de8a/processing/draft/intelligence-explosion.tex	draft/placeholder language or path
standalone	standardgalactic/spherepop	attention-as-minimal-relational-interaction.tex	Attention as a Minimal Relational Interaction in Entropy-Regulated Field Dynamics: A Derived Geometric and BV-Theoretic Formulation of RSVP	article	3906	77cfcba5c6983ad4671033d4844fe05a4472075f3a7f7f8f0d4f45ff40aaa2b3	https://github.com/standardgalactic/spherepop/blob/f188dc2b536cca28147aff8b31434ec46a48de8a/attention-as-minimal-relational-interaction.tex	
draft	standardgalactic/spherepop	working/Structured Irreversibility - draft 01.tex	% Spherepop as an Entropy-Decreasing Rewriting Category: Axiomatic Foundations, Functorial Geometry, and the RSVP Embedding	article	5191	ca6342864fbd028f12a411622ed8df53e4155a8b9beed612eb201a6a32f29c5c	https://github.com/standardgalactic/spherepop/blob/f188dc2b536cca28147aff8b31434ec46a48de8a/working/Structured Irreversibility - draft 01.tex	draft/placeholder language or path
draft	standardgalactic/spherepop	working/Structured Irreversibility - draft 02.tex	Structured Irreversibility Discrete Rewriting and Coherence Realization	article	7863	f6e7aad68bfe6a5762ae1b50db35984ce6e122adb19e5e64b3e21251753148c5	https://github.com/standardgalactic/spherepop/blob/f188dc2b536cca28147aff8b31434ec46a48de8a/working/Structured Irreversibility - draft 02.tex	draft/placeholder language or path
standalone	standardgalactic/standardgalactic	rsvp-jepa.tex	Joint Embedding Predictive Architectures as Amortized Constraint Satisfaction in the Relativistic Scalar--Vector Plenum	article	6512	d94656f5b5a2390abbe5764e641ab6dcc25b3da9d36e23a52d2ee80c313c2257	https://github.com/standardgalactic/standardgalactic/blob/a6c0c49c1ca64d0ff241e7e3263907f78f8f7211/rsvp-jepa.tex	
standalone	standardgalactic/standardgalactic	research/macro-economics.tex	Clickbait Empire: Robin Hanson and the Tension Between Intellectual Openness and Media Spectacle	article	1013	4d3424e9e29ffcba88b9d8be4220a9653261ca36fceeabccba1e8862c44c8043	https://github.com/standardgalactic/standardgalactic/blob/a6c0c49c1ca64d0ff241e7e3263907f78f8f7211/research/macro-economics.tex	
standalone	standardgalactic/standardgalactic	Scope Memeplexes.tex	Scope Memeplexes: The Enshittification Crisis as an Interface War	article	9521	40d3bcbcedb536a10ae2e60ec016a61a9f9f1b6546108ad82d1b5ad24553445a	https://github.com/standardgalactic/standardgalactic/blob/a6c0c49c1ca64d0ff241e7e3263907f78f8f7211/Scope Memeplexes.tex	
standalone	standardgalactic/standardgalactic	research/structural_ideas.tex	On the Formation of Structural Ideas: Constraint Accumulation, Projection, and Convergence Across Domains	article	8383	a056d79aa5707b91b80385ab9850284b198d694dbc57b9ca8c841b5eb2a09a44	https://github.com/standardgalactic/standardgalactic/blob/a6c0c49c1ca64d0ff241e7e3263907f78f8f7211/research/structural_ideas.tex	
standalone	standardgalactic/standardgalactic	epistemology/markedness_capability.tex	Markedness and Capability: A Theory of Downward Projection	article	6455	5bb2096852bb365968b8792dacca230a9bb615a0a0f6d1716267272ab118d7ea	https://github.com/standardgalactic/standardgalactic/blob/a6c0c49c1ca64d0ff241e7e3263907f78f8f7211/epistemology/markedness_capability.tex	
draft	standardgalactic/standardgalactic	research/notes/structural_ideas.tex	On the Formation of Structural Ideas: Constraint Accumulation, Projection, and Convergence Across Domains	article	8383	a056d79aa5707b91b80385ab9850284b198d694dbc57b9ca8c841b5eb2a09a44	https://github.com/standardgalactic/standardgalactic/blob/a6c0c49c1ca64d0ff241e7e3263907f78f8f7211/research/notes/structural_ideas.tex	draft/placeholder language or path
untitled-document	standardgalactic/standardgalactic	constraint_trajectory_irreversibility.tex		article	14815	4953737e84f903a51348c8f46afdf1269a2c08756eef6064726bb609a958c8e3	https://github.com/standardgalactic/standardgalactic/blob/a6c0c49c1ca64d0ff241e7e3263907f78f8f7211/constraint_trajectory_irreversibility.tex	documentclass present but no title found
untitled-document	standardgalactic/standardgalactic	epistemology/manufacturing_credulity.tex		article	6270	ba5210fa951ea36aea0c15e3233ca15600f618c95d451dba4bf1d33bcbf6d8d0	https://github.com/standardgalactic/standardgalactic/blob/a6c0c49c1ca64d0ff241e7e3263907f78f8f7211/epistemology/manufacturing_credulity.tex	documentclass present but no title found
standalone	standardgalactic/standardgalactic	epistemology/selection_without_design.tex	-1cm Selection Without Design [0.5em] Constraint, Projection, and the Geometry of the Unseen	article	23531	f27a3d1aa9d93ecdf4cd906cb643f15db43feeb0515ee035465ee8b128366721	https://github.com/standardgalactic/standardgalactic/blob/a6c0c49c1ca64d0ff241e7e3263907f78f8f7211/epistemology/selection_without_design.tex	
standalone	standardgalactic/standardgalactic.github.io	critique/Identity Collapse.tex	Identity Collapse and the Platforming of Fraud: A Formal and Empirical Critique of Trust Degradation in Facebook-Scale Systems	article	5685	e43feb0bd130599eb12cb793a265912acbb17c0605331ca05deb5a6b53daf496	https://github.com/standardgalactic/standardgalactic.github.io/blob/123e48d4381be8d2932ff26200d064b5caa47465/critique/Identity Collapse.tex	
draft	standardgalactic/standardgalactic.github.io	critique/Identity Collapse - draft 02.tex	Identity Collapse and the Platforming of Fraud: Structural Trust Degradation in Facebook's Design	article	4739	576f7470df6ca023fde269e917da254942e51823dd6c60a7a89daee274864521	https://github.com/standardgalactic/standardgalactic.github.io/blob/123e48d4381be8d2932ff26200d064b5caa47465/critique/Identity Collapse - draft 02.tex	draft/placeholder language or path
draft	standardgalactic/standardgalactic.github.io	critique/Identity Collapse - draft 01.tex	Identity Collapse and the Platforming of Fraud: Structural Trust Degradation in Facebook's Design	article	5496	579682c563a7fae72407b3c9d8235ca94d976c3ffdcf2e8e75394ce86f0cd17f	https://github.com/standardgalactic/standardgalactic.github.io/blob/123e48d4381be8d2932ff26200d064b5caa47465/critique/Identity Collapse - draft 01.tex	draft/placeholder language or path
standalone	standardgalactic/syllabus	01_how_ideas_work.tex	How Ideas Work [6pt] A Book About Rules, Patterns, and Discovery	book	6916	10a19d6f1fd78d80d9c6d503316e4e2fac17c4d8c92ce7034ef29b65b62e293a	https://github.com/standardgalactic/syllabus/blob/9f8d9d35ebdc05a0080a72b404254ca82969dac5/01_how_ideas_work.tex	
standalone	standardgalactic/syllabus	03_structural_thinking.tex	Structural Thinking [6pt] A History of Computation and the Geometry of Ideas	book	18524	1e31139438c665c9d6eaefd9bcc6155133061dd4b7899dd12f52f4ae60e75974	https://github.com/standardgalactic/syllabus/blob/9f8d9d35ebdc05a0080a72b404254ca82969dac5/03_structural_thinking.tex	
standalone	standardgalactic/syllabus	02_architecture_of_ideas.tex	The Architecture of Ideas [6pt] Constraints, Abstraction, and the Structure of Thinking	book	10688	e965f253ad55f3a2aaa83c1e1e5a65bac22d88caa355f6f3138473ac32741d07	https://github.com/standardgalactic/syllabus/blob/9f8d9d35ebdc05a0080a72b404254ca82969dac5/02_architecture_of_ideas.tex	
untitled-document	standardgalactic/TARTAN	music/concrete_cracks_analysis.tex		article	5210	3d4250a930202156080899cc29b2292a4f872b7f8ca99c3a5c8ec3123ceedf16	https://github.com/standardgalactic/TARTAN/blob/0ec63d2c18e9ac4c50c66d4c40372203e8ebcc3e/music/concrete_cracks_analysis.tex	documentclass present but no title found
standalone	standardgalactic/TARTAN	tartan.tex	TARTAN: Trajectory-Aware Recursive Tiling with Annotated Noise [0.5em] A Sheaf--Variational Architecture for World-State Reconstruction and Ontological Adaptation	article	12206	7ce90896311a7695a91b22e7f27d5540767928e2b2c58b6d94100f7b73e20a10	https://github.com/standardgalactic/TARTAN/blob/0ec63d2c18e9ac4c50c66d4c40372203e8ebcc3e/tartan.tex	
standalone	standardgalactic/TARTAN	persuasion.tex	From Persuasion to Realization [0.5em] Constraint Closure and the Geometry of Inference	article	18529	d2653b7a0d45f9c17a4c96a84d1daf808a8f979fafda7606c419443bf1d2d185	https://github.com/standardgalactic/TARTAN/blob/0ec63d2c18e9ac4c50c66d4c40372203e8ebcc3e/persuasion.tex	
draft	standardgalactic/TARTAN	music/working/concrete_cracks_analysis.tex		article	5210	3d4250a930202156080899cc29b2292a4f872b7f8ca99c3a5c8ec3123ceedf16	https://github.com/standardgalactic/TARTAN/blob/0ec63d2c18e9ac4c50c66d4c40372203e8ebcc3e/music/working/concrete_cracks_analysis.tex	draft/placeholder language or path
draft	standardgalactic/TARTAN	reconstruction_stability.tex		article	8425	d3db0cf1d33ca6fe768d2ceb9fe78597476c3fa50e66c3b7e46fef27e1c55091	https://github.com/standardgalactic/TARTAN/blob/0ec63d2c18e9ac4c50c66d4c40372203e8ebcc3e/reconstruction_stability.tex	draft/placeholder language or path
untitled-document	standardgalactic/TARTAN	transformational_communication.tex		article	5281	6c12423d35700c48398a8d8f1f2b6b7c81efc5e652b32cac88ad71ddd98a113d	https://github.com/standardgalactic/TARTAN/blob/0ec63d2c18e9ac4c50c66d4c40372203e8ebcc3e/transformational_communication.tex	documentclass present but no title found
standalone	standardgalactic/TARTAN	accumulation-to-closure.tex	From Accumulation to Closure: Inference, Memory, and the Constraint-Theoretic Turn [0.5em] Reconstruction, Composability, and the Political Economy of State	article	10730	d75508097089b948de87e5fc310281bc8d3637beccf7702a927da6d30f666bf4	https://github.com/standardgalactic/TARTAN/blob/0ec63d2c18e9ac4c50c66d4c40372203e8ebcc3e/accumulation-to-closure.tex	
untitled-document	standardgalactic/TARTAN	transformational_communication-v2.tex		article	8602	289886c594f9d2c34bf57ca1483618a62d3ffbf96b697098e08e270598e39a06	https://github.com/standardgalactic/TARTAN/blob/0ec63d2c18e9ac4c50c66d4c40372203e8ebcc3e/transformational_communication-v2.tex	documentclass present but no title found
untitled-document	standardgalactic/TARTAN	processing/transformational_communication.tex		article	5281	6c12423d35700c48398a8d8f1f2b6b7c81efc5e652b32cac88ad71ddd98a113d	https://github.com/standardgalactic/TARTAN/blob/0ec63d2c18e9ac4c50c66d4c40372203e8ebcc3e/processing/transformational_communication.tex	documentclass present but no title found
standalone	standardgalactic/TARTAN	analysis/resonance-without-a-substrate.tex	Resonance Without a Substrate Consistency Constraints on Endogenous Memory Compression	article	13310	6953cbf7bf268c14792b8344d299e4c1b7c46c97f18214189069e5b9334c5fc1	https://github.com/standardgalactic/TARTAN/blob/0ec63d2c18e9ac4c50c66d4c40372203e8ebcc3e/analysis/resonance-without-a-substrate.tex	
untitled-document	standardgalactic/TARTAN	processing/transformational_communication-v2.tex		article	8602	289886c594f9d2c34bf57ca1483618a62d3ffbf96b697098e08e270598e39a06	https://github.com/standardgalactic/TARTAN/blob/0ec63d2c18e9ac4c50c66d4c40372203e8ebcc3e/processing/transformational_communication-v2.tex	documentclass present but no title found
standalone	standardgalactic/typing-tutor	essay/memeplexes.tex	Memeplexes as Collectively Autocatalytic Sets of Theory-Laden Facts — with RSVP embedding, hypergraph extension, and global stability analysis	article	2282	cdfae83eb2714f0f2a66b2f870001bc590de776dfda523b45e8e9031250d9ac2	https://github.com/standardgalactic/typing-tutor/blob/950867276dfa03b28c4ff9cd88655e30bfc53f1a/essay/memeplexes.tex	
draft	standardgalactic/typing-tutor	essay/global-constraints.tex	Global Constraints, Geometric Mass, and Evolutionary Relaxation: A Unified Historical and Theoretical Monograph	article	5871	a9d4dc555420f5512f5bd5473e0dc4250b8c67d295fa47fbbd810ad1906d4762	https://github.com/standardgalactic/typing-tutor/blob/950867276dfa03b28c4ff9cd88655e30bfc53f1a/essay/global-constraints.tex	draft/placeholder language or path
standalone	standardgalactic/userspace	essay.tex	The Mereological Space Ontology: Glyphs, Scales, and the Observer in a Layered Part--Whole Universe	article	10348	4dd3d1d329920bc67ee40e2ba32cbdc7ab7ff4f2c2485517ea6976495f282aff	https://github.com/standardgalactic/userspace/blob/d668545bf128bc39bdca8384458541a6cc408100/essay.tex	
untitled-document	standardgalactic/userspace	labor_singularity.tex		article	14081	f6259b8d7eda11d5f7a0498604821bb70e09539de6ee8f83b923908ed1fee9cd	https://github.com/standardgalactic/userspace/blob/d668545bf128bc39bdca8384458541a6cc408100/labor_singularity.tex	documentclass present but no title found
untitled-document	standardgalactic/userspace	futurism/labor_singularity.tex		article	14081	f6259b8d7eda11d5f7a0498604821bb70e09539de6ee8f83b923908ed1fee9cd	https://github.com/standardgalactic/userspace/blob/d668545bf128bc39bdca8384458541a6cc408100/futurism/labor_singularity.tex	documentclass present but no title found
draft	standardgalactic/video-player	resources/monograph-draft-01.tex	Paintings as Sheaves of Latent Physical Structure	article	2727	800450102ed507c6619720ad7bfeed2a01e2fe06939ccda8b1623c95cf3c717d	https://github.com/standardgalactic/video-player/blob/401e810429aaece88170b6ab0732a3479a6ea0e9/resources/monograph-draft-01.tex	draft/placeholder language or path
draft	standardgalactic/video-player	resources/monograph-draft-02.tex	Paintings as Sheaves of Latent Physical Structure	article	3241	2f7df2f365191ab78570de18cb3050f13f4080393b5fbea6717a9d35ee6eb594	https://github.com/standardgalactic/video-player/blob/401e810429aaece88170b6ab0732a3479a6ea0e9/resources/monograph-draft-02.tex	draft/placeholder language or path
