material entropic redshift and the rsvp stack	Material: Entropic Redshift and the RSVP Stack	citation-only	1	standardgalactic/alphabet/projects/entropic-redshift-supplement.tex
redshift and the rsvp stack a unified field ontology for cosmology cognition and institutions	Redshift and the RSVP Stack: A Unified Field Ontology for Cosmology, Cognition, and Institutions	citation-only	1	standardgalactic/alphabet/projects/entropic-redshift.tex
the superuser guide to latex	The Superuser Guide to LaTeX	citation-only	2	standardgalactic/memory/processing/main.tex
the technological society as a pop optimizing regime ellul s structural thesis and the playcosm bridge	The Technological Society as a Pop-Optimizing Regime: Ellul's Structural Thesis and the Playcosm Bridge	citation-only	1	standardgalactic/research-projects/ellul-intro.tex
normalized_title	display_title	classification	occurrences	example
a monograph on constraint displacement and the structure of physical reality 1 5ex energy as contradiction 1ex constraint propagation the mortality of resolution and the ontology of unfinished physics	% A Monograph on Constraint, Displacement, and the Structure of Physical Reality [1.5ex] Energy as Contradiction [1ex] Constraint Propagation, the Mortality of Resolution, and the Ontology of Unfinished Physics	draft	1	standardgalactic/library/physics/energy_as_contradiction.tex
admissibility geometry and the mond transition 0 4em reconstruction obstruction as an alternative to dark matter	% Admissibility Geometry and the MOND Transition [0.4em] Reconstruction Obstruction as an Alternative to Dark Matter	draft	3	standardgalactic/alphabet/physics/cosmology/admissible-geometry.tex
spherepop as an entropy decreasing rewriting category axiomatic foundations functorial geometry and the rsvp embedding	% Spherepop as an Entropy-Decreasing Rewriting Category: Axiomatic Foundations, Functorial Geometry, and the RSVP Embedding	draft	1	standardgalactic/spherepop/working/Structured Irreversibility - draft 01.tex
the flyxion dependency atlas 0 4em definitions theorems machinery applications and equivalence candidates across the corpus	% The Flyxion Dependency Atlas [0.4em] Definitions, Theorems, Machinery, Applications, and Equivalence Candidates Across the Corpus	draft	1	standardgalactic/computation/abstraction/flyxion_atlas.tex
the relativistic scalar vector plenum constraint history and entropy in a non expanding universe	% The Relativistic Scalar--Vector Plenum Constraint, History, and Entropy in a Non-Expanding Universe	draft	2	standardgalactic/research-projects/RSVP-Theory.tex
volume 0 0 5em consistency document 0 3em canonical symbols proof sketches equivalence briefs and the master claim formalization 1em fifteen volume curriculum pre publication archive	% Volume 0 [0.5em] Consistency Document [0.3em] Canonical Symbols, Proof Sketches, Equivalence Briefs, and the Master Claim Formalization [1em] Fifteen-Volume Curriculum --- Pre-Publication Archive	draft	1	standardgalactic/computation/abstraction/volume_zero.tex
ai minds decoded the math linking brains and machines	AI Minds Decoded: The Math Linking Brains and Machines	draft	1	standardgalactic/alphabet/document/draft/autoregression.tex
abstraction as reduction a unified account of evaluation structure and proof	Abstraction as Reduction: A Unified Account of Evaluation, Structure, and Proof	draft	2	standardgalactic/alphabet/Abstraction as Reduction.tex
abstraction as reduction philosophical version	Abstraction as Reduction: Philosophical Version	draft	1	standardgalactic/alphabet/processing/abstraction-draft-04.tex
admissibility and the structure of physical symmetry from groups to groupoids	Admissibility and the Structure of Physical Symmetry: From Groups to Groupoids	draft	1	standardgalactic/antivenom/essay/admissibility_groupoids.tex
aesthetic saturation and the erosion of voluntary attention in algorithmic social media	Aesthetic Saturation and the Erosion of Voluntary Attention in Algorithmic Social Media	draft	2	standardgalactic/antivenom/Aesthetic Saturation.tex
axial holonomy and visibility weighted coherence cosmic birefringence in the relativistic scalar vector plenum	Axial Holonomy and Visibility-Weighted Coherence: Cosmic Birefringence in the Relativistic Scalar--Vector Plenum	draft	1	standardgalactic/kitbash/cosmology/Axial Holonomy - draft 01.tex
axial holonomy and visibility weighted coherence 4pt cosmic birefringence in the relativistic scalar vector plenum	Axial Holonomy and Visibility-Weighted Coherence: [4pt] Cosmic Birefringence in the Relativistic Scalar--Vector Plenum	draft	2	standardgalactic/kitbash/cosmology/Axial Holonomy - draft 02.tex
beyond optimal foraging	Beyond Optimal Foraging	draft	1	peterlodri-sec/vim-philosophy/papers/beyond-optimal-foraging/beyond-optimal-foraging.tex
beyond prediction error toward an ecological and topological theory of cognition	Beyond Prediction Error: Toward an Ecological and Topological Theory of Cognition	draft	1	standardgalactic/alphabet/framework/beyond_prediction_error.tex
bootstrapping utopia 0 5em a constraint first blueprint for civilizational persistence	Bootstrapping Utopia 0.5em A Constraint-First Blueprint for Civilizational Persistence	draft	1	standardgalactic/alphabet/processing/Bootstrapping Utopia.tex
building forth from spherepop primitives stacks continuations and recursive control	Building Forth from Spherepop Primitives: Stacks, Continuations, and Recursive Control	draft	2	peterlodri-sec/vim-philosophy/building-forth.tex
clio a unified architecture of feeling cognition and coherence 6pt solmsian affective neuroscience rsvp field theory and recursive inference	CLIO: A Unified Architecture of Feeling, Cognition, and Coherence [6pt] Solmsian Affective Neuroscience, RSVP Field Theory, and Recursive Inference	draft	1	standardgalactic/library/vault/draft-01.tex
calculus as the geometry of relationship and controlled change a structural textbook on differential and integral theory	Calculus as the Geometry of Relationship and Controlled Change A Structural Textbook on Differential and Integral Theory	draft	1	standardgalactic/calculus/Calculus - main text - draft 01.tex
cinematic reconstruction 4pt a framework for video generation compression and diagnosis via persistent world state	Cinematic Reconstruction [4pt] A Framework for Video Generation, Compression, and Diagnosis via Persistent World State	draft	8	8b-is/8b-public-documents/cinematic-reconstruction.tex
civilizations as hypotheses simulation repair and the architecture of admissible futures	Civilizations as Hypotheses Simulation, Repair, and the Architecture of Admissible Futures	draft	1	standardgalactic/alphabet/document/civic_simulator.tex
complexity weighted surprise minimization as a variational field theory continuous functional analytic and information geometric foundations	Complexity-Weighted Surprise Minimization as a Variational Field Theory: Continuous, Functional-Analytic, and Information-Geometric Foundations	draft	1	standardgalactic/antivenom/active-inference/surprise-minimization-draft-01.tex
computation constraint and resource geometry in the flash reluctance engine	Computation, Constraint, and Resource Geometry in the Flash--Reluctance Engine	draft	1	standardgalactic/cosmology/working/resource-geometry.tex
computing with spherepop foundations of geometric merge collapse computation	Computing with Spherepop: Foundations of Geometric Merge--Collapse Computation	draft	1	standardgalactic/spherepop/computing-with-spherepop.tex
consciousness as gait the rsvp cpg framework for cyclical cognition memory and sleep	Consciousness as Gait: The RSVP--CPG Framework for Cyclical Cognition, Memory, and Sleep	draft	1	standardgalactic/alphabet/monograph/essay.tex
constraint before image 0 5em a text physics engine for semantic analysis and multi modal projection	Constraint Before Image [0.5em] A Text Physics Engine for Semantic Analysis and Multi-Modal Projection	draft	1	standardgalactic/human/projects/textbot.tex
constraint first topology foam cobordisms nilpotent transport and immersed singularities as admissibility geometry	Constraint-First Topology: Foam Cobordisms, Nilpotent Transport, and Immersed Singularities as Admissibility Geometry	draft	1	standardgalactic/research-projects/working/constraint-first-topology.tex
constraints of asymptotically safe quantum gravity on scalar tensor theories and cosmic strings	Constraints of Asymptotically Safe Quantum Gravity on Scalar-Tensor Theories and Cosmic Strings	draft	2	standardgalactic/kitbash/asymptotic_safety.tex
continuations before objects 0 6em a geometric theory of intelligent persistence	Continuations Before Objects [0.6em] A Geometric Theory of Intelligent Persistence	draft	1	standardgalactic/research-projects/admissibility-lab/continuations_before_objects.tex
developmental opacity	Developmental Opacity	draft	1	standardgalactic/haplopraxis/under-construction/developmental-opacity.tex
distinction geometry projection reconstruction defect and the interface native metric 0 5em mathematical core	Distinction Geometry: Projection, Reconstruction Defect, and the Interface-Native Metric [0.5em] Mathematical Core	draft	1	standardgalactic/cosmology/working/distinction-geometry-core.tex
distributed minds and generative substrates threshold diffusion causal insulation and the architecture of inference at scale	Distributed Minds and Generative Substrates: Threshold Diffusion, Causal Insulation, and the Architecture of Inference at Scale	draft	1	standardgalactic/research-projects/working/distributed_cognition.tex
embodied constraint and minimal assembly 0 5em articulation markedness and the economy of stroke in the arabic script	Embodied Constraint and Minimal Assembly: [0.5em] Articulation, Markedness, and the Economy of Stroke in the Arabic Script	draft	1	standardgalactic/alphabet/Embodied Constraint.tex
entropy as infrastructure a categorical and bioeconomic framework for useful computation as heat semantic merging and polycomputational agency	Entropy as Infrastructure: A Categorical and Bioeconomic Framework for Useful Computation as Heat, Semantic Merging, and Polycomputational Agency	draft	1	standardgalactic/kitbash/research/essay/draft-01/thermal-infrastructure.tex
entropy bounded sparse semantic calculus ebssc a unified framework for geometric semantics and sparse policy control	Entropy-Bounded Sparse Semantic Calculus (EBSSC) A Unified Framework for Geometric Semantics and Sparse Policy Control	draft	1	standardgalactic/research-projects/semantic-calculus/EBSSC-draft-02.tex
entropy bounded sparse semantic calculus ebssc a unified syntax and semantics for spherepop and latent policy selection	Entropy-Bounded Sparse Semantic Calculus (EBSSC) A Unified Syntax and Semantics for SpherePOP and Latent Policy Selection	draft	1	standardgalactic/research-projects/semantic-calculus/EBSSC-draft-01.tex
event nodes and texture nodes extending causal mechanistic interpretability with event historical structure	Event-Nodes and Texture-Nodes: Extending Causal Mechanistic Interpretability with Event-Historical Structure	draft	1	standardgalactic/research-projects/interpretability/Event-Nodes and Texture-nodes - draft 01.tex
executable diagnostic coordinates a reference implementation of the repair warrant objective	Executable Diagnostic Coordinates: A Reference Implementation of the Repair-Warrant Objective	draft	1	standardgalactic/diagnostic-coordinates/monograph.tex
execution history and reduction a minimal operational kernel for computation	Execution, History, and Reduction: A Minimal Operational Kernel for Computation	draft	3	standardgalactic/spherepop/working/execution history.tex
execution history and reduction toward a minimal operational kernel of computation	Execution, History, and Reduction: Toward a Minimal Operational Kernel of Computation	draft	1	standardgalactic/spherepop/working/execution history - draft 02.tex
facebook and the degradation of social reality advertising attention and structural harm	Facebook and the Degradation of Social Reality: Advertising, Attention, and Structural Harm	draft	1	standardgalactic/antivenom/diatribe - draft 01.tex
flow computing 0 4em wavefronts invocation and the logically determined workflow	Flow Computing [0.4em] Wavefronts, Invocation, and the Logically Determined Workflow	draft	2	standardgalactic/calculus/baseline/computing_as_flow.tex
friction as inoculation holistic training under bounded difficulty	Friction as Inoculation: Holistic Training Under Bounded Difficulty	draft	1	standardgalactic/antivenom/rhetoric/Friction as Inoculation - Draft 01.tex
from catharsis to geometric bayesianism rsvp and the demise of the hydraulic model	From Catharsis to Geometric Bayesianism: RSVP and the Demise of the Hydraulic Model	draft	1	standardgalactic/kitbash/research/psychology/draft-01/emotions.tex
from classifier to inverse engine gesture recognition as latent embodied semantic reconstruction	From Classifier to Inverse Engine: Gesture Recognition as Latent Embodied Semantic Reconstruction	draft	1	8b-is/8b-public-documents/working/gesture_review.tex
from frailty and waste to informational security rsvp as a foundation for idea routing and civic coherence	From Frailty and Waste to Informational Security: RSVP as a Foundation for Idea Routing and Civic Coherence	draft	3	standardgalactic/kitbash/research/working/essay.tex
function survives collapse 0 4em admissibility entropy flow and the geometry of persistent computation	Function Survives Collapse [0.4em] Admissibility, Entropy Flow, and the Geometry of Persistent Computation	draft	2	standardgalactic/alphabet/working/function_survives_collapse.tex
functorial integration of bennett s mechanistic ai model into rsvp theory from non diverging gr uneisen parameters to self aware agents	Functorial Integration of Bennett's Mechanistic AI Model into RSVP Theory: From Non-Diverging Gr"uneisen Parameters to Self-Aware Agents	draft	2	standardgalactic/gamma-waves/projects/draft-01/essay.tex
gallery before feed why engagement optimized interfaces destroy coherence and how merge aware systems restore meaning	Gallery Before Feed: Why Engagement-Optimized Interfaces Destroy Coherence and How Merge-Aware Systems Restore Meaning	draft	2	standardgalactic/research-projects/Gallery Before Feed.tex
generative continuation geometry 0 3em working draft	Generative Continuation Geometry [0.3em] Working Draft	draft	1	standardgalactic/computation/processing/draft/generative_continuation_geometry.tex
geometric memory as trajectory influence on a generative substrate	Geometric Memory as Trajectory Influence on a Generative Substrate	draft	4	standardgalactic/library/resources/draft-01/geometric-memory.tex
global constraints geometric mass and evolutionary relaxation a unified historical and theoretical monograph	Global Constraints, Geometric Mass, and Evolutionary Relaxation: A Unified Historical and Theoretical Monograph	draft	1	standardgalactic/typing-tutor/essay/global-constraints.tex
globally persistent recomposable thought 4pt github the intelligence explosion and the admissibility geometry of collective cognition	Globally Persistent Recomposable Thought [4pt] GitHub, the Intelligence Explosion, and the Admissibility Geometry of Collective Cognition	draft	3	standardgalactic/spherepop/intelligence-explosion.tex
histories become operators biological notes on retained admissibility	Histories Become Operators: Biological Notes on Retained Admissibility	draft	2	standardgalactic/computation/histories-become-operators.tex
identity collapse and the platforming of fraud structural trust degradation in facebook s design	Identity Collapse and the Platforming of Fraud: Structural Trust Degradation in Facebook's Design	draft	2	standardgalactic/standardgalactic.github.io/critique/Identity Collapse - draft 02.tex
identity as namespace entropy reputation and metric collapse in platform architectures	Identity as Namespace: Entropy, Reputation, and Metric Collapse in Platform Architectures	draft	2	standardgalactic/library/Identity as Namespace - draft 01.tex
incompleteness null signals and the cosmological plenum	Incompleteness, Null Signals, and the Cosmological Plenum	draft	3	standardgalactic/kitbash/cosmology/working/draft-05/incompleteness.tex
induced homogeneity aspirational pages and the collapse of meaning under engagement optimization	Induced Homogeneity Aspirational Pages and the Collapse of Meaning Under Engagement Optimization	draft	1	standardgalactic/antivenom/Induced Homogeneity.tex
learn to reason about history 0 3em a seven volume git curriculum 0 3em series plan and chapter outlines	Learn to Reason About History [0.3em] A Seven-Volume Git Curriculum [0.3em] Series Plan and Chapter Outlines	draft	1	standardgalactic/computation/version-control/git-series-plan.tex
ledger and junk opacity as the condition of generativity in computational systems	Ledger and Junk: Opacity as the Condition of Generativity in Computational Systems	draft	4	standardgalactic/kitbash/thesis/thesis.tex
local tractability and global dysfunction epistemic efficiency institutional ritual and the logic of non intervention	Local Tractability and Global Dysfunction Epistemic Efficiency, Institutional Ritual, and the Logic of Non-Intervention	draft	1	standardgalactic/research-projects/Local Tractability and Global Dysfunction - draft 01.tex
magi and the geometry of learning a stratified riemannian framework extending sgdm	MAGI and the Geometry of Learning: A Stratified Riemannian Framework Extending SGDM	draft	1	standardgalactic/alphabet/projects/processing/draft-01.tex
magi as a geometric generalization of momentum based optimization	MAGI as a Geometric Generalization of Momentum-Based Optimization	draft	1	standardgalactic/alphabet/projects/processing/draft-02.tex
mind at work detecting agentic intelligence through the effective assembly index and praxicon framework	Mind at Work: Detecting Agentic Intelligence through the Effective Assembly Index and Praxicon Framework	draft	1	standardgalactic/alphabet/essay/drafts/mind_at_work.tex
monotonic continuation intelligence across unequal timescales	Monotonic Continuation: Intelligence Across Unequal Timescales	draft	2	standardgalactic/computation/monotonic-continuation.tex
protocol zero 6pt the algorithmic deconstruction of arabic 2pt a manifesto in ten lectures	PROTOCOL ZERO [6pt] The Algorithmic Deconstruction of Arabic [2pt] A Manifesto in Ten Lectures	draft	2	standardgalactic/arabic-flashcards/protocol-zero.tex
paintings as sheaves of latent physical structure	Paintings as Sheaves of Latent Physical Structure	draft	2	standardgalactic/video-player/resources/monograph-draft-01.tex
personal superintelligence and the collapse of the feed algorithmic coherence attention economies and the loss of public sensemaking	Personal Superintelligence and the Collapse of the Feed Algorithmic Coherence, Attention Economies, and the Loss of Public Sensemaking	draft	1	standardgalactic/research-projects/Personal Superintelligence.tex
plenumhub semantic plenum	PlenumHub — Semantic Plenum	draft	1	standardgalactic/research-projects/plenumhub_stage3/paper/main.tex
plenumhub a homotopy coherent substrate for semantic versioning proof carrying merges and entropy laxed knowledge evolution	PlenumHub: A Homotopy–Coherent Substrate for Semantic Versioning, Proof-Carrying Merges, and Entropy-Laxed Knowledge Evolution	draft	1	standardgalactic/research-projects/PlenumHub/draft-01/monograph.tex
policy selection in the latent action space a unifying theory of thought inference and sparse agency	Policy Selection in the Latent Action Space: A Unifying Theory of Thought, Inference, and Sparse Agency	draft	3	standardgalactic/research-projects/policy-selection/draft-01/monograph.tex
process projection and propagative reality whiteheadian occasions rsvp fields and the geometry of recursive stabilization	Process, Projection, and Propagative Reality: Whiteheadian Occasions, RSVP Fields, and the Geometry of Recursive Stabilization	draft	1	8b-is/8b-public-documents/working/propagative_reality.tex
propagating constraint fields and dynamic structural redistribution toward a field theoretic interpretation of neural heterogeneity and collective cell migration	Propagating Constraint Fields and Dynamic Structural Redistribution: Toward a Field-Theoretic Interpretation of Neural Heterogeneity and Collective Cell Migration	draft	2	standardgalactic/alphabet/working/constraint-propagation.tex
quadratic gravity as a derived interface theory admissibility manifolds projection geometry and the emergence of observable physics	Quadratic Gravity as a Derived Interface Theory: Admissibility Manifolds, Projection Geometry, and the Emergence of Observable Physics	draft	1	standardgalactic/cosmology/working/admissibility-interface.tex
recursive continuation autopoiesis sympoiesis and the compression of self modification	Recursive Continuation Autopoiesis, Sympoiesis, and the Compression of Self-Modification	draft	2	standardgalactic/alphabet/example/recursive-continuation.tex
recursive futarchy	Recursive Futarchy	draft	1	standardgalactic/kitbash/economics/essay.tex
silicon cartography constraint first programming for spatial chips	Silicon Cartography Constraint-First Programming for Spatial Chips	draft	1	8b-is/8b-public-documents/working/silicon_cartography.tex
spectacle runtime and the compression of meaning temporal form social media and the reformatting of collective belief 0 5em a study in media ecology and epistemic architecture	Spectacle Runtime and the Compression of Meaning: Temporal Form, Social Media, and the Reformatting of Collective Belief [0.5em] A Study in Media Ecology and Epistemic Architecture	draft	2	standardgalactic/alphabet/Spectacle Runtime - draft 01.tex
spherepop the rsvp field in complex phase space	SpherePop: The RSVP Field in Complex Phase Space	draft	1	standardgalactic/alphabet/aphantasia/quantum-spherepop-draft-01.tex
spherepop calculus a geometric and probabilistic extension of lambda calculus	Spherepop Calculus: A Geometric and Probabilistic Extension of Lambda Calculus	draft	1	standardgalactic/spherepop/essay/draft-01/essay.tex
spherepop os a deterministic semantic operating system formal specification architectural rationale and foundations of pre linguistic intelligence	Spherepop OS: A Deterministic Semantic Operating System Formal Specification, Architectural Rationale, and Foundations of Pre-Linguistic Intelligence	draft	1	standardgalactic/research-projects/epistemology/Spherepop-OS-extended.tex
steam formed cellulose domes morphogenetic construction using intermittent steam inflation and magnet directed reinforcement	Steam-Formed Cellulose Domes: Morphogenetic Construction Using Intermittent Steam Inflation and Magnet-Directed Reinforcement	draft	1	standardgalactic/research-projects/working/steam_cellulose_domes.tex
takeoff trajectories in the stars rsvp tech tree simulator implications for ai alignment civilizational scaling and morphogenetic governance	Takeoff Trajectories in the Stars! RSVP Tech Tree Simulator: Implications for AI Alignment, Civilizational Scaling, and Morphogenetic Governance	draft	3	standardgalactic/research-projects/monograph/draft-03.tex
the bicameral illusion spectral attractors and autoregressive cognition	The Bicameral Illusion: Spectral Attractors and Autoregressive Cognition	draft	2	standardgalactic/library/essay/essay.tex
the calculus of commitment a structural theory of computation	The Calculus of Commitment A Structural Theory of Computation	draft	1	standardgalactic/spherepop/The Calculus of Commitment.tex
the categorical structure of alignment representation motivation and the preservation of normative invariants	The Categorical Structure of Alignment:\ Representation, Motivation, and the Preservation of Normative Invariants	draft	1	standardgalactic/research-projects/categorical-structure-of-alignment-v1.tex
the deliberate collapse of cognitive multiplicity event driven intelligence spherepop and the reckless design of big tech interfaces	The Deliberate Collapse of Cognitive Multiplicity: Event-Driven Intelligence, Spherepop, and the Reckless Design of Big Tech Interfaces	draft	2	standardgalactic/antivenom/event-history-draft-01.tex
the ecology of thought 0 8em environment as a persistent computational structure	The Ecology of Thought [0.8em] Environment as a Persistent Computational Structure	draft	1	standardgalactic/spherepop/textbook/ecology-of-thought.tex
the economics of irreversibility 0 3em from event cost to historical field three scales of a single quantity	The Economics of Irreversibility [0.3em] From Event Cost to Historical Field: Three Scales of a Single Quantity	draft	1	standardgalactic/calculus/processing/economics-of-irreversibility.tex
the narrow path between domination and chaos consent coordination and structural control in the age of accelerating intelligence	The Narrow Path Between Domination and Chaos: Consent, Coordination, and Structural Control in the Age of Accelerating Intelligence	draft	1	standardgalactic/research-projects/The Narrow Path.tex
the politics of oracle free evaluation constraint generativity and the problem of validation	The Politics of Oracle-Free Evaluation: Constraint, Generativity, and the Problem of Validation	draft	3	standardgalactic/kitbash/processing/Draft 3.tex
the role of silence in knowledge systems	The Role of Silence in Knowledge Systems	draft	3	standardgalactic/kitbash/operations/essay-02/draft-03.tex
toward a top level ontology of entropic histories a scalar vector entropy foundation for ontology engineering	Toward a Top-Level Ontology of Entropic Histories: A Scalar--Vector--Entropy Foundation for Ontology Engineering	draft	2	standardgalactic/kitbash/top-level-ontology-draft-01.tex
trajectory inference emergent structure and the return of dynamical thought contemporary scientific convergences across neuroscience cosmology machine learning and biological computation	Trajectory Inference, Emergent Structure, and the Return of Dynamical Thought: Contemporary Scientific Convergences Across Neuroscience, Cosmology, Machine Learning, and Biological Computation	draft	1	standardgalactic/research-projects/rsvp-lab/trajectory_inference.tex
two channel causal mediation event nodes texture nodes and irreversibility in mechanistic interpretability	Two-Channel Causal Mediation: Event-Nodes, Texture-Nodes, and Irreversibility in Mechanistic Interpretability	draft	1	standardgalactic/research-projects/interpretability/Two-Channel Causal Mediation - draft 01.tex
univalent photonics 0 5em coherence transport and admissibility geometry	Univalent Photonics 0.5em Coherence, Transport, and Admissibility Geometry	draft	2	standardgalactic/alphabet/physics/univalent-photonics.tex
user friendliness as an ecological danger the predatory enshittification of digital interfaces	User Friendliness as an Ecological Danger: The Predatory Enshittification of Digital Interfaces	draft	9	standardgalactic/library/monograph/draft-03/monograph.tex
zebra distributed semantic infrastructure and the functorial realization of text as collaborative media	Zebra: Distributed Semantic Infrastructure and the Functorial Realization of Text as Collaborative Media	draft	1	standardgalactic/human/projects/zebra-architecture.tex
a multimodal flash reluctance engine 0 4em thermodynamic electromagnetic and mechanical coupling in a regulated rotational energy transducer	% A Multimodal Flash--Reluctance Engine: [0.4em] Thermodynamic, Electromagnetic, and Mechanical Coupling in a Regulated Rotational Energy Transducer%	standalone	1	standardgalactic/research-projects/paper/flash_reluctance_engine.tex
accessibility relaxation and friedmann instability 6pt an rsvp reinterpretation of cosmological saddle geometry	% Accessibility Relaxation and Friedmann Instability [6pt] An RSVP Reinterpretation of Cosmological Saddle Geometry	standalone	1	standardgalactic/cosmology/accessibility-relaxation.tex
biodiversity as infrastructure 0 5em toward the universalization of living roofs 0 2em a thermodynamic and ecological argument for architectural necessity	% Biodiversity as Infrastructure [0.5em] Toward the Universalization of Living Roofs: [0.2em] A Thermodynamic and Ecological Argument for Architectural Necessity	standalone	1	standardgalactic/research-projects/Aurora/biodiversity-as-infrastructure.tex
computation beyond data 0 4em constraints reachability and memory as foundations of complex systems	% Computation Beyond Data [0.4em] Constraints, Reachability, and Memory as Foundations of Complex Systems	standalone	1	standardgalactic/computation/abstraction/computation-beyond-data.tex
computação além dos dados 0 4em restrições acessibilidade e memória como fundamentos de sistemas complexos	% Computação Além dos Dados [0.4em] Restrições, Acessibilidade e Memória como Fundamentos de Sistemas Complexos	standalone	1	standardgalactic/computation/abstraction/computacao_alem_dos_dados.tex
constraint first gauge gravity toward a reconstruction of the standard model from rsvp field geometry	% Constraint-First Gauge Gravity: Toward a Reconstruction of the Standard Model from RSVP Field Geometry	standalone	2	standardgalactic/alphabet/physics/gauge-gravity.tex
kernel operators memory and field theoretic dynamics 0 5em dynamics as functionals of trajectories	% Kernel Operators, Memory, and Field-Theoretic Dynamics [0.5em] Dynamics as Functionals of Trajectories	standalone	1	standardgalactic/calculus/kernel-memory.tex
procedural generation of attention gaze trajectories and the grammar of cinematic space	% Procedural Generation of Attention: Gaze Trajectories and the Grammar of Cinematic Space%	standalone	1	standardgalactic/alphabet/roadmap/procedural-attention.tex
process distinction and reachability 0 6em a comprehensive briefing on the flyxion research program 0 3em covering rsvp admissibility distinguishability geometry repair theory cpr and the broader software and creative ecosystem	% Process, Distinction, and Reachability [0.6em] A Comprehensive Briefing on the Flyxion Research Program [0.3em] Covering RSVP, Admissibility, Distinguishability Geometry, Repair Theory, CPR, and the Broader Software and Creative Ecosystem	standalone	1	standardgalactic/alphabet/roadmap/flyxion_briefing.tex
rsvp cosmology 12pt field equations admissibility and the geometry of distinction	% RSVP Cosmology [12pt] Field Equations, Admissibility, and the Geometry of Distinction	standalone	1	standardgalactic/cosmology/monograph.tex
the armillary sphere and the thought experiment 0 4em on proposals that are neither blueprints nor metaphors	% The Armillary Sphere and the Thought Experiment [0.4em] On Proposals That Are Neither Blueprints Nor Metaphors	standalone	1	standardgalactic/computation/abstraction/armillary_sphere.tex
the unreadability of dynamic readability an explicit specification of a conceptualization 0 5em progressive methodological refinement and increasingly rigorous framework instantiation	% The Unreadability of Dynamic Readability: An Explicit Specification of a Conceptualization [0.5em] Progressive Methodological Refinement and Increasingly Rigorous Framework Instantiation	standalone	1	standardgalactic/kitbash/processing/unreadability.tex
too coherent to be real 0 4em szukalski creative obstinacy documentary unreality and the problem of the frictionless subject	% Too Coherent to Be Real [0.4em] Szukalski, Creative Obstinacy, Documentary Unreality, and the Problem of the Frictionless Subject	standalone	1	standardgalactic/computation/abstraction/creative-obstinacy.tex
urban expansion in the earth system 4pt a reduced form eco climate laboratory for infrastructure carbon climate feedbacks	% Urban Expansion in the Earth System [4pt] A Reduced-Form Eco-Climate Laboratory for Infrastructure--Carbon--Climate Feedbacks	standalone	1	standardgalactic/ecological-models/urban_eco_climate.tex
when systems change their minds 0 4em distributed agency institutional attractors and the reconfiguration of economic priorities	% When Systems Change Their Minds [0.4em] Distributed Agency, Institutional Attractors, and the Reconfiguration of Economic Priorities	standalone	1	standardgalactic/computation/abstraction/distributed-agency.tex
s undo stack on markov boundaries coordination costs and the recurring regression of progress	's Undo Stack On Markov Boundaries, Coordination Costs, and the Recurring Regression of Progress	standalone	1	standardgalactic/calculus/baseline/markov_boundaries.tex
1 2cm the xylomorphic premise 0 5em waste heat physical co computation and the architecture of post carbon infrastructure	-1.2cm% The Xylomorphic Premise [0.5em] Waste Heat, Physical Co-Computation, and the Architecture of Post-Carbon Infrastructure	standalone	1	standardgalactic/antivenom/futurology/xylomorphic-premise.tex
1cm selection without design 0 5em constraint projection and the geometry of the unseen	-1cm Selection Without Design [0.5em] Constraint, Projection, and the Geometry of the Unseen	standalone	1	standardgalactic/standardgalactic/epistemology/selection_without_design.tex
a canonicalization utility for spherepop os	: A Canonicalization Utility for Spherepop OS	standalone	1	standardgalactic/spherepop/prototypes/canonicalization.tex
extensions interpretations and new directions	: Extensions, Interpretations, and New Directions	standalone	1	standardgalactic/research-projects/RSVP-Monograph/Volume-III-Extensions/main-vol3.tex
mathematical foundations of lamphrodynamic field theory	: Mathematical Foundations of Lamphrodynamic Field Theory	standalone	1	standardgalactic/research-projects/RSVP-Monograph/Volume-I-Foundations/main-vol1.tex
physical applications cosmology and gravity 4pt emergent spacetime entropic gravity and observational predictions	: Physical Applications: Cosmology and Gravity [4pt] Emergent Spacetime, Entropic Gravity, and Observational Predictions	standalone	1	standardgalactic/research-projects/RSVP-Monograph/Volume-II-Applications/main-vol2.tex
a categorical and bioeconomic framework for useful computation as heat semantic merging and polycomputational agency	A Categorical and Bioeconomic Framework for Useful Computation as Heat, Semantic Merging, and Polycomputational Agency	standalone	2	standardgalactic/kitbash/research/essay/thermal-infrastructure.tex
a history of machine learning 0 5em representations and the question of grounding	A History of Machine Learning [0.5em] , Representations, and the Question of Grounding	standalone	1	standardgalactic/memory/processing/book1-latex-source/main.tex
a manifest protocol for verification inheritance locators claim graphs and policy qualified trust for transformed scholarly artifacts	A Manifest Protocol for Verification Inheritance Locators, Claim Graphs, and Policy-Qualified Trust for Transformed Scholarly Artifacts	standalone	2	8b-is/claimshift/manifest-protocol-verification-inheritance.tex
a roadmap for implementing utilities in spherepop calculus	A Roadmap for Implementing Utilities in Spherepop Calculus	standalone	1	standardgalactic/spherepop/prototypes/roadmap.tex
a spoonful of poison how toxic scaffolds shape genius	A Spoonful of Poison: How Toxic Scaffolds Shape Genius	standalone	1	standardgalactic/antivenom/manuscript/essay.tex
a unified outline of rsvp research projects	A Unified Outline of RSVP Research Projects	standalone	1	standardgalactic/research-projects/progress-report.tex
a viability theory of fusion reactors 0 3em beyond the lawson criterion	A Viability Theory of Fusion Reactors [0.3em] Beyond the Lawson Criterion	standalone	2	standardgalactic/memory/fusion-viability/main.tex
abstraction before representation deterministic replay semantic equivalence and the ontology of intelligence	Abstraction Before Representation: Deterministic Replay, Semantic Equivalence, and the Ontology of Intelligence	standalone	1	standardgalactic/research-projects/epistemology/spherepop/Abstraction-before-Representation.tex
abstraction as reduction a proof theoretic and computational perspective	Abstraction as Reduction: A Proof--Theoretic and Computational Perspective	standalone	1	standardgalactic/alphabet/Abstraction as Reduction - colophon.tex
abstraction as stabilized replay memory equivalence and semantic depth	Abstraction as Stabilized Replay: Memory, Equivalence, and Semantic Depth	standalone	1	standardgalactic/research-projects/epistemology/Abstraction-as-Stabilized-Replay.tex
active geodesic inference reasoning as field dynamics synchronization and semantic folding	Active Geodesic Inference Reasoning as Field Dynamics, Synchronization, and Semantic Folding	standalone	1	standardgalactic/spherepop/Active Geodesic Inference.tex
adaptive trust dynamics corpus	Adaptive Trust Dynamics Corpus	standalone	1	standardgalactic/spherepop/processing/adaptive-trust/Adaptive_Trust_Dynamics_Corpus/index.tex
admissibility certificates 0 3em trust as a property of system histories	Admissibility Certificates [0.3em] Trust as a Property of System Histories	standalone	1	standardgalactic/calculus/processing/admissibility-certificates.tex
admissibility and renormalization geometry as an effective interface	Admissibility and Renormalization Geometry as an Effective Interface	standalone	1	standardgalactic/kitbash/Admissibility and Renormalization.tex
admissible continuation 1em a mathematical theory of persistent systems	Admissible Continuation [1em] A Mathematical Theory of Persistent Systems	standalone	1	standardgalactic/alphabet/resources/admissible-continuation.tex
admissible histories and the neural structure of error	Admissible Histories and the Neural Structure of Error	standalone	1	standardgalactic/alphabet/Admissible Histories - Neurocomputing.tex
admissible histories as a unifying principle of neural decision making	Admissible Histories as a Unifying Principle of Neural Decision-Making	standalone	1	standardgalactic/alphabet/Admissible Histories - Computational Biology.tex
admissible histories incongruent neurons and the temporal structure of decision making	Admissible Histories: Incongruent Neurons and the Temporal Structure of Decision-Making	standalone	1	standardgalactic/alphabet/Admissible Histories - Cognition.tex
admissible histories the incongruent neuron and the ontological structure of error	Admissible Histories: The Incongruent Neuron and the Ontological Structure of Error	standalone	2	standardgalactic/alphabet/Admissible Histories.tex
affine quantum deformation and the geometry of awareness	Affine Quantum Deformation and the Geometry of Awareness	standalone	1	standardgalactic/library/physics/affine-quantum-deformation-workshop.tex
affine quantum deformation and the geometry of awareness a unified theory of quantum structure and semantic dynamics	Affine Quantum Deformation and the Geometry of Awareness: A Unified Theory of Quantum Structure and Semantic Dynamics	standalone	1	standardgalactic/library/physics/affine-quantum-deformation-article.tex
affine quantum deformation and the geometry of awareness a unified variational framework	Affine Quantum Deformation and the Geometry of Awareness: A Unified Variational Framework	standalone	1	standardgalactic/library/physics/affine-quantum-deformation-abstract.tex
against eventless ontology 4pt two failures of state sufficiency	Against Eventless Ontology [4pt] Two Failures of State-Sufficiency	standalone	1	standardgalactic/alphabet/example/against-eventless-ontology.tex
against indiscriminate visibility on the structural risks of virality publicity and exposure	Against Indiscriminate Visibility: On the Structural Risks of Virality, Publicity, and Exposure	standalone	1	standardgalactic/alphabet/Against_Indiscriminate_Visibility.tex
against namespace laundering	Against Namespace Laundering	standalone	3	standardgalactic/antivenom/Against Namespace Laundering.tex
against the extinction thesis intelligence as an integrative ecological operator a systematic rebuttal to soares and yudkowsky from the rsvp perspective	Against the Extinction Thesis:\ Intelligence as an Integrative Ecological Operator\ A Systematic Rebuttal to Soares and Yudkowsky from the RSVP Perspective	standalone	1	standardgalactic/antivenom/Against-the-Extinction-Thesis.tex
against the kitchen sink on vendor gravity languages cognitive load and what spherepop proves	Against the Kitchen Sink: On Vendor-Gravity Languages, Cognitive Load, and What Spherepop Proves	standalone	2	standardgalactic/computation/against_the_kitchen_sink.tex
agency is not computation why irreversibility not intelligence defines the limit of artificial systems	Agency Is Not Computation Why Irreversibility, Not Intelligence, Defines the Limit of Artificial Systems	standalone	1	standardgalactic/library/Agency Is Not Computation.tex
agents and didactic interfaces on the loss of agency under semantic compression	Agents and Didactic Interfaces: On the Loss of Agency Under Semantic Compression	standalone	2	standardgalactic/research-projects/epistemology/agents-and-didactic-interfaces-v01.tex
agents and didactic interfaces semantic compression constraint loss and the conditions of responsibility	Agents and Didactic Interfaces: Semantic Compression, Constraint Loss, and the Conditions of Responsibility	standalone	2	standardgalactic/research-projects/epistemology/agents-and-didactic-interfaces.tex
amplitwist cortical columns as universal geometric operators	Amplitwist Cortical Columns as Universal Geometric Operators	standalone	1	standardgalactic/alphabet/manuscripts/amplitwist-cortical-columns/essay.tex
amplitwist operators in neurogeometric design from trust to perceptual stability	Amplitwist Operators in Neurogeometric Design: From Trust to Perceptual Stability	standalone	1	standardgalactic/spherepop/processing/adaptive-trust/Adaptive_Trust_Dynamics_Corpus/Cycle1_Diagnosis/essay_1_09.tex
aspirational exhaust semantic entropy and the collapse of identity on engagement optimized platforms	Aspirational Exhaust: Semantic Entropy and the Collapse of Identity on Engagement-Optimized Platforms	standalone	1	standardgalactic/antivenom/Aspirational Exhaust.tex
astrophysics after the uniform object 0 5em stratification burst cycles reservoirs and reachability from compact stars to the cosmic web	Astrophysics After the Uniform Object [0.5em] Stratification, Burst Cycles, Reservoirs, and Reachability from Compact Stars to the Cosmic Web	standalone	1	standardgalactic/research-projects/philosophy/astrophysics_after_uniform_object.tex
attention as a minimal relational interaction in entropy regulated field dynamics a derived geometric and bv theoretic formulation of rsvp	Attention as a Minimal Relational Interaction in Entropy-Regulated Field Dynamics: A Derived Geometric and BV-Theoretic Formulation of RSVP	standalone	1	standardgalactic/spherepop/attention-as-minimal-relational-interaction.tex
attentional cladistics revisited evolutionary thresholds in multi agent learning environments	Attentional Cladistics Revisited: Evolutionary Thresholds in Multi-Agent Learning Environments	standalone	1	standardgalactic/spherepop/processing/adaptive-trust/Adaptive_Trust_Dynamics_Corpus/Cycle1_Diagnosis/essay_1_04.tex
authoritative history and the limits of autoregressive intelligence	Authoritative History and the Limits of Autoregressive Intelligence	standalone	2	standardgalactic/antivenom/Authoritative History.tex
axioms for a falling universe the uniqueness of the rsvp lagrangian and the emergence of einstein gravity from entropic flow	Axioms for a Falling Universe: The Uniqueness of the RSVP Lagrangian and the Emergence of Einstein Gravity from Entropic Flow	standalone	2	standardgalactic/alphabet/axioms.tex
behavioural capture and authoritarianism a field theory of autonomy in the predictive age	Behavioural Capture and Authoritarianism: A Field Theory of Autonomy in the Predictive Age	standalone	1	standardgalactic/research-projects/essay/behavioural-capture.tex
beyond optimal foraging representation repair and the structural consequences of ai augmented research	Beyond Optimal Foraging: Representation Repair and the Structural Consequences of AI-Augmented Research	standalone	2	peterlodri-sec/vim-philosophy/beyond-optimal-foraging.tex
beyond parentheses 0 4em a geometric foundation for concurrent computation through the spherepop calculus 1 2em evaluation as the construction of irreversible computational histories	Beyond Parentheses: [0.4em] A Geometric Foundation for Concurrent Computation through the Spherepop Calculus [1.2em] Evaluation as the Construction of Irreversible Computational Histories	standalone	1	standardgalactic/spherepop/textbook/beyond-parentheses.tex
boundaries are computational objects 0 3em screening pursuit and refusal as three theories of what a boundary does	Boundaries Are Computational Objects [0.3em] Screening, Pursuit, and Refusal as Three Theories of What a Boundary Does	standalone	1	standardgalactic/calculus/processing/boundaries-computational-objects.tex
bounded immersion in mythic computation entropy limits on narrative recursion	Bounded Immersion in Mythic Computation: Entropy Limits on Narrative Recursion	standalone	1	standardgalactic/spherepop/processing/adaptive-trust/Adaptive_Trust_Dynamics_Corpus/Cycle1_Diagnosis/essay_1_07.tex
bounded violence an interpretive essay on flower wars	Bounded Violence An Interpretive Essay on Flower Wars	standalone	1	standardgalactic/alphabet/Flower Wars - Bounded Violence.tex
broken tools for a breaking world ai fragility the four races and the metacrisis	Broken Tools for a Breaking World: AI Fragility, the Four Races, and the Metacrisis	standalone	1	standardgalactic/antivenom/framework/fragility-metacrisis.tex
buffer world a 3d spatial tutorial for real vim motions concept and technical specification	Buffer World A 3D Spatial Tutorial for Real Vim Motions Concept and Technical Specification	standalone	2	standardgalactic/antivenom/resources/buffer-world.tex
building a type calculus and the calculus of constructions in spherepop a historical foundation for dependent type theory	Building a Type Calculus and the Calculus of Constructions in Spherepop A Historical Foundation for Dependent Type Theory	standalone	1	standardgalactic/spherepop/textbook/dependent-type-theory.tex
caldera reactor thermopneumatic compression fluidic computation and adaptive biomass processing	Caldera Reactor: Thermopneumatic Compression, Fluidic Computation, and Adaptive Biomass Processing	standalone	1	standardgalactic/caldera-reactor/caldera_reactor.tex
capacity dissipation and the onset of motility induced phase separation an empirical test of rsvp field dynamics	Capacity, Dissipation, and the Onset of Motility-Induced Phase Separation: An Empirical Test of RSVP Field Dynamics	standalone	1	standardgalactic/calculus/experiments/empirical-paper.tex
causal mechanistic interpretability from inspection to event historical structures two channel mediation and resilience in neural and knowledge systems	Causal Mechanistic Interpretability: From Inspection to Event-Historical Structures, Two-Channel Mediation, and Resilience in Neural and Knowledge Systems	standalone	2	standardgalactic/research-projects/interpretability/Causal Mechanistic Interpretability.tex
causal mediation event structure and regime sensitive mechanistic interpretability	Causal Mediation, Event Structure, and Regime-Sensitive Mechanistic Interpretability	standalone	1	standardgalactic/research-projects/interpretability/Causal Mediation.tex
centrality 0 4em symmetry preservation in nonequilibrium semantic substrates	Centrality [0.4em] Symmetry Preservation in Nonequilibrium Semantic Substrates	standalone	1	standardgalactic/library/projects/Distributed Centrality.tex
chokepoint capitalism in knowledge infrastructures an rsvp theoretic analysis	Chokepoint Capitalism in Knowledge Infrastructures: An RSVP-Theoretic Analysis	standalone	2	standardgalactic/kitbash/operations/essay-03/essay-03.tex
city of brutes 0 4em extended scene inventory 0 2em all scenes complete and planned	City of Brutes [0.4em] Extended Scene Inventory [0.2em] All scenes, complete and planned	standalone	1	standardgalactic/alphabet/screenplay/city_of_brutes_inventory.tex
civilizations as reachability systems 0 4em a geometric reading of turchin mckee and the biology of innovation	Civilizations as Reachability Systems [0.4em] A Geometric Reading of Turchin, McKee, and the Biology of Innovation	standalone	1	standardgalactic/kitbash/paperbot/reachability_systems.tex
clickbait empire robin hanson and the tension between intellectual openness and media spectacle	Clickbait Empire: Robin Hanson and the Tension Between Intellectual Openness and Media Spectacle	standalone	1	standardgalactic/standardgalactic/research/macro-economics.tex
cognition as constraint historical computation a formalization of the info computational framework	Cognition as Constraint-Historical Computation: A Formalization of the Info--Computational Framework	standalone	1	standardgalactic/library/Cognition-as-Constraint-Historical-Computation.tex
coherence before engagement an architecture for persistent meaning in digital systems	Coherence Before Engagement: An Architecture for Persistent Meaning in Digital Systems	standalone	1	standardgalactic/alphabet/Coherence Before Engagement.tex
collective intelligence under constraint search efficiency horizon collapse and anti cognitive platform design	Collective Intelligence Under Constraint: Search Efficiency, Horizon Collapse, and Anti-Cognitive Platform Design	standalone	2	standardgalactic/research-projects/Collective Intelligence Under Constraint.tex
compression after expansion on skill misattribution and the geometry of work	Compression After Expansion: On Skill, Misattribution, and the Geometry of Work	standalone	1	standardgalactic/alphabet/screenplay/compression_after_expansion.tex
compression abstraction and semantic construction a structural response to the mathematical foundations of intelligence	Compression, Abstraction, and Semantic Construction: A Structural Response to the Mathematical Foundations of Intelligence	standalone	1	standardgalactic/research-projects/epistemology/Semantic-Construction.tex
computation after storage toward an entropic theory of semantic infrastructure	Computation After Storage: Toward an Entropic Theory of Semantic Infrastructure	standalone	1	standardgalactic/spherepop/Computation After Storage.tex
computation as semantic maintenance embodied knowledge structural capability and the laws of development	Computation as Semantic Maintenance: Embodied Knowledge, Structural Capability, and the Laws of Development	standalone	1	standardgalactic/spherepop/Computation as Semantic Maintenance.tex
computing with spherepop a geometric merge collapse calculus	Computing with Spherepop: A Geometric Merge--Collapse Calculus	standalone	1	standardgalactic/spherepop/prototypes/docs/computing-with-spherepop.tex
consistency constraints and the geometry of learned representations	Consistency Constraints and the Geometry of Learned Representations	standalone	2	standardgalactic/alphabet/soup/consistency-constraints.tex
constitutional cybernetics 1em a control theoretic theory of government	Constitutional Cybernetics [1em] A Control-Theoretic Theory of Government	standalone	1	standardgalactic/memory/processing/constitutional-cybernetics.tex
constraint before capability admissibility governance failure and the structure of intelligent processes	Constraint Before Capability: Admissibility, Governance Failure, and the Structure of Intelligent Processes	standalone	1	standardgalactic/antivenom/Constraint Before Capability.tex
constraint before optimization toward a thermodynamics of trust and meaning	Constraint Before Optimization: Toward a Thermodynamics of Trust and Meaning	standalone	1	standardgalactic/library/Constraint Before Optimization.tex
constraint before reference operator semantics reification and symbolic conflict	Constraint Before Reference: Operator Semantics, Reification, and Symbolic Conflict	standalone	1	standardgalactic/alphabet/processing/Constraint Before Reference.tex
constraint closure and entropic decimation toward a unified field theory of computation cognition and cosmology	Constraint Closure and Entropic Decimation: Toward a Unified Field Theory of Computation, Cognition, and Cosmology	standalone	1	standardgalactic/research-projects/paper/entropic-decimation.tex
constraint geometry and semantic dynamics 6pt a unified field theory of hierarchical inference cognitive transformation and alignment	Constraint Geometry and Semantic Dynamics: [6pt] A Unified Field Theory of Hierarchical Inference, Cognitive Transformation, and Alignment	standalone	2	standardgalactic/kitbash/cosmology/constraint_geometry.tex
constraint regimes and the structure of surviving objects on the invariance of selection pressure across censorship feed dynamics and cognitive strategy	Constraint Regimes and the Structure of Surviving Objects On the Invariance of Selection Pressure Across Censorship, Feed Dynamics, and Cognitive Strategy	standalone	4	standardgalactic/library/monograph/constraint_regimes.tex
constraint continuity and cognitive structure a unified framework linking autoregressive minds relativistic field dynamics and the geometry of distinction	Constraint, Continuity, and Cognitive Structure: A Unified Framework Linking Autoregressive Minds, Relativistic Field Dynamics, and the Geometry of Distinction	standalone	1	standardgalactic/alphabet/document/autoregression.tex
constraints without commitment on the limits of algebraic unification in contemporary deep learning	Constraints Without Commitment: On the Limits of Algebraic Unification in Contemporary Deep Learning	standalone	1	standardgalactic/research-projects/Constraints-without-Commitment.tex
containers before contents 0 3em boundary dynamics selective permeability and the mathematics of inside	Containers Before Contents [0.3em] Boundary Dynamics, Selective Permeability, and the Mathematics of Inside	standalone	1	standardgalactic/research-projects/admissibility-lab/processing/containers-before-contents.tex
continuation geometry	Continuation Geometry	standalone	2	standardgalactic/computation/continuation_geometry_monograph.tex
continuation operators a formal model of prompt chains	Continuation Operators: A Formal Model of Prompt Chains	standalone	1	standardgalactic/alphabet/pipeline/continuation_operators.tex
contradiction and continuation 0 3em a constraint theoretic derivation of non classical logic	Contradiction and Continuation: [0.3em] A Constraint-Theoretic Derivation of Non-Classical Logic	standalone	1	standardgalactic/alphabet/soup/book-latex-source/main.tex
copies before originals 0 3em convergence admissibility and the explanatory status of the first instance	Copies Before Originals [0.3em] Convergence, Admissibility, and the Explanatory Status of the First Instance	standalone	1	standardgalactic/research-projects/admissibility-lab/processing/copies-before-originals.tex
correspondents and residents 6pt a mathematical treatise on sampling regimes suspension observability and the obligations of interfaces	Correspondents and Residents [6pt] A Mathematical Treatise on Sampling Regimes, Suspension Observability, and the Obligations of Interfaces	standalone	2	standardgalactic/computation/correspondents_and_residents.tex
cosmological constraints on institutional recursion deriving entropy from rsvp primitives	Cosmological Constraints on Institutional Recursion: Deriving Entropy from RSVP Primitives	standalone	1	standardgalactic/spherepop/processing/adaptive-trust/Adaptive_Trust_Dynamics_Corpus/Cycle1_Diagnosis/essay_1_15.tex
cosmological observables without expansion a scalar vector entropy field theory of redshift luminosity distance and the hubble tension 1em an rsvp and spherepop synthesis	Cosmological Observables Without Expansion: A Scalar--Vector--Entropy Field Theory of Redshift, Luminosity Distance, and the Hubble Tension [1em] An RSVP and Spherepop Synthesis	standalone	4	standardgalactic/kitbash/cosmology/rsvp_cosmology.tex
counterfactual explanation as perceptual control	Counterfactual Explanation as Perceptual Control	standalone	1	standardgalactic/alphabet/Counterfactual Explanation as Perceptual Control.tex
cultural narrative bounds preventing singularity in evolutionary myths	Cultural Narrative Bounds: Preventing Singularity in Evolutionary Myths	standalone	1	standardgalactic/spherepop/processing/adaptive-trust/Adaptive_Trust_Dynamics_Corpus/Cycle2_Renewal/essay_2_20.tex
culture and structural power mute compulsion as a general theory of social reproduction	Culture and Structural Power: Mute Compulsion as a General Theory of Social Reproduction	standalone	1	standardgalactic/antivenom/Culture-and-structural-power.tex
curvature contraction in ethical futarchies a field theoretic approach to moral decision making	Curvature Contraction in Ethical Futarchies: A Field-Theoretic Approach to Moral Decision-Making	standalone	1	standardgalactic/spherepop/processing/adaptive-trust/Adaptive_Trust_Dynamics_Corpus/Cycle1_Diagnosis/essay_1_03.tex
curvature symmetry in social liberation field theoretic dismantling of hierarchies	Curvature Symmetry in Social Liberation: Field-Theoretic Dismantling of Hierarchies	standalone	1	standardgalactic/spherepop/processing/adaptive-trust/Adaptive_Trust_Dynamics_Corpus/Cycle2_Renewal/essay_2_12.tex
dark patterns generative music platforms as predatory cultural infrastructure	Dark Patterns: Generative Music Platforms as Predatory Cultural Infrastructure	standalone	1	standardgalactic/antivenom/Dark Patterns.tex
deep learning solvers as lamphrodynamic flows in rsvp field theory	Deep Learning Solvers as Lamphrodynamic Flows in RSVP Field Theory	standalone	1	standardgalactic/research-projects/recursive-agency/lamphrodynamic-flows.tex
degenerate lattice cores in solar interiors beyond the point mass approximation	Degenerate Lattice Cores in Solar Interiors: Beyond the Point-Mass Approximation	standalone	1	standardgalactic/library/astrophysics/solar-interiors.tex
delta sigma modulators and data converters 6pt a field theoretic approach to quantization noise shaping and information flow	Delta--Sigma Modulators and Data Converters: [6pt] A Field-Theoretic Approach to Quantization, Noise Shaping, and Information Flow	standalone	1	standardgalactic/research-projects/delta-sigma-modulators/main.tex
descent into reality from learning systems to field dynamics	Descent into Reality From Learning Systems to Field Dynamics	standalone	1	standardgalactic/alphabet/framework/descent-into-reality.tex
developer lifecycles and language ecosystem dynamics on github a large scale analysis of a follow network	Developer Lifecycles and Language Ecosystem Dynamics on GitHub: A Large-Scale Analysis of a Follow Network	standalone	2	standardgalactic/research-projects/analysis/github_developer_lifecycles.tex
diagnosis before inference the initial power spectrum as an admissibility certificate in cosmological reconstruction	Diagnosis Before Inference: The Initial Power Spectrum as an Admissibility Certificate in Cosmological Reconstruction	standalone	1	standardgalactic/cosmology/diagnosis-before-inference.tex
diagnostic coordinates and the time of repair a correction to the anti alignment theorem	Diagnostic Coordinates and the Time of Repair: A Correction to the Anti-Alignment Theorem	standalone	2	standardgalactic/computation/diagnostic-coordinates.tex
divided we stand rsvp and the limits of coherence in ai safety	Divided We Stand: RSVP and the Limits of Coherence in AI Safety	standalone	2	standardgalactic/antivenom/essay/monograph.tex
ecphoric synthesis and event historical algebra a formal framework for persistent knowledge memory and meaning	Ecphoric Synthesis and Event-Historical Algebra A Formal Framework for Persistent Knowledge, Memory, and Meaning	standalone	1	standardgalactic/kitbash/Ecphoric Synthesis.tex
energy trust duality in geozotic networks hysteresis in sustainable power sharing	Energy–Trust Duality in Geozotic Networks: Hysteresis in Sustainable Power Sharing	standalone	1	standardgalactic/spherepop/processing/adaptive-trust/Adaptive_Trust_Dynamics_Corpus/Cycle2_Renewal/essay_2_06.tex
entropic paradoxes in big tech critique a formal analysis through the rsvp framework	Entropic Paradoxes in Big Tech Critique: A Formal Analysis Through the RSVP Framework	standalone	4	standardgalactic/kitbash/essay/paper.tex
entropic smoothing and relational geodesics a sheaf functor equivalence between rsvp field dynamics and barbour s configuration space	Entropic Smoothing and Relational Geodesics: A Sheaf--Functor Equivalence between RSVP Field Dynamics and Barbour's Configuration Space	standalone	3	standardgalactic/library/astrophysics/time/entropic-smoothing.tex
entropy budgets in cognitive architectures preventing over recursion in human ai symbiosis	Entropy Budgets in Cognitive Architectures: Preventing Over-Recursion in Human–AI Symbiosis	standalone	1	standardgalactic/spherepop/processing/adaptive-trust/Adaptive_Trust_Dynamics_Corpus/Cycle1_Diagnosis/essay_1_01.tex
entropy fields and civilization a theoretical perspective on rsvp dynamics	Entropy, Fields, and Civilization: A Theoretical Perspective on RSVP Dynamics	standalone	1	standardgalactic/research-projects/theoretical-perspective.tex
entropy limited myths in digital cultures bounded recursion for narrative sustainability	Entropy-Limited Myths in Digital Cultures: Bounded Recursion for Narrative Sustainability	standalone	1	standardgalactic/spherepop/processing/adaptive-trust/Adaptive_Trust_Dynamics_Corpus/Cycle2_Renewal/essay_2_07.tex
entropy regulated permeability in bioforge incubators trust in biotechnological networks	Entropy-Regulated Permeability in Bioforge Incubators: Trust in Biotechnological Networks	standalone	1	standardgalactic/spherepop/processing/adaptive-trust/Adaptive_Trust_Dynamics_Corpus/Cycle1_Diagnosis/essay_1_19.tex
entropy s edge the rsvp wars implementation specification and mathematical supplement	Entropy’s Edge: The RSVP Wars Implementation Specification and Mathematical Supplement	standalone	1	standardgalactic/gamma-waves/prototypes/entropys_edge.tex
ephemeral feeds and the erasure of context memory auditability and the design of algorithmic attention	Ephemeral Feeds and the Erasure of Context: Memory, Auditability, and the Design of Algorithmic Attention	standalone	1	standardgalactic/kitbash/Ephemeral Feeds.tex
erasure in scientific writing 0 3em interpretive drift compression and the search for invariants	Erasure in Scientific Writing [0.3em] Interpretive Drift, Compression, and the Search for Invariants	standalone	1	standardgalactic/research-projects/admissibility-lab/processing/autobiographical-erasure.tex
event historical aggregation map reduce as commitment in spherepop	Event--Historical Aggregation: Map--Reduce as Commitment in Spherepop	standalone	1	standardgalactic/spherepop/Event-historical Aggregation.tex
event nodes and texture nodes extending causal mechanistic interpretability with irreversible structure	Event-Nodes and Texture-Nodes: Extending Causal Mechanistic Interpretability with Irreversible Structure	standalone	1	standardgalactic/research-projects/interpretability/Event-Nodes and Texture-nodes.tex
event nodes texture nodes and causal structure from state intervention to event historical mechanistic explanation	Event-Nodes, Texture-Nodes, and Causal Structure: From State Intervention to Event-Historical Mechanistic Explanation	standalone	1	standardgalactic/research-projects/interpretability/Event-Nodes.tex
everlasting redshift apparent expansion in a relaxing universe	Everlasting Redshift Apparent Expansion in a Relaxing Universe	standalone	1	standardgalactic/kitbash/Everlasting Redshift.tex
everyone as founder colonial roots patriarchy and field theoretic society	Everyone as Founder: Colonial Roots, Patriarchy, and Field-Theoretic Society	standalone	1	standardgalactic/gamma-waves/economics/essay.tex
evolutionary attention dynamics cladistic pathways in adaptive learning networks	Evolutionary Attention Dynamics: Cladistic Pathways in Adaptive Learning Networks	standalone	1	standardgalactic/spherepop/processing/adaptive-trust/Adaptive_Trust_Dynamics_Corpus/Cycle2_Renewal/essay_2_04.tex
evolutionary development in the relativistic scalar vector plenum an entropic field theory of complex systems	Evolutionary Development in the Relativistic Scalar Vector Plenum: An Entropic Field Theory of Complex Systems	standalone	2	standardgalactic/research-projects/history/Evolutionary Development.tex
exaptation under delayed evaluation selection pressure management as a mechanism of creative intelligence	Exaptation Under Delayed Evaluation: Selection-Pressure Management as a Mechanism of Creative Intelligence	standalone	1	standardgalactic/alphabet/processing/Exaptation Under Delayed Evaluation.tex
executive summary affine quantum deformation and the geometry of awareness	Executive Summary: Affine Quantum Deformation and the Geometry of Awareness	standalone	1	standardgalactic/library/physics/affine-quantum-deformation-summary.tex
extending wordless imageless thought modal cognition in the relativistic scalar vector plenum	Extending ``Wordless Imageless Thought'': Modal Cognition in the Relativistic Scalar--Vector Plenum	standalone	1	standardgalactic/alphabet/aphantasia/extending-aphantasia-essay.tex
extrapolated riemannian curvature of semantic manifolds	Extrapolated Riemannian Curvature of Semantic Manifolds	standalone	7	standardgalactic/library/pipeline/monograph.tex
facebook and the structural degradation of social reality advertising attention and civilizational risk	Facebook and the Structural Degradation of Social Reality: Advertising, Attention, and Civilizational Risk	standalone	1	standardgalactic/antivenom/diatribe.tex
field ontologies of the rsvp stack from scalar smoothing to cognitive closure revised	Field Ontologies of the RSVP Stack: From Scalar Smoothing to Cognitive Closure (Revised)	standalone	1	standardgalactic/alphabet/projects/field-ontologies.tex
field theoretic patriarchy colonial roots and radical rsvp solutions	Field-Theoretic Patriarchy: Colonial Roots and Radical RSVP Solutions	standalone	1	standardgalactic/spherepop/processing/adaptive-trust/Adaptive_Trust_Dynamics_Corpus/Cycle1_Diagnosis/essay_1_12.tex
fields on semantic manifolds directional constraints spectral admissibility and random geometric graph structure	Fields on Semantic Manifolds Directional Constraints, Spectral Admissibility, and Random Geometric Graph Structure	standalone	1	standardgalactic/calculus/baseline/preference_fields.tex
fixed point causality 0 35em physics consciousness and computation in the relativistic scalar vector plenum	Fixed--Point Causality [0.35em] Physics, Consciousness, and Computation in the Relativistic Scalar--Vector Plenum	standalone	1	standardgalactic/alphabet/workspace/monograph.tex
fixed point causality physics consciousness and computation in the relativistic scalar vector plenum	Fixed-Point Causality: Physics, Consciousness, and Computation in the Relativistic Scalar–Vector Plenum	standalone	1	standardgalactic/research-projects/fixed-point-causality.tex
flower wars compendium and dramatis personae	Flower Wars Compendium and Dramatis Personae	standalone	1	standardgalactic/alphabet/Flower Wars - Compendium.tex
fractal agency in ecological triads entropy coherence across scales	Fractal Agency in Ecological Triads: Entropy Coherence Across Scales	standalone	1	standardgalactic/spherepop/processing/adaptive-trust/Adaptive_Trust_Dynamics_Corpus/Cycle2_Renewal/essay_2_10.tex
friction as inoculation 4pt null preservation bounded difficulty 2pt and the architecture of cognitive resilience	Friction as Inoculation: [4pt] Null Preservation, Bounded Difficulty, [2pt] and the Architecture of Cognitive Resilience	standalone	2	standardgalactic/antivenom/rhetoric/Friction as Inoculation.tex
from accumulation to closure inference memory and the constraint theoretic turn 0 5em reconstruction composability and the political economy of state	From Accumulation to Closure: Inference, Memory, and the Constraint-Theoretic Turn [0.5em] Reconstruction, Composability, and the Political Economy of State	standalone	1	standardgalactic/TARTAN/accumulation-to-closure.tex
from catharsis to geometric bayesianism rsvp and the demise of the hydraulic model of emotion	From Catharsis to Geometric Bayesianism: RSVP and the Demise of the Hydraulic Model of Emotion	standalone	2	standardgalactic/kitbash/research/psychology/emotions.tex
from gossip to chokepoint capitalism cycles of semantic constraint	From Gossip to Chokepoint Capitalism: Cycles of Semantic Constraint	standalone	1	standardgalactic/kitbash/processing/essay/main.tex
from inspection to intervention causal mechanisms and algorithmic understanding in neural networks	From Inspection to Intervention: Causal Mechanisms and Algorithmic Understanding in Neural Networks	standalone	1	standardgalactic/research-projects/interpretability/From Inspection to Intervention.tex
from irreversible constraint to metric interface dynamics	From Irreversible Constraint to Metric Interface Dynamics	standalone	1	standardgalactic/kitbash/Metric Interface Dynamics.tex
from managed activity to constraint closure 0 5em a selection theoretic replacement for bullshit jobs	From Managed Activity to Constraint Closure [0.5em] A Selection-Theoretic Replacement for Bullshit Jobs	standalone	1	standardgalactic/antivenom/projects/constraint_closure.tex
from minerals to minds irreversibility and the physical origins of intelligence	From Minerals to Minds: Irreversibility and the Physical Origins of Intelligence	standalone	1	standardgalactic/alphabet/From Minerals to Minds.tex
from persuasion to realization 0 5em constraint closure and the geometry of inference	From Persuasion to Realization [0.5em] Constraint Closure and the Geometry of Inference	standalone	1	standardgalactic/TARTAN/persuasion.tex
from rsvp field dynamics to tag multi agent hierarchies	From RSVP Field Dynamics to TAG Multi-Agent Hierarchies	standalone	1	standardgalactic/kitbash/operations/essay-01/monograph.tex
from rsvp fields to mechanistic self aware machines	From RSVP Fields to Mechanistic Self-Aware Machines	standalone	4	standardgalactic/gamma-waves/projects/essay.tex
from sets to parts operational mereology via event sourced semantics	From Sets to Parts: Operational Mereology via Event--Sourced Semantics	standalone	2	standardgalactic/spherepop/Operational-Mereology.tex
from verification to commitment histories repair warrants and admissible continuation in agentic systems	From Verification to Commitment: Histories, Repair Warrants, and Admissible Continuation in Agentic Systems	standalone	1	standardgalactic/library/workspace/from-verification-to-commitment.tex
from wave dynamics to continuation dynamics why neural oscillations may be realizations rather than explanations	From Wave Dynamics to Continuation Dynamics: Why Neural Oscillations May Be Realizations Rather Than Explanations	standalone	1	standardgalactic/research-projects/history/wave_to_continuation_dynamics.tex
generative continuation geometry	Generative Continuation Geometry	standalone	2	standardgalactic/computation/generative_continuation_geometry.tex
geodesics of attention cinema gesture and the perceptual manifold	Geodesics of Attention Cinema, Gesture, and the Perceptual Manifold	standalone	1	standardgalactic/alphabet/manuscripts/geodesics_of_attention_v1.tex
geodesics of attention 4pt cinema gesture and the geometry of perception	Geodesics of Attention [4pt] Cinema, Gesture, and the Geometry of Perception	standalone	4	standardgalactic/alphabet/manuscripts/geodesics_of_attention_v2.tex
geometry from entropy flow renormalization plenum dynamics and the emergence of physical structure	Geometry from Entropy Flow: Renormalization, Plenum Dynamics, and the Emergence of Physical Structure	standalone	1	standardgalactic/calculus/rsvp_v4.tex
geometry of spherepop 0 4em a recursive geometry of coherence in the rsvp framework 0 4em with applications to agi safety trust and the paradox of precaution	Geometry of Spherepop 0.4em A Recursive Geometry of Coherence in the RSVP Framework 0.4em With Applications to AGI Safety, Trust, and the Paradox of Precaution	standalone	2	standardgalactic/spherepop/processing/monograph.tex
gesture before symbol recovering latent structure in keyboard input	Gesture Before Symbol: Recovering Latent Structure in Keyboard Input	standalone	2	standardgalactic/research-projects/Aurora/gesture-before-symbol.tex
glossfero and popo safe repository cartography and a grammar for naming under exception	Glossfero and Popo: Safe Repository Cartography and a Grammar for Naming Under Exception	standalone	1	standardgalactic/antivenom/essay/glossfero-essay.tex
goodhart s law as boundary entropy collapse in spherepop a playcosmic interpretation of metric flattening	Goodhart's Law as Boundary Entropy Collapse in Spherepop: A Playcosmic Interpretation of Metric Flattening	standalone	1	standardgalactic/research-projects/goodhart.tex
hallucination is normal a geometric theory of manifold aligned semantic dynamics	Hallucination Is Normal: A Geometric Theory of Manifold-Aligned Semantic Dynamics	standalone	1	standardgalactic/library/Hallucination is Normal.tex
hidden manifolds 0 5em optimal transport accessibility landscapes and the reconstruction of constraint	Hidden Manifolds [0.5em] Optimal Transport, Accessibility Landscapes, and the Reconstruction of Constraint	standalone	1	standardgalactic/alphabet/manuscripts/hidden_manifolds.tex
hierarchical continuation and the geometry of locomotion	Hierarchical Continuation and the Geometry of Locomotion	standalone	2	standardgalactic/robotics/hierarchical_continuation.tex
history before function 4pt compression as the origin of operators	History Before Function [4pt] Compression as the Origin of Operators	standalone	1	standardgalactic/alphabet/example/history-before-function.tex
history as identity the append only algebra of spherepop	History as Identity: The Append-Only Algebra of Spherepop	standalone	3	standardgalactic/spherepop/History as Identity.tex
history preserving and history erasing operators a theory of information retention in continuation processes	History-Preserving and History-Erasing Operators: A Theory of Information Retention in Continuation Processes	standalone	1	standardgalactic/alphabet/pipeline/history_preserving_erasing.tex
homotopy throttles in knowledge amplification sustainable semantic scaling	Homotopy Throttles in Knowledge Amplification: Sustainable Semantic Scaling	standalone	1	standardgalactic/spherepop/processing/adaptive-trust/Adaptive_Trust_Dynamics_Corpus/Cycle2_Renewal/essay_2_11.tex
homotopy and identity a dynamical foundation for upper level ontology	Homotopy and Identity A Dynamical Foundation for Upper-Level Ontology	standalone	1	standardgalactic/research-projects/Homotopy and Identity.tex
homotopy based governance sheaf consistency in recursive futarchies	Homotopy-Based Governance: Sheaf Consistency in Recursive Futarchies	standalone	1	standardgalactic/spherepop/processing/adaptive-trust/Adaptive_Trust_Dynamics_Corpus/Cycle1_Diagnosis/essay_1_18.tex
how ideas work 6pt a book about rules patterns and discovery	How Ideas Work [6pt] A Book About Rules, Patterns, and Discovery	standalone	1	standardgalactic/syllabus/01_how_ideas_work.tex
hyperpleonastic legibility selector fields recoverable information density and civilizational incompressibility	Hyperpleonastic Legibility: Selector Fields, Recoverable Information Density, and Civilizational Incompressibility	standalone	1	standardgalactic/antivenom/essay/hyperpleonastic-legibility.tex
identity collapse and the platforming of fraud a formal and empirical critique of trust degradation in facebook scale systems	Identity Collapse and the Platforming of Fraud: A Formal and Empirical Critique of Trust Degradation in Facebook-Scale Systems	standalone	1	standardgalactic/standardgalactic.github.io/critique/Identity Collapse.tex
identity as event history 0 4em irreversibility commitment and the ontology of irreversible processes	Identity as Event History [0.4em] Irreversibility, Commitment, and the Ontology of Irreversible Processes	standalone	1	standardgalactic/spherepop/identity_as_event_history.tex
identity as event history a worked introduction to spherepop	Identity as Event History: A Worked Introduction to Spherepop	standalone	1	standardgalactic/spherepop/identity_as_event_history-v1.tex
imageless thought 0 35em a field theoretic interpretation of aphantasia anendophasia and embodied stigmergy within the relativistic scalar vector plenum	Imageless Thought [0.35em] A Field-Theoretic Interpretation of Aphantasia, Anendophasia, and Embodied Stigmergy within the Relativistic Scalar--Vector Plenum	standalone	2	standardgalactic/alphabet/aphantasia-essay.tex
indivisibility and entropy in quantum theory wave functions as compression artifacts of a thermodynamic plenum	Indivisibility and Entropy in Quantum Theory Wave Functions as Compression Artifacts of a Thermodynamic Plenum	standalone	1	standardgalactic/library/Indivisibility-and-entropy.tex
inference as constraint closure a variational spectral and sheaf theoretic framework for reconstruction	Inference as Constraint Closure: A Variational, Spectral, and Sheaf-Theoretic Framework for Reconstruction	standalone	1	standardgalactic/kitbash/thesis/constraint_closure.tex
inflation without expansion	Inflation without Expansion	standalone	1	standardgalactic/alphabet/physics/Inflation without Expansion.tex
information entropy and semantic stability abstraction beyond compression	Information, Entropy, and Semantic Stability: Abstraction Beyond Compression	standalone	1	standardgalactic/research-projects/epistemology/spherepop/Semantic-Stability.tex
institutional cosmology entropy equations for organizational longevity	Institutional Cosmology: Entropy Equations for Organizational Longevity	standalone	1	standardgalactic/spherepop/processing/adaptive-trust/Adaptive_Trust_Dynamics_Corpus/Cycle2_Renewal/essay_2_15.tex
instrumented illegibility epistemic tooling semantic impedance and the design of non didactic interfaces	Instrumented Illegibility: Epistemic Tooling, Semantic Impedance, and the Design of Non-Didactic Interfaces	standalone	1	standardgalactic/research-projects/epistemology/Epistemic-Tooling.tex
intelligence is a trajectory	Intelligence Is a Trajectory	standalone	1	standardgalactic/library/Intelligence Is a Trajectory.tex
intelligence under constraint construction legibility and boundary conditions	Intelligence Under Constraint: Construction, Legibility, and Boundary Conditions	standalone	1	standardgalactic/library/intelligence-under-constraint.tex
intelligence as perspectival convergence	Intelligence as Perspectival Convergence	standalone	1	standardgalactic/research-projects/admissibility-lab/processing/intelligence-as-perspectival-convergence.tex
intelligence as structural compression a theory of mind recognition via effective assembly	Intelligence as Structural Compression: A Theory of Mind Recognition via Effective Assembly	standalone	2	standardgalactic/research-projects/epistemology/intelligence-as-structural-compression.tex
interface analysis stars planet screen	Interface Analysis: Stars! Planet Screen	standalone	1	standardgalactic/cosmology/interface-analysis.tex
interface ecologies motor language process invocation and computational universality	Interface Ecologies: Motor Language, Process Invocation, and Computational Universality	standalone	2	standardgalactic/calculus/interface_ecologies.tex
interface opacity and the suppression of agency dark patterns in contemporary ai interaction	Interface Opacity and the Suppression of Agency: Dark Patterns in Contemporary AI Interaction	standalone	1	standardgalactic/antivenom/Interface-opacity.tex
interpretive temperature in automated narratives yarncrawler for coherent generation	Interpretive Temperature in Automated Narratives: Yarncrawler for Coherent Generation	standalone	1	standardgalactic/spherepop/processing/adaptive-trust/Adaptive_Trust_Dynamics_Corpus/Cycle2_Renewal/essay_2_14.tex
introducción a spherepop un cálculo de historia de eventos	Introducción a Spherepop Un cálculo de historia de eventos	standalone	2	standardgalactic/spherepop/Introducción a Spherepop.tex
irreversibility as architecture physics computation and the limits of transformation	Irreversibility as Architecture: Physics, Computation, and the Limits of Transformation	standalone	1	standardgalactic/research-projects/Irreversibility as Architecture.tex
irreversibility as structure a scalar vector entropy framework for physical law	Irreversibility as Structure: A Scalar--Vector--Entropy Framework for Physical Law	standalone	1	standardgalactic/Centerfuge/framework/Irreversibility as Structure.tex
irreversible dynamics of entropic manifolds	Irreversible Dynamics of Entropic Manifolds	standalone	1	standardgalactic/research-projects/Irreversible-dynamics.tex
irreversible histories as ontological primitives a constraint first foundation for dynamic ontologies	Irreversible Histories as Ontological Primitives: A Constraint-First Foundation for Dynamic Ontologies	standalone	1	standardgalactic/kitbash/irreversible-histories.tex
joint embedding predictive architectures as amortized constraint satisfaction in the relativistic scalar vector plenum	Joint Embedding Predictive Architectures as Amortized Constraint Satisfaction in the Relativistic Scalar--Vector Plenum	standalone	1	standardgalactic/standardgalactic/rsvp-jepa.tex
language is not a lookup table 0 5em on generativity combinatorics and the poverty of phrase based authorship detection	Language Is Not a Lookup Table [0.5em] On Generativity, Combinatorics, and the Poverty of Phrase-Based Authorship Detection	standalone	1	standardgalactic/spherepop/textbook/language_as_generator.tex
language as constraint field grammar repair and admissibility in semantic manifolds	Language as Constraint Field Grammar, Repair, and Admissibility in Semantic Manifolds	standalone	1	standardgalactic/alphabet/research/language_as_constraint_field.tex
local tractability and global dysfunction institutional mediation epistemic efficiency and the rationality of non intervention	Local Tractability and Global Dysfunction Institutional Mediation, Epistemic Efficiency, and the Rationality of Non-Intervention	standalone	1	standardgalactic/research-projects/Local Tractability and Global Dysfunction.tex
lower vertebrates structure constraint and the material basis of form	Lower Vertebrates: Structure, Constraint, and the Material Basis of Form	standalone	1	standardgalactic/library/processing/lower-vertebrates.tex
magnetic fluidic computing 0 3em circulation admissibility and the architecture of trajectory	Magnetic Fluidic Computing [0.3em] Circulation, Admissibility, and the Architecture of Trajectory	standalone	1	standardgalactic/library/computing/magnetic-fluidic-computing.tex
markedness and capability a theory of downward projection	Markedness and Capability: A Theory of Downward Projection	standalone	1	standardgalactic/standardgalactic/epistemology/markedness_capability.tex
master portfolio interdisciplinary projects in physics computation and semantics	Master Portfolio: Interdisciplinary Projects in Physics, Computation, and Semantics	standalone	5	standardgalactic/gamma-waves/monograph/monograph.tex
mathematical proof for the existence of god 0 3em a study in constraint theology	Mathematical Proof for the Existence of God [0.3em] A Study in Constraint Theology	standalone	1	standardgalactic/paracosm/workspace/proof-of-god.tex
mechanistic interpretability as causal reverse engineering	Mechanistic Interpretability as Causal Reverse Engineering	standalone	1	standardgalactic/research-projects/interpretability/Mechanistic Interpretability.tex
memeplexes as collectively autocatalytic sets of theory laden facts with rsvp embedding hypergraph extension and global stability analysis	Memeplexes as Collectively Autocatalytic Sets of Theory-Laden Facts — with RSVP embedding, hypergraph extension, and global stability analysis	standalone	1	standardgalactic/typing-tutor/essay/memeplexes.tex
merger coordinate and legibility why ensemble casts fail to cohere	Merger, Coordinate, and Legibility: Why Ensemble Casts Fail to Cohere	standalone	1	standardgalactic/alphabet/pipeline/merger_coordinate_legibility.tex
merit without mercy functional reduction organizational blindness and the end of human justification	Merit Without Mercy: Functional Reduction, Organizational Blindness, and the End of Human Justification	standalone	1	standardgalactic/library/Merit without Mercy.tex
mesoscale matter as constrained field dynamics 4pt a unified framework for structure transport and function	Mesoscale Matter as Constrained Field Dynamics [4pt] A Unified Framework for Structure, Transport, and Function	standalone	1	standardgalactic/calculus/mesoscale_matter.tex
mind at work detecting agency through assembly and action	Mind at Work: Detecting Agency through Assembly and Action	standalone	8	standardgalactic/alphabet/essay/monograph.tex
modal editing compositional constraint in text interaction	Modal Editing: Compositional Constraint in Text Interaction	standalone	1	peterlodri-sec/vim-philosophy/essays/modal-editing.tex
monetizing uncertainty institutional foreseeability and the political economy of platform fraud	Monetizing Uncertainty: Institutional Foreseeability and the Political Economy of Platform Fraud	standalone	1	standardgalactic/antivenom/Monetizing Uncertainty.tex
monod inspired stochastic revision models for document evolution generative writing dynamics and visualization pipelines	Monod-Inspired Stochastic Revision Models for Document Evolution, Generative Writing Dynamics, and Visualization Pipelines	standalone	1	standardgalactic/research-projects/textmonod-essay/monograph.tex
motor phonology and symbolic reachability keyboards scripts and the generative minimum	Motor Phonology and Symbolic Reachability: Keyboards, Scripts, and the Generative Minimum	standalone	1	standardgalactic/research-projects/admissibility-lab/motor_phonology.tex
multi scale temporal dynamics in agency detection from assembly to forest scale cognition	Multi-Scale Temporal Dynamics in Agency Detection: From Assembly to Forest-Scale Cognition	standalone	1	standardgalactic/spherepop/processing/adaptive-trust/Adaptive_Trust_Dynamics_Corpus/Cycle1_Diagnosis/essay_1_16.tex
narrative coherence in media ecologies operator dynamics for generative stories	Narrative Coherence in Media Ecologies: Operator Dynamics for Generative Stories	standalone	1	standardgalactic/spherepop/processing/adaptive-trust/Adaptive_Trust_Dynamics_Corpus/Cycle2_Renewal/essay_2_13.tex
negation before logic inferential fields orientation reversal and the geometry of admissible inference	Negation Before Logic: Inferential Fields, Orientation Reversal, and the Geometry of Admissible Inference	standalone	1	standardgalactic/spherepop/textbook/negation-before-logic.tex
negative one indexing on intentional regression cognitive safety and the ethics of deletion	Negative One Indexing: On Intentional Regression, Cognitive Safety, and the Ethics of Deletion	standalone	1	standardgalactic/antivenom/Negative One Indexing.tex
negentropic care in ai evolution spectrum thresholds for mutual adaptation	Negentropic Care in AI Evolution: Spectrum Thresholds for Mutual Adaptation	standalone	1	standardgalactic/spherepop/processing/adaptive-trust/Adaptive_Trust_Dynamics_Corpus/Cycle2_Renewal/essay_2_17.tex
negentropic shocks in institutional renewal overcoming hysteresis in bureaucratic systems	Negentropic Shocks in Institutional Renewal: Overcoming Hysteresis in Bureaucratic Systems	standalone	1	standardgalactic/spherepop/processing/adaptive-trust/Adaptive_Trust_Dynamics_Corpus/Cycle2_Renewal/essay_2_01.tex
neural commit semantics and the algebraic structure of language	Neural Commit Semantics and the Algebraic Structure of Language	standalone	2	standardgalactic/alphabet/Neural Commit Semantics.tex
neurogeometric phase alignment amplitwist applications in cognitive interfaces	Neurogeometric Phase Alignment: Amplitwist Applications in Cognitive Interfaces	standalone	1	standardgalactic/spherepop/processing/adaptive-trust/Adaptive_Trust_Dynamics_Corpus/Cycle2_Renewal/essay_2_09.tex
never predict noise manifold aligned prediction as generative inference	Never Predict Noise: Manifold-Aligned Prediction as Generative Inference	standalone	5	standardgalactic/alphabet/Never-Predict-Noise.tex
non markovian generative influence a unified framework for cognition cosmology and spectroscopy	Non-Markovian Generative Influence: A Unified Framework for Cognition, Cosmology, and Spectroscopy	standalone	1	standardgalactic/kitbash/cosmology/generative_memory.tex
normalization without convergence 6pt large language models linguistic entropy and the myth of cognitive homogenization	Normalization Without Convergence: [6pt] Large Language Models, Linguistic Entropy, and the Myth of Cognitive Homogenization	standalone	2	standardgalactic/alphabet/manuscripts/normalization_without_convergence.tex
noumenal attractors 0 6em swedenborg kant and the rsvp field a unified interpretation across cognition ontology generative systems and the metacrisis	Noumenal Attractors [0.6em] Swedenborg, Kant, and the RSVP Field: A Unified Interpretation Across Cognition, Ontology, Generative Systems, and the Metacrisis	standalone	1	standardgalactic/alphabet/screenplay/noumenal-attractors.tex
noun free cognition difficulty abstraction and the mobility of computation	Noun-Free Cognition: Difficulty, Abstraction, and the Mobility of Computation	standalone	1	standardgalactic/research-projects/Noun-Free Cognition.tex
obstruction cohomology and the topology of failure constraint closure across differential recursive and semantic regimes	Obstruction Cohomology and the Topology of Failure Constraint Closure Across Differential, Recursive, and Semantic Regimes	standalone	2	standardgalactic/alphabet/research/obstruction-cohomology.tex
on gaudiness taste as expressive restraint	On Gaudiness Taste as Expressive Restraint	standalone	1	standardgalactic/kitbash/On Gaudiness.tex
on the formation of structural ideas constraint accumulation projection and convergence across domains	On the Formation of Structural Ideas: Constraint Accumulation, Projection, and Convergence Across Domains	standalone	2	standardgalactic/standardgalactic/research/structural_ideas.tex
operator ecology	Operator Ecology	standalone	1	standardgalactic/kitbash/workspace/operator-ecology.tex
operator ecology in generative cinema coherence beyond chokepoints	Operator Ecology in Generative Cinema: Coherence Beyond Chokepoints	standalone	1	standardgalactic/spherepop/processing/adaptive-trust/Adaptive_Trust_Dynamics_Corpus/Cycle1_Diagnosis/essay_1_13.tex
operator ecology linking rsvp simulated agency and semantic infrastructure	Operator Ecology: Linking RSVP, Simulated Agency, and Semantic Infrastructure	standalone	1	standardgalactic/alphabet/manuscripts/operator-ecology/essay.tex
optimization without restraint 0 5em gradient amplification and extractive convergence in digital platform systems	Optimization Without Restraint [0.5em] Gradient Amplification and Extractive Convergence in Digital Platform Systems	standalone	1	standardgalactic/antivenom/Optimization without Restraint.tex
order and obfuscation 0 5em abstraction layering and the architecture of computation	Order and Obfuscation [0.5em] Abstraction, Layering, and the Architecture of Computation	standalone	1	standardgalactic/research-projects/Order and Obfuscation.tex
orthodromic infrastructure blueprint 0 5em a long term architectural specification for civil convergence	Orthodromic Infrastructure Blueprint [0.5em] A Long-Term Architectural Specification for Civil Convergence	standalone	2	standardgalactic/kitbash/geometry-as-computational-infrastructure.tex
ownership without understanding obstruction deskilling and the sheaf theoretic geometry of extraction	Ownership Without Understanding: Obstruction, Deskilling, and the Sheaf-Theoretic Geometry of Extraction	standalone	1	standardgalactic/antivenom/projects/ownership-without-understanding.tex
polyxan rsvp starspace a formal specification for a xanadu rsvp social hyperstructure with multi galaxy semantic dynamics and generative field algorithms	POLYXAN--RSVP STARSPACE A Formal Specification for a Xanadu--RSVP Social Hyperstructure with Multi-Galaxy Semantic Dynamics and Generative Field Algorithms	standalone	1	standardgalactic/research-projects/polyxan-starspace-specification.tex
paperbot parliament a multi agent framework for distinction centered document analysis 0 6em concept formal theory algorithm and first experimental run	Paperbot Parliament: A Multi-Agent Framework for Distinction-Centered Document Analysis [0.6em] Concept, Formal Theory, Algorithm, and First Experimental Run	standalone	2	standardgalactic/kitbash/paperbot/paperbot-parliament.tex
paradox of precaution 0 3em how agi safety could erode human trust 0 3em a thermodynamic theory of mutual corrigibility 0 3em extended version	Paradox of Precaution 0.3em How AGI Safety Could Erode Human Trust 0.3em A Thermodynamic Theory of Mutual Corrigibility 0.3em Extended Version	standalone	1	standardgalactic/kitbash/paradox-of-precaution.tex
parenthetical asides 0 3em nested scope in conversation games stories and music	Parenthetical Asides [0.3em] Nested Scope in Conversation, Games, Stories, and Music	standalone	1	standardgalactic/calculus/processing/parenthetical-asides.tex
parliament on a plenum 0 4em augmenting paperbot parliament with hydra architecture	Parliament on a Plenum [0.4em] Augmenting Paperbot Parliament with HYDRA Architecture	standalone	1	standardgalactic/kitbash/paperbot/parliament_hydra.tex
participation without guarantee a field theoretic critique of upwork as a probabilistic marketplace	Participation Without Guarantee: A Field-Theoretic Critique of Upwork as a Probabilistic Marketplace	standalone	1	standardgalactic/antivenom/economics/participation_without_guarantee.tex
persistence before efficiency a constraint first theory of civilization	Persistence Before Efficiency A Constraint-First Theory of Civilization	standalone	1	standardgalactic/research-projects/Persistence Before Efficiency.tex
persistence without reachability a reading of aniara through the sociology of unreachable futures	Persistence Without Reachability A Reading of Aniara Through the Sociology of Unreachable Futures	standalone	1	standardgalactic/cognition-research/persistence-without-reachability.tex
phase lock collapse in collaborative ai entropy bounds on multi model consensus	Phase-Lock Collapse in Collaborative AI: Entropy Bounds on Multi-Model Consensus	standalone	1	standardgalactic/spherepop/processing/adaptive-trust/Adaptive_Trust_Dynamics_Corpus/Cycle2_Renewal/essay_2_02.tex
physics after spacetime deriving physical law from irreversible entropy flow	Physics After Spacetime Deriving Physical Law from Irreversible Entropy Flow	standalone	1	standardgalactic/research-projects/Physics After Spacetime.tex
planetary autocatalysis hierarchical selection entropy fields and the emergence of complexity	Planetary Autocatalysis: Hierarchical Selection, Entropy Fields, and the Emergence of Complexity	standalone	4	standardgalactic/library/geology/paper.tex
plenumhub polyxan toward a source first publishing substrate	PlenumHub / Polyxan Toward a Source-First Publishing Substrate	standalone	3	standardgalactic/antivenom/resources/plenumhub-polyxan.tex
plenumhub a formal semantic compute substrate for modular knowledge systems	PlenumHub: A Formal Semantic Compute Substrate for Modular Knowledge Systems	standalone	2	standardgalactic/research-projects/plenumhub_repo/paper/PlenumHub.tex
plenumhub typed semantic calculus stage 1	PlenumHub: Typed Semantic Calculus (Stage 1)	standalone	1	standardgalactic/research-projects/paper/typed_calculus.tex
policy alignment via homotopy governance in layered recursions	Policy Alignment via Homotopy: Governance in Layered Recursions	standalone	1	standardgalactic/spherepop/processing/adaptive-trust/Adaptive_Trust_Dynamics_Corpus/Cycle2_Renewal/essay_2_18.tex
polyglot modular computation via sheaf cohomology a monumental categorical treatise with historical computational and epistemic depth	Polyglot Modular Computation via Sheaf Cohomology: A Monumental Categorical Treatise with Historical, Computational, and Epistemic Depth	standalone	2	standardgalactic/Centerfuge/essay/monograph.tex
prediction before interpretation a criterion for field like constructs in complex systems	Prediction Before Interpretation: A Criterion for Field-Like Constructs in Complex Systems	standalone	1	standardgalactic/calculus/experiments/prediction-before-interpretation.tex
prefigurative play as pre compilable affordance spheres in spherepop a playcosmic formalization	Prefigurative Play as Pre-Compilable Affordance Spheres in Spherepop: A Playcosmic Formalization	standalone	1	standardgalactic/research-projects/prefigurative-spherepop.tex
preliminary analysis of developer activity and language ecosystems in a large github follow network	Preliminary Analysis of Developer Activity and Language Ecosystems in a Large GitHub Follow Network	standalone	1	standardgalactic/research-projects/analysis/github_activity-2.tex
presheaf repair in fragmented cognition operator ecology for mental integration	Presheaf Repair in Fragmented Cognition: Operator Ecology for Mental Integration	standalone	1	standardgalactic/spherepop/processing/adaptive-trust/Adaptive_Trust_Dynamics_Corpus/Cycle2_Renewal/essay_2_05.tex
primordial distinctions and cosmological memory galactic spin as persistence under transformation	Primordial Distinctions and Cosmological Memory: Galactic Spin as Persistence Under Transformation	standalone	1	standardgalactic/cognition-research/cosmological-memory.tex
procedural ontology the metaphysics of code generation a relativistic scalar vector plenum rsvp essay	Procedural Ontology: The Metaphysics of Code Generation A Relativistic Scalar--Vector Plenum (RSVP) Essay	standalone	2	standardgalactic/alphabet/example/procedural-ontology.tex
proof of the anti admissibility theorem via composed ritual and cryptographic resistances in spherepop calculus	Proof of the Anti-Admissibility Theorem via Composed Ritual and Cryptographic Resistances in Spherepop Calculus	standalone	1	standardgalactic/research-projects/proof.tex
proxy permanence failure 0 4em carbon governance biodiversity and the collapse of admissibility under nonstationary constraint fields 0 6em a theoretical analysis via the rsvp tartan clio framework	Proxy Permanence Failure [0.4em] Carbon Governance, Biodiversity, and the Collapse of Admissibility Under Nonstationary Constraint Fields [0.6em] A Theoretical Analysis via the RSVP--TARTAN--CLIO Framework	standalone	1	standardgalactic/antivenom/persistence/proxy_permanence_failure.tex
punitive signals in socio symbolic fields a rsvp intervention for governance reform	Punitive Signals in Socio-Symbolic Fields: A RSVP Intervention for Governance Reform	standalone	1	standardgalactic/spherepop/processing/adaptive-trust/Adaptive_Trust_Dynamics_Corpus/Cycle1_Diagnosis/essay_1_08.tex
quantum mechanics from admissible probabilistic composition a reconstruction via unistochastic matrices	Quantum Mechanics from Admissible Probabilistic Composition A Reconstruction via Unistochastic Matrices	standalone	1	standardgalactic/calculus/quantum-mechanics/unistochastic-qm/main.tex
quiet battlefield algorithmic governance and the violence of the mundane	Quiet Battlefield: Algorithmic Governance and the Violence of the Mundane	standalone	1	standardgalactic/antivenom/opinion/quiet_battlefield.tex
rsvp codex the zero day exploits series algebraic geometric categorical and sheaf theoretic essays on the plenum	RSVP Codex: The Zero Day Exploits Series Algebraic, Geometric, Categorical, and Sheaf-Theoretic Essays on the Plenum	standalone	2	standardgalactic/paracosm/preamble.tex
rsvp dynamics scalar vector entropy fields observer holography and the architecture of synthetic cognition 6pt a unified mathematical and philosophical monograph incorporating the rsvp labs 1 40	RSVP Dynamics: Scalar--Vector--Entropy Fields, Observer Holography, and the Architecture of Synthetic Cognition [6pt] A Unified Mathematical and Philosophical Monograph Incorporating the RSVP Labs 1--40	standalone	1	standardgalactic/research-projects/labs/monograph/monograph.tex
rsvp study guide a comprehensive framework for relativistic scalar vector plenum	RSVP Study Guide: A Comprehensive Framework for Relativistic Scalar Vector Plenum	standalone	6	standardgalactic/kitbash/physics/RSVP_Study_Guide (1).tex
rsvp polyxan unified hyperstructure 0 5em a field theoretic categorical computational and verification framework for semantic galaxies	RSVP--POLYXAN UNIFIED HYPERSTRUCTURE: [0.5em] A Field-Theoretic, Categorical, Computational, and Verification Framework for Semantic Galaxies	standalone	1	standardgalactic/research-projects/to_process/main_02.tex
rsvp polyxan a unified field theory of semantic hyperstructures	RSVP--Polyxan: A Unified Field Theory of Semantic Hyperstructures	standalone	2	standardgalactic/research-projects/polyxan-semantic-hyperstructure.tex
radiative switch computation 4pt computation as containment	Radiative Switch Computation [4pt] Computation as Containment	standalone	1	standardgalactic/computation/radiative-switch/radiative_switch_computation.tex
reality is what can be reached reachability identification and the limits of abstraction	Reality Is What Can Be Reached: Reachability, Identification, and the Limits of Abstraction	standalone	1	standardgalactic/research-projects/philosophy/reality_reachability.tex
recency as salience observable distance as a proxy for relational distance	Recency as Salience: Observable Distance as a Proxy for Relational Distance	standalone	1	standardgalactic/research-projects/interpretability/recency-as-salience.tex
recursive agency and the geometry of the relativistic scalar vector plenum a unified field theory of representation semantics and computational life	Recursive Agency and the Geometry of the Relativistic Scalar--Vector Plenum: A Unified Field Theory of Representation, Semantics, and Computational Life	standalone	1	standardgalactic/research-projects/recursive-agency/monograph.tex
recursive amplification in semantic infrastructure throttling for sustainable scaling	Recursive Amplification in Semantic Infrastructure: Throttling for Sustainable Scaling	standalone	1	standardgalactic/spherepop/processing/adaptive-trust/Adaptive_Trust_Dynamics_Corpus/Cycle1_Diagnosis/essay_1_11.tex
redshift and the rsvp stack a unified field ontology for cosmos mind and society	Redshift and the RSVP Stack: A Unified Field Ontology for Cosmos, Mind, and Society	standalone	1	standardgalactic/alphabet/projects/entropic-redshift-slides.tex
reflexive field dynamics a lagrangian theory of mind	Reflexive Field Dynamics: A Lagrangian Theory of Mind	standalone	3	standardgalactic/library/physics/monograph/essay.tex
reflexive field dynamics a lagrangian theory of mind to be assigned upon publication	Reflexive Field Dynamics: A Lagrangian Theory of Mind: To be assigned upon publication	standalone	1	standardgalactic/library/physics/monograph/incomplete.tex
relativistic scalar vector plenum unified encodings across physics cognition and semantic systems	Relativistic Scalar Vector Plenum: Unified Encodings Across Physics, Cognition, and Semantic Systems	standalone	3	standardgalactic/alphabet/framework/unified-encodings.tex
renormalization asymptotic safety and the scalar vector plenum 0 8em a mathematical introduction	Renormalization, Asymptotic Safety, and the Scalar-Vector Plenum [0.8em] A Mathematical Introduction	standalone	2	standardgalactic/kitbash/prereq_textbook.tex
repair categories and the local geometry of continuation	Repair Categories and the Local Geometry of Continuation	standalone	2	standardgalactic/research-projects/history/repair-categories.tex
repair as a fundamental category toward an ontology of restoration	Repair as a Fundamental Category Toward an Ontology of Restoration	standalone	1	standardgalactic/alphabet/research/repair_as_fundamental.tex
repair not reconstruction on the structure of reinforcement learning adaptation in transformers	Repair, Not Reconstruction: On the Structure of Reinforcement-Learning Adaptation in Transformers	standalone	1	standardgalactic/calculus/processing/repair-not-reconstruction.tex
repairing futures 0 6em admissible continuation historical reconstruction and diffusion based physical simulation	Repairing Futures [0.6em] Admissible Continuation, Historical Reconstruction, and Diffusion-Based Physical Simulation	standalone	1	standardgalactic/spherepop/textbook/repairing-futures.tex
replay and invariance toward a structural geometry of semantic systems	Replay and Invariance: Toward a Structural Geometry of Semantic Systems	standalone	1	standardgalactic/research-projects/epistemology/spherepop/Replay-and-Invariance.tex
replayable construction and the computational basis of abstraction	Replayable Construction and the Computational Basis of Abstraction	standalone	1	standardgalactic/research-projects/epistemology/spherepop/Replayable-Construction.tex
replayable memory and the cognitive basis of abstraction	Replayable Memory and the Cognitive Basis of Abstraction	standalone	1	standardgalactic/research-projects/epistemology/spherepop/Replayable-Memory.tex
resonance without a substrate consistency constraints on endogenous memory compression	Resonance Without a Substrate Consistency Constraints on Endogenous Memory Compression	standalone	1	standardgalactic/TARTAN/analysis/resonance-without-a-substrate.tex
restorability boundaries	Restorability Boundaries	standalone	1	standardgalactic/calculus/experiments/restorability-boundaries.tex
restoration before explanation 0 3em why systems can be repaired before they are understood	Restoration Before Explanation [0.3em] Why Systems Can Be Repaired Before They Are Understood	standalone	1	standardgalactic/calculus/processing/restoration-before-explanation.tex
retention before retrieval sparse distinction and the cost of carrying a past	Retention Before Retrieval: Sparse Distinction and the Cost of Carrying a Past	standalone	1	standardgalactic/alphabet/pipeline/retention_before_retrieval.tex
roads not taken encoding ratchets in cinema computation and cosmology	Roads Not Taken: Encoding Ratchets in Cinema, Computation, and Cosmology	standalone	2	standardgalactic/kitbash/cosmology/essay/essay.tex
rotation before number admissibility geometry and the quotient structure of quantum mechanics	Rotation Before Number: Admissibility, Geometry, and the Quotient Structure of Quantum Mechanics	standalone	1	standardgalactic/spherepop/textbook/rotation_admissibility.tex
scalar extraction in platform capitalism a field theoretic economic and algorithmic theory of extractive social networks and their non extractive redesign	Scalar Extraction in Platform Capitalism: A Field-Theoretic, Economic, and Algorithmic Theory of Extractive Social Networks and Their Non-Extractive Redesign	standalone	3	standardgalactic/alphabet/Scalar-Extraction.tex
scope memeplexes the enshittification crisis as an interface war	Scope Memeplexes: The Enshittification Crisis as an Interface War	standalone	1	standardgalactic/standardgalactic/Scope Memeplexes.tex
scope as geometry in time bound systems a history first foundation for computation and meaning	Scope as Geometry in Time-Bound Systems A History-First Foundation for Computation and Meaning	standalone	1	standardgalactic/spherepop/Scope as Geometry.tex
selective retention and the geometry of continuation	Selective Retention and the Geometry of Continuation	standalone	2	standardgalactic/computation/continuation_geometry.tex
self improving systems and media quines 0 3em an admissibility theoretic approach to recursive generation	Self-Improving Systems and Media Quines [0.3em] An Admissibility-Theoretic Approach to Recursive Generation	standalone	1	standardgalactic/calculus/quantum-mechanics/self_improving_media_quines.tex
semantic consistency as a systems invariant replay abstraction and event sourced computation	Semantic Consistency as a Systems Invariant: Replay, Abstraction, and Event-Sourced Computation	standalone	1	standardgalactic/research-projects/epistemology/spherepop/Semantic-Consistency.tex
semantic entropy formalism	Semantic Entropy Formalism	standalone	1	standardgalactic/research-projects/paper/semantic_entropy_formalism.tex
semantic stability as a repair equilibrium threshold attenuation and irreversible collapse in constraint bounded semantic trees	Semantic Stability as a Repair Equilibrium Threshold, Attenuation, and Irreversible Collapse in Constraint-Bounded Semantic Trees	standalone	1	standardgalactic/alphabet/research/semantic_stability.tex
sheaf theoretic coherence in distributed cognition bridging rsvp and operator ecology	Sheaf-Theoretic Coherence in Distributed Cognition: Bridging RSVP and Operator Ecology	standalone	1	standardgalactic/spherepop/processing/adaptive-trust/Adaptive_Trust_Dynamics_Corpus/Cycle1_Diagnosis/essay_1_05.tex
signal correction in punitive socio fields rsvp for restorative justice	Signal Correction in Punitive Socio-Fields: RSVP for Restorative Justice	standalone	1	standardgalactic/spherepop/processing/adaptive-trust/Adaptive_Trust_Dynamics_Corpus/Cycle2_Renewal/essay_2_08.tex
simulated agency as active control a unified framework integrating choice theory perceptual control theory the free energy principle sparse semantic projection and sheaf theoretic coherence	Simulated Agency as Active Control: A Unified Framework Integrating Choice Theory, Perceptual Control Theory, the Free Energy Principle, Sparse Semantic Projection, and Sheaf-Theoretic Coherence	standalone	1	standardgalactic/research-projects/active-inference/monograph.tex
simulation as civic infrastructure preference revelation and the end of narrative coordination	Simulation as Civic Infrastructure Preference Revelation and the End of Narrative Coordination	standalone	1	standardgalactic/library/Simulation as Civic Infrastructure.tex
specification of the distinction first pipeline continuation accretion and externalized memory in a local model essay writing system	Specification of the Distinction-First Pipeline: Continuation, Accretion, and Externalized Memory in a Local-Model Essay-Writing System	standalone	1	standardgalactic/alphabet/pipeline/pipeline_specification.tex
spectacle runtime and the compression of meaning temporal form social media and the reformatting of collective belief 0 5em a study in media ecology epistemic architecture and the formal conditions of semantic depth	Spectacle Runtime and the Compression of Meaning: Temporal Form, Social Media, and the Reformatting of Collective Belief [0.5em] A Study in Media Ecology, Epistemic Architecture, and the Formal Conditions of Semantic Depth	standalone	1	standardgalactic/alphabet/Spectacle Runtime.tex
spectral universality in complex systems random matrices cortical resonance and rsvp dynamics	Spectral Universality in Complex Systems: Random Matrices, Cortical Resonance, and RSVP Dynamics	standalone	1	standardgalactic/library/spectral-universality/spectral-universality.tex
spherepop 0 35em the rsvp field in complex phase space	SpherePop [0.35em] The RSVP Field in Complex Phase Space	standalone	1	standardgalactic/alphabet/aphantasia/quantum-spherepop.tex
spherepop calculus	Spherepop Calculus	standalone	1	standardgalactic/spherepop/monograph/spherepop-calculus.tex
spherepop calculus and amplitwistor computation a geometric thermodynamic foundation for ai	Spherepop Calculus and Amplitwistor Computation: A Geometric--Thermodynamic Foundation for AI	standalone	1	standardgalactic/spherepop/spherepop-foundations.tex
spherepop calculus a formal framework for technological dynamics resistance and prefiguration	Spherepop Calculus: A Formal Framework for Technological Dynamics, Resistance, and Prefiguration	standalone	1	standardgalactic/research-projects/spherepop-calculus.tex
spherepop calculus internalizing probability concurrency and geometry	Spherepop Calculus: Internalizing Probability, Concurrency, and Geometry	standalone	2	standardgalactic/spherepop/essay/spherepop_calculus.tex
spherepop os a deterministic semantic operating system formal specification and architectural rationale	Spherepop OS: A Deterministic Semantic Operating System\ Formal Specification and Architectural Rationale	standalone	1	standardgalactic/spherepop/Spherepop-OS.tex
spherepop os deterministic semantic computation below language	Spherepop OS: Deterministic Semantic Computation Below Language	standalone	1	standardgalactic/research-projects/epistemology/Spherepop-OS-alternate.tex
spherepop trajectory collapse a first person game for visualizing semantic uncertainty	Spherepop Trajectory Collapse: A First-Person Game for Visualizing Semantic Uncertainty	standalone	1	standardgalactic/spherepop/Spherepop Trajectory Collapse.tex
spherepop in haskell core and parallel variants	Spherepop in Haskell: Core and Parallel Variants	standalone	1	standardgalactic/spherepop/prototypes/docs/spherepop-haskell-tutorial.tex
spherepop in python usage and development notes	Spherepop in Python: Usage and Development Notes	standalone	1	standardgalactic/spherepop/prototypes/docs/spherepop-python-tutorial.tex
spherepop in racket a short tutorial	Spherepop in Racket: A Short Tutorial	standalone	1	standardgalactic/spherepop/prototypes/docs/spherepop-racket-tutorial.tex
spherepop a language for geometric computation unified rigorous specification	Spherepop: A Language for Geometric Computation Unified Rigorous Specification	standalone	1	standardgalactic/spherepop/processing/essay.tex
spherepop a language for geometric computation unified specification	Spherepop: A Language for Geometric Computation Unified Specification	standalone	2	standardgalactic/spherepop/Spherepop_Specifications.tex
states without histories latent reasoning as admissibility field traversal	States Without Histories: Latent Reasoning as Admissibility-Field Traversal	standalone	1	standardgalactic/alphabet/roadmap/states_without_histories.tex
stochastic revision models for document evolution generative writing dynamics and visualization pipelines	Stochastic Revision Models for Document Evolution, Generative Writing Dynamics, and Visualization Pipelines	standalone	1	standardgalactic/research-projects/textmonod-essay/stochastic-revision-models.tex
strategic refusal intelligence after goodhart	Strategic Refusal: Intelligence After Goodhart	standalone	1	standardgalactic/research-projects/epistemology/Strategic-Refusal.tex
structural honesty the preservation of recoverable warrant across transformations	Structural Honesty: The Preservation of Recoverable Warrant Across Transformations	standalone	1	standardgalactic/antivenom/essay/structural-honesty.tex
structural semantics	Structural Semantics	standalone	1	standardgalactic/kitbash/philosophy/structural-semantics.tex
structural thinking 6pt a history of computation and the geometry of ideas	Structural Thinking [6pt] A History of Computation and the Geometry of Ideas	standalone	1	standardgalactic/syllabus/03_structural_thinking.tex
structured irreversibility discrete rewriting and coherence realization	Structured Irreversibility Discrete Rewriting and Coherence Realization	standalone	3	standardgalactic/spherepop/Structured Irreversibility.tex
substrate independent thinking hypothesis sith life meaning and the autocatalytic closure of information	Substrate Independent Thinking Hypothesis (SITH): Life, Meaning, and the Autocatalytic Closure of Information	standalone	4	standardgalactic/alphabet/SITH Theory.tex
sufficient conditions for anti admissibility via composed ritual and cryptographic resistances in spherepop pop regimes	Sufficient Conditions for Anti-Admissibility via Composed Ritual and Cryptographic Resistances in Spherepop Pop Regimes	standalone	1	standardgalactic/research-projects/anti-admissibility.tex
surprise minimization solomonoff induction and expected free energy a formal analysis with curvature dynamics variational flow and minimal complexity niches	Surprise Minimization, Solomonoff Induction, and Expected Free Energy: A Formal Analysis with Curvature Dynamics, Variational Flow, and Minimal-Complexity Niches	standalone	1	standardgalactic/antivenom/active-inference/surprise-minimization.tex
tartan trajectory aware recursive tiling with annotated noise 0 5em a sheaf variational architecture for world state reconstruction and ontological adaptation	TARTAN: Trajectory-Aware Recursive Tiling with Annotated Noise [0.5em] A Sheaf--Variational Architecture for World-State Reconstruction and Ontological Adaptation	standalone	1	standardgalactic/TARTAN/tartan.tex
tacit knowledge as cryptographic boundary entropy in spherepop a playcosmic formalization of polanyi	Tacit Knowledge as Cryptographic Boundary Entropy in Spherepop: A Playcosmic Formalization of Polanyi	standalone	1	standardgalactic/research-projects/polanyi-spherepop.tex
temporal synchronization in multi agent agency clio operators for detection	Temporal Synchronization in Multi-Agent Agency: CLIO Operators for Detection	standalone	1	standardgalactic/spherepop/processing/adaptive-trust/Adaptive_Trust_Dynamics_Corpus/Cycle2_Renewal/essay_2_16.tex
tensorial ethics in recursive markets curvature metrics for fair futarchy	Tensorial Ethics in Recursive Markets: Curvature Metrics for Fair Futarchy	standalone	1	standardgalactic/spherepop/processing/adaptive-trust/Adaptive_Trust_Dynamics_Corpus/Cycle2_Renewal/essay_2_03.tex
terminal and traversal dependent texts a theory of what reading actually costs	Terminal and Traversal-Dependent Texts A Theory of What Reading Actually Costs	standalone	1	standardgalactic/research-projects/history/terminal-and-traversal.tex
text as substrate on semantic compression and the emergence of a universal representational medium	Text as Substrate: On Semantic Compression and the Emergence of a Universal Representational Medium	standalone	4	standardgalactic/library/text_as_substrate.tex
the admissibility crisis 0 4em on the collapse of future option space	The Admissibility Crisis [0.4em] On the Collapse of Future Option Space	standalone	1	standardgalactic/alphabet/document/admissibility_crisis.tex
the admissibility log 0 5em resolution commitment and the geometry of action	The Admissibility Log [0.5em] Resolution, Commitment, and the Geometry of Action	standalone	1	standardgalactic/research-projects/paper/admissibility-log.tex
the age of artificial coordination optimization entropy and the collapse of conserved meaning	The Age of Artificial Coordination Optimization, Entropy, and the Collapse of Conserved Meaning	standalone	1	standardgalactic/antivenom/Artificial Coordination.tex
the architecture of ideas 6pt constraints abstraction and the structure of thinking	The Architecture of Ideas [6pt] Constraints, Abstraction, and the Structure of Thinking	standalone	1	standardgalactic/syllabus/02_architecture_of_ideas.tex
the assumption of surplus startup culture advertising economies and the boundary conditions of growth	The Assumption of Surplus: Startup Culture, Advertising Economies, and the Boundary Conditions of Growth	standalone	1	standardgalactic/antivenom/The Assumption of Surplus.tex
the autonomy of refusal constraint residue and the geometry of persistence	The Autonomy of Refusal Constraint, Residue, and the Geometry of Persistence	standalone	2	standardgalactic/research-projects/textbook/autonomy-of-refusal.tex
the autonomy of refusal abstraction agency and the limits of scalable intelligence	The Autonomy of Refusal: Abstraction, Agency, and the Limits of Scalable Intelligence	standalone	1	standardgalactic/spherepop/the-autonomy-of-refusal.tex
the care domestication spectrum thresholds in ai human evolutionary creativity	The Care–Domestication Spectrum: Thresholds in AI-Human Evolutionary Creativity	standalone	1	standardgalactic/spherepop/processing/adaptive-trust/Adaptive_Trust_Dynamics_Corpus/Cycle1_Diagnosis/essay_1_17.tex
the categorical structure of alignment 0 4em representation motivation and the preservation of normative invariants	The Categorical Structure of Alignment [0.4em] Representation, Motivation, and the Preservation of Normative Invariants	standalone	1	standardgalactic/research-projects/categorical-structure-of-alignment.tex
the cognitive action reinforcement as field	The Cognitive Action: Reinforcement as Field	standalone	1	standardgalactic/alphabet/manuscripts/cognitive-action/essay.tex
the commodification of categories platform economics and the collapse of epistemic gatekeeping	The Commodification of Categories Platform Economics and the Collapse of Epistemic Gatekeeping	standalone	1	standardgalactic/antivenom/The Commodification of Categories.tex
the compression fallacy 0 3em why shorter is not the same as better understood	The Compression Fallacy [0.3em] Why Shorter Is Not the Same as Better Understood	standalone	1	standardgalactic/calculus/processing/compression-fallacy.tex
the compression of expertise	The Compression of Expertise	standalone	1	standardgalactic/alphabet/example/compression-of-expertise.tex
the continuation geometry of circuits	The Continuation Geometry of Circuits	standalone	2	standardgalactic/robotics/continuation_geometry_of_circuits.tex
the coordinate system error misdiagnosis in the theories of attention efficiency and technological progress	The Coordinate-System Error: Misdiagnosis in the Theories of Attention, Efficiency, and Technological Progress	standalone	3	standardgalactic/alphabet/attention-essay.tex
the coordination engine civilization as an error correcting system	The Coordination Engine: Civilization as an Error-Correcting System	standalone	3	standardgalactic/library/processing/The Coordination Engine.tex
the deliberate collapse of cognitive multiplicity event history architectural constraint and the economics of memory	The Deliberate Collapse of Cognitive Multiplicity: Event-History, Architectural Constraint, and the Economics of Memory	standalone	1	standardgalactic/antivenom/event-history.tex
the dynamics of learning excess capacity interpolation and cognitive structure	The Dynamics of Learning: Excess Capacity, Interpolation, and Cognitive Structure	standalone	1	standardgalactic/alphabet/research/dynamics-of-learning.tex
the ecology of constraints 4pt feasibility and diversity in constraint populations	The Ecology of Constraints [4pt] Feasibility and Diversity in Constraint Populations	standalone	1	standardgalactic/alphabet/example/ecology-of-constraints.tex
the eight letter keyboard motor compression finger identity and hierarchical symbolic access	The Eight-Letter Keyboard: Motor Compression, Finger Identity, and Hierarchical Symbolic Access	standalone	1	standardgalactic/research-projects/admissibility-lab/eight_letter_keyboard.tex
the ergonomics of prediction gesture ergodicity and the cost of micro friction in trace based keyboards	The Ergonomics of Prediction: Gesture, Ergodicity, and the Cost of Micro-Friction in Trace-Based Keyboards	standalone	2	standardgalactic/research-projects/The Ergonomics of Prediction.tex
the failure of project xanadu	The Failure of Project Xanadu	standalone	1	standardgalactic/kitbash/The Failure of Project Xanadu.tex
the fall of space entropic relaxation and structure without expansion in a scalar vector plenum	The Fall of Space: Entropic Relaxation and Structure Without Expansion in a Scalar-Vector Plenum	standalone	7	standardgalactic/kitbash/research/math/entropic-gravity.tex
the forkability of time	The Forkability of Time	standalone	1	standardgalactic/spherepop/The Forkability of Time.tex
the genius of silence ludwig wittgenstein and the discipline of clarity	The Genius of Silence Ludwig Wittgenstein and the Discipline of Clarity	standalone	1	standardgalactic/alphabet/The Genius of Silence.tex
the geometry of boredom 4pt compression progress and the conditions of sustained attention	The Geometry of Boredom [4pt] Compression Progress and the Conditions of Sustained Attention	standalone	1	standardgalactic/alphabet/example/geometry-of-boredom.tex
the geometry of constraints 0 6em adversarial representations fibrational semantics and the dependency architecture of formal systems	The Geometry of Constraints [0.6em] Adversarial Representations, Fibrational Semantics, and the Dependency Architecture of Formal Systems	standalone	2	standardgalactic/alphabet/manuscripts/geometry_of_constraints.tex
the geometry of control 0 5em admissibility reachability and projection collapse in prisoners of power	The Geometry of Control [0.5em] Admissibility, Reachability, and Projection Collapse in Prisoners of Power	standalone	1	standardgalactic/kitbash/paperbot/geometry-of-control.tex
the geometry of outrage a field theoretic analysis of the attention economy	The Geometry of Outrage: A Field-Theoretic Analysis of the Attention Economy	standalone	1	standardgalactic/gamma-waves/The Geometry of Outrage.tex
the geometry of recognition	The Geometry of Recognition	standalone	1	standardgalactic/alphabet/cognition-research/essay/monograph.tex
the geometry of rewiring ecological networks admissible trajectories and the conservation of transformability	The Geometry of Rewiring: Ecological Networks, Admissible Trajectories, and the Conservation of Transformability	standalone	1	standardgalactic/alphabet/ecology/geometry_of_rewiring.tex
the historical screenplay as spherepop program executable history semantic collapse and three notions of narrative truth	The Historical Screenplay as Spherepop Program Executable History, Semantic Collapse, and Three Notions of Narrative Truth	standalone	1	standardgalactic/alphabet/research/screenplay_as_program.tex
the history of spherepop from language games to universal computation	The History of Spherepop: From Language Games to Universal Computation	standalone	1	standardgalactic/spherepop/history/The History of Spherepop.tex
the hollow network 0 5em synthetic sociality metric misalignment and the politics of legibility in algorithmically mediated environments	The Hollow Network [0.5em] Synthetic Sociality, Metric Misalignment, and the Politics of Legibility in Algorithmically Mediated Environments	standalone	1	standardgalactic/antivenom/resources/synthetic_sociality.tex
the hostile interface advertising saturation and the collapse of the social information environment	The Hostile Interface: Advertising Saturation and the Collapse of the Social Information Environment	standalone	1	standardgalactic/antivenom/The Hostile Interface.tex
the joy of spherepop an event history calculus for a finite world	The Joy of Spherepop: An Event--History Calculus for a Finite World	standalone	2	standardgalactic/spherepop/Joy-of-Spherepop.tex
the ladder and the artifact publication as projection	The Ladder and the Artifact: Publication as Projection	standalone	1	standardgalactic/alphabet/pipeline/publication_as_projection.tex
the limits of interpretability	The Limits of Interpretability	standalone	1	standardgalactic/research-projects/interpretability/The Limits of Interpretability.tex
the logic of redundancy	The Logic of Redundancy	standalone	1	standardgalactic/library/The Logic of Redundancy.tex
the mereological space ontology glyphs scales and the observer in a layered part whole universe	The Mereological Space Ontology: Glyphs, Scales, and the Observer in a Layered Part--Whole Universe	standalone	1	standardgalactic/userspace/essay.tex
the monetization of redundancy tokenization and the enclosure of computation	The Monetization of Redundancy: Tokenization and the Enclosure of Computation	standalone	2	standardgalactic/antivenom/Monetization-of-Redundancy.tex
the moon should not be a computer	The Moon Should Not Be a Computer	standalone	2	standardgalactic/computation/moon-not-computer.tex
the mortality of computation a structural theory of displacement	The Mortality of Computation: A Structural Theory of Displacement	standalone	1	standardgalactic/alphabet/The Mortality of Computation.tex
the myth of dual cognition automaticity attention and the misreading of system 1	The Myth of Dual Cognition Automaticity, Attention, and the Misreading of System~1	standalone	1	standardgalactic/library/The Myth of Dual Cognition.tex
the noise tax entropy responsibility and the economics of coherence	The Noise Tax: Entropy, Responsibility, and the Economics of Coherence	standalone	1	standardgalactic/kitbash/controversial-topics/background/monograph.tex
the ontology of self organizing forms a unified variational field theory of structure and identity	The Ontology of Self-Organizing Forms: A Unified Variational Field Theory of Structure and Identity	standalone	1	standardgalactic/arabic-flashcards/monograph.tex
the paradox of permeability trust hysteresis in geozotic power systems	The Paradox of Permeability: Trust Hysteresis in Geozotic Power Systems	standalone	1	standardgalactic/spherepop/processing/adaptive-trust/Adaptive_Trust_Dynamics_Corpus/Cycle1_Diagnosis/essay_1_06.tex
the physics of understanding fixed point causality cognitive resource theory and the thermodynamics of learning	The Physics of Understanding: Fixed-Point Causality, Cognitive Resource Theory, and the Thermodynamics of Learning	standalone	1	standardgalactic/alphabet/workspace/essay.tex
the playcosm meets the technological society privilege gates as pop regimes and prefigurative affordances as anti admissible spheres	The Playcosm Meets the Technological Society: Privilege Gates as Pop Regimes and Prefigurative Affordances as Anti-Admissible Spheres	standalone	1	standardgalactic/research-projects/spherepop-derivation.tex
the polemic debt critical momentum and the cognitive economics of refutation	The Polemic Debt Critical Momentum and the Cognitive Economics of Refutation	standalone	1	standardgalactic/antivenom/The Polemic Debt.tex
the power to choose the counterfactual effective demand intersubjectivity collapse and the architecture of global deprivation	The Power to Choose the Counterfactual: Effective Demand, Intersubjectivity Collapse, and the Architecture of Global Deprivation	standalone	1	standardgalactic/antivenom/essay/counterfactual.tex
the rsvp treatise semantic infrastructure and modular computation in an entropy respecting universe	The RSVP Treatise: Semantic Infrastructure and Modular Computation in an Entropy-Respecting Universe	standalone	9	standardgalactic/gamma-waves/essay/processing/essay.tex
the rsvp polyxan universe a unified theory of meaning curvature and verification	The RSVP--Polyxan Universe: A Unified Theory of Meaning, Curvature, and Verification	standalone	1	standardgalactic/research-projects/to_process/main.tex
the recursive singularity in cultural evolution bounded narratives for long term coherence	The Recursive Singularity in Cultural Evolution: Bounded Narratives for Long-Term Coherence	standalone	1	standardgalactic/spherepop/processing/adaptive-trust/Adaptive_Trust_Dynamics_Corpus/Cycle1_Diagnosis/essay_1_20.tex
the semantic singularity when recursive interpretation exceeds dissipative capacity	The Semantic Singularity: When Recursive Interpretation Exceeds Dissipative Capacity	standalone	1	standardgalactic/spherepop/processing/adaptive-trust/Adaptive_Trust_Dynamics_Corpus/Cycle1_Diagnosis/essay_1_02.tex
the semantic state memnet institutional routing and the governance of meaning	The Semantic State: MEMNET, Institutional Routing, and the Governance of Meaning	standalone	2	8b-is/8b-public-documents/semantic_state.tex
the stack capture race	The Stack Capture Race	standalone	1	standardgalactic/library/The Stack Capture Race.tex
the stone piano hypothesis neanderthal lithophones and the acoustic interpretation of the bruniquel cave structures	The Stone Piano Hypothesis: Neanderthal Lithophones and the Acoustic Interpretation of the Bruniquel Cave Structures	standalone	1	standardgalactic/calculus/stone_piano.tex
the termite neuron forest triad marginalized intelligences in ecological agency	The Termite–Neuron–Forest Triad: Marginalized Intelligences in Ecological Agency	standalone	1	standardgalactic/spherepop/processing/adaptive-trust/Adaptive_Trust_Dynamics_Corpus/Cycle1_Diagnosis/essay_1_10.tex
the thermodynamics of knowledge ecosystems 0 5em entropy freedom and the ethics of repair	The Thermodynamics of Knowledge Ecosystems 0.5em Entropy, Freedom, and the Ethics of Repair	standalone	1	standardgalactic/kitbash/essay/knowledge-ecosystems.tex
the threshold of deferral 4pt a crossover theorem for maintenance and repair	The Threshold of Deferral [4pt] A Crossover Theorem for Maintenance and Repair	standalone	1	standardgalactic/alphabet/example/threshold-of-deferral.tex
the useless work problem in blockchain economies thermodynamics semantic structure and cognitive control	The Useless Work Problem in Blockchain Economies: Thermodynamics, Semantic Structure, and Cognitive Control	standalone	1	standardgalactic/antivenom/monograph/blockchain-critique.tex
thermodynamic reachability geometric bayesianism with sparse heuristics in dynamically constrained systems	Thermodynamic Reachability Geometric Bayesianism with Sparse Heuristics in Dynamically Constrained Systems	standalone	1	standardgalactic/library/Thermodynamic-Reachability.tex
thinking in vim 0 3em a structural reference to modal editing	Thinking in Vim [0.3em] A Structural Reference to Modal Editing	standalone	1	peterlodri-sec/vim-philosophy/essays/thinking-in-vim/main.tex
three smoothing mechanisms in early cosmology inflaton geometric and lamphrodyne relaxation	Three Smoothing Mechanisms in Early Cosmology: Inflaton, Geometric, and Lamphrodyne Relaxation	standalone	1	standardgalactic/alphabet/cosmology/three_smoothing_mechanisms.tex
throwing the game refusal event driven cognition and the survival of value beyond autoregressive intelligence	Throwing the Game: Refusal, Event-Driven Cognition, and the Survival of Value Beyond Autoregressive Intelligence	standalone	2	standardgalactic/spherepop/Throwing-the-game.tex
time as irreversible constraint accumulation an event based interpretation of proper time entropy and dissipative structure	Time as Irreversible Constraint Accumulation: An Event-Based Interpretation of Proper Time, Entropy, and Dissipative Structure	standalone	3	standardgalactic/kitbash/physics/constraint-accumulation.tex
topology of intention 0 4em process based identity and the geometric binding of the self	Topology of Intention [0.4em] Process-Based Identity and the Geometric Binding of the Self	standalone	7	standardgalactic/alphabet/research/topology_of_intention.tex
toward scalable alignment a theory of invariant objectives under optimization and scale	Toward Scalable Alignment: A Theory of Invariant Objectives Under Optimization and Scale	standalone	2	standardgalactic/alphabet/economics/scalable-alignment-01.tex
toward scalable alignment a theory of invariant objectives under optimization and scale 5pt a revolutionary formalism for true ai alignment	Toward Scalable Alignment: A Theory of Invariant Objectives Under Optimization and Scale [5pt] (A Revolutionary Formalism for True AI Alignment)	standalone	1	standardgalactic/alphabet/economics/scalable-alignment.tex
toward a distributed industrial cloud 0 5em peer to peer infrastructure for material production storage and compute	Toward a Distributed Industrial Cloud [0.5em] Peer-to-Peer Infrastructure for Material Production, Storage, and Compute	standalone	1	standardgalactic/alphabet/processing/distributed_industrial_cloud.tex
trajectory and residue 0 5em how work becomes what continues to hold	Trajectory and Residue [0.5em] How Work Becomes What Continues to Hold	standalone	5	standardgalactic/antivenom/projects/constraint_closure-1.tex
transformation before representation a compositional operator basis for cognition gesture and narrative	Transformation Before Representation: A Compositional Operator Basis for Cognition, Gesture, and Narrative	standalone	1	standardgalactic/kitbash/Transformation Before Representation.tex
trigonometry and transformation	Trigonometry and Transformation	standalone	1	standardgalactic/calculus/experiments/trig-textbook/main.tex
trust dynamics exhibit hysteresis 0 5em implications for ai governance and institutional design	Trust Dynamics Exhibit Hysteresis [0.5em] Implications for AI Governance and Institutional Design	standalone	1	standardgalactic/spherepop/processing/adaptive-trust/monograph.tex
trust dynamics complete corpus 0 5em first cycle essays 1 20 renewal sequence essays 1 20	Trust Dynamics: Complete Corpus [0.5em] First Cycle (Essays 1--20) $$ Renewal Sequence (Essays 1--20)	standalone	1	standardgalactic/spherepop/processing/adaptive-trust/corpus.tex
trust optimization in biotech ecosystems sith for entropy regulated innovation	Trust Optimization in Biotech Ecosystems: SITH for Entropy-Regulated Innovation	standalone	1	standardgalactic/spherepop/processing/adaptive-trust/Adaptive_Trust_Dynamics_Corpus/Cycle2_Renewal/essay_2_19.tex
two channel causal mediation regime structure and resilience in mechanistic and knowledge networks	Two-Channel Causal Mediation, Regime Structure, and Resilience in Mechanistic and Knowledge Networks	standalone	1	standardgalactic/research-projects/interpretability/Two-Channel Causal Mediation.tex
types as refusal structures toward a calculus of constructions in spherepop	Types as Refusal Structures Toward a Calculus of Constructions in Spherepop	standalone	1	standardgalactic/spherepop/textbook/refusal-structures.tex
unfinishable games real time structure as a distinct mechanism of extraction	Unfinishable Games: Real-Time Structure as a Distinct Mechanism of Extraction	standalone	1	standardgalactic/antivenom/monograph/unfinishable-games.tex
variational curvature predictive geometry and the maintenance of agency	Variational Curvature, Predictive Geometry, and the Maintenance of Agency	standalone	1	standardgalactic/antivenom/active-inference/variational-curvature.tex
velocity austerity field dynamics and the endogenous regulation of transformation	Velocity: Austerity, Field Dynamics, and the Endogenous Regulation of Transformation	standalone	1	standardgalactic/antivenom/boundaries/escape_velocity.tex
verification inheritance under transformation robust commitments claim correspondence and epistemic validity in mathematical documents	Verification Inheritance Under Transformation Robust Commitments, Claim Correspondence, and Epistemic Validity in Mathematical Documents	standalone	2	8b-is/claimshift/verification-inheritance-transformation.tex
verification and proof manual for the rsvp polyxan architecture	Verification and Proof Manual for the RSVP--Polyxan Architecture	standalone	1	standardgalactic/research-projects/proof-specification.tex
viewpoint diversity cultural constructs and the architecture of mind	Viewpoint Diversity: Cultural Constructs and the Architecture of Mind	standalone	1	standardgalactic/library/system/viewpoint-diversity.tex
visions and boundaries swedenborg kant and the modern crisis of mind	Visions and Boundaries: Swedenborg, Kant, and the Modern Crisis of Mind	standalone	1	standardgalactic/alphabet/screenplay/visions-and-boundaries.tex
what collapse should forget a retention calculus for spherepop	What Collapse Should Forget: A Retention Calculus for Spherepop	standalone	2	standardgalactic/computation/collapse_retention.tex
what survives reconstruction 0 4em admissibility irreversibility and the architecture of externalized structure	What Survives Reconstruction [0.4em] Admissibility, Irreversibility, and the Architecture of Externalized Structure	standalone	1	standardgalactic/alphabet/pipeline/what-survives-reconstruction.tex
when engagement stops pointing goodhart s law and the collapse of social discovery	When Engagement Stops Pointing: Goodhart’s Law and the Collapse of Social Discovery	standalone	1	standardgalactic/antivenom/When Engagement Stops Pointing.tex
when noise becomes structure microbiomes projection failure and the recovery of ecological organization	When Noise Becomes Structure: Microbiomes, Projection Failure, and the Recovery of Ecological Organization	standalone	1	standardgalactic/alphabet/research/noise-becomes-structure.tex
world models structural constraints and deterministic histories a unified critique of autoregressive intelligence	World Models, Structural Constraints, and Deterministic Histories: A Unified Critique of Autoregressive Intelligence	standalone	1	standardgalactic/antivenom/world-models.tex
worldline selection under constraint equilibrium pruning in an event historical framework	Worldline Selection Under Constraint: Equilibrium Pruning in an Event-Historical Framework	standalone	1	standardgalactic/library/Worldline Selection Under Constraint.tex
xylomorphic computation and thermodynamic infrastructure	Xylomorphic Computation and Thermodynamic Infrastructure	standalone	1	standardgalactic/abraxas/projects/article.tex
xylomorphic computation thermodynamic closure as a stability condition for large scale computational infrastructure	Xylomorphic Computation: Thermodynamic Closure as a Stability Condition for Large-Scale Computational Infrastructure	standalone	1	standardgalactic/computation/xylomorphic_computation.tex
yarncrawler dynamics semantic recursion in essay generation pipelines	Yarncrawler Dynamics: Semantic Recursion in Essay Generation Pipelines	standalone	1	standardgalactic/spherepop/processing/adaptive-trust/Adaptive_Trust_Dynamics_Corpus/Cycle1_Diagnosis/essay_1_14.tex
as field dynamics 0 4em the rsvp interpretation of the free energy principle	as Field Dynamics: [0.4em] The RSVP Interpretation of the Free Energy Principle	standalone	1	standardgalactic/library/field-dynamics-essay.tex
